09:46:10.481 [main] INFO  n.e.journalApp.JournalApplication - Starting JournalApplication using Java 17.0.17 with PID 12264 (E:\flutter_windows_3.19.4-stable\journalApp\target\classes started by Yash in E:\flutter_windows_3.19.4-stable\journalApp)
09:46:10.526 [main] INFO  n.e.journalApp.JournalApplication - The following 1 profile is active: "dev"
09:46:14.063 [main] INFO  o.s.d.r.c.RepositoryConfigurationDelegate - Multiple Spring Data modules found, entering strict repository configuration mode
09:46:14.066 [main] INFO  o.s.d.r.c.RepositoryConfigurationDelegate - Bootstrapping Spring Data MongoDB repositories in DEFAULT mode.
09:46:14.753 [main] INFO  o.s.d.r.c.RepositoryConfigurationDelegate - Finished Spring Data repository scanning in 675 ms. Found 3 MongoDB repository interfaces.
09:46:14.867 [main] INFO  o.s.d.r.c.RepositoryConfigurationDelegate - Multiple Spring Data modules found, entering strict repository configuration mode
09:46:14.870 [main] INFO  o.s.d.r.c.RepositoryConfigurationDelegate - Bootstrapping Spring Data Redis repositories in DEFAULT mode.
09:46:14.924 [main] INFO  o.s.d.r.c.RepositoryConfigurationExtensionSupport - Spring Data Redis - Could not safely identify store assignment for repository candidate interface net.engineeringdigest.journalApp.repository.ConfigJournalAppRepository; If you want this repository to be a Redis repository, consider annotating your entities with one of these annotations: org.springframework.data.redis.core.RedisHash (preferred), or consider extending one of the following types with your repository: org.springframework.data.keyvalue.repository.KeyValueRepository
09:46:14.925 [main] INFO  o.s.d.r.c.RepositoryConfigurationExtensionSupport - Spring Data Redis - Could not safely identify store assignment for repository candidate interface net.engineeringdigest.journalApp.repository.JournalEntryRepository; If you want this repository to be a Redis repository, consider annotating your entities with one of these annotations: org.springframework.data.redis.core.RedisHash (preferred), or consider extending one of the following types with your repository: org.springframework.data.keyvalue.repository.KeyValueRepository
09:46:14.926 [main] INFO  o.s.d.r.c.RepositoryConfigurationExtensionSupport - Spring Data Redis - Could not safely identify store assignment for repository candidate interface net.engineeringdigest.journalApp.repository.UserRepository; If you want this repository to be a Redis repository, consider annotating your entities with one of these annotations: org.springframework.data.redis.core.RedisHash (preferred), or consider extending one of the following types with your repository: org.springframework.data.keyvalue.repository.KeyValueRepository
09:46:14.928 [main] INFO  o.s.d.r.c.RepositoryConfigurationDelegate - Finished Spring Data repository scanning in 24 ms. Found 0 Redis repository interfaces.
09:46:17.264 [main] INFO  o.s.b.w.e.tomcat.TomcatWebServer - Tomcat initialized with port 8080 (http)
09:46:17.291 [main] INFO  o.a.coyote.http11.Http11NioProtocol - Initializing ProtocolHandler ["http-nio-8080"]
09:46:17.299 [main] INFO  o.a.catalina.core.StandardService - Starting service [Tomcat]
09:46:17.300 [main] INFO  o.a.catalina.core.StandardEngine - Starting Servlet engine: [Apache Tomcat/10.1.30]
09:46:17.770 [main] INFO  o.a.c.c.C.[Tomcat].[localhost].[/] - Initializing Spring embedded WebApplicationContext
09:46:17.771 [main] INFO  o.s.b.w.s.c.ServletWebServerApplicationContext - Root WebApplicationContext: initialization completed in 6928 ms
09:46:18.801 [cluster-ClusterId{value='69759912be6def3eb030f2fe', description='Cluster0'}-srv-cluster0.ofgdpxv.mongodb.net] INFO  org.mongodb.driver.cluster - Adding discovered server ac-l6uagqo-shard-00-02.ofgdpxv.mongodb.net:27017 to client view of cluster
09:46:18.846 [main] INFO  org.mongodb.driver.client - MongoClient with metadata {"application": {"name": "Cluster0"}, "driver": {"name": "mongo-java-driver|sync|spring-boot", "version": "5.0.1"}, "os": {"type": "Windows", "name": "Windows 10", "architecture": "amd64", "version": "10.0"}, "platform": "Java/Microsoft/17.0.17+10-LTS"} created with settings MongoClientSettings{readPreference=primary, writeConcern=WriteConcern{w=null, wTimeout=null ms, journal=null}, retryWrites=true, retryReads=true, readConcern=ReadConcern{level=null}, credential=MongoCredential{mechanism=null, userName='yashu17052000', source='admin', password=<hidden>, mechanismProperties=<hidden>}, transportSettings=null, commandListeners=[], codecRegistry=ProvidersCodecRegistry{codecProviders=[ValueCodecProvider{}, BsonValueCodecProvider{}, DBRefCodecProvider{}, DBObjectCodecProvider{}, DocumentCodecProvider{}, CollectionCodecProvider{}, IterableCodecProvider{}, MapCodecProvider{}, GeoJsonCodecProvider{}, GridFSFileCodecProvider{}, Jsr310CodecProvider{}, JsonObjectCodecProvider{}, BsonCodecProvider{}, EnumCodecProvider{}, com.mongodb.client.model.mql.ExpressionCodecProvider@7841bd30, com.mongodb.Jep395RecordCodecProvider@45c80312, com.mongodb.KotlinCodecProvider@7bd38fed]}, loggerSettings=LoggerSettings{maxDocumentLength=1000}, clusterSettings={hosts=[127.0.0.1:27017], srvHost=cluster0.ofgdpxv.mongodb.net, srvServiceName=mongodb, mode=MULTIPLE, requiredClusterType=REPLICA_SET, requiredReplicaSetName='atlas-nbt1cq-shard-0', serverSelector='null', clusterListeners='[]', serverSelectionTimeout='30000 ms', localThreshold='15 ms'}, socketSettings=SocketSettings{connectTimeoutMS=10000, readTimeoutMS=0, receiveBufferSize=0, proxySettings=ProxySettings{host=null, port=null, username=null, password=null}}, heartbeatSocketSettings=SocketSettings{connectTimeoutMS=10000, readTimeoutMS=10000, receiveBufferSize=0, proxySettings=ProxySettings{host=null, port=null, username=null, password=null}}, connectionPoolSettings=ConnectionPoolSettings{maxSize=100, minSize=0, maxWaitTimeMS=120000, maxConnectionLifeTimeMS=0, maxConnectionIdleTimeMS=0, maintenanceInitialDelayMS=0, maintenanceFrequencyMS=60000, connectionPoolListeners=[], maxConnecting=2}, serverSettings=ServerSettings{heartbeatFrequencyMS=10000, minHeartbeatFrequencyMS=500, serverListeners='[]', serverMonitorListeners='[]'}, sslSettings=SslSettings{enabled=true, invalidHostNameAllowed=false, context=null}, applicationName='Cluster0', compressorList=[], uuidRepresentation=JAVA_LEGACY, serverApi=null, autoEncryptionSettings=null, dnsClient=null, inetAddressResolver=null, contextProvider=null}
09:46:18.878 [cluster-ClusterId{value='69759912be6def3eb030f2fe', description='Cluster0'}-srv-cluster0.ofgdpxv.mongodb.net] INFO  org.mongodb.driver.cluster - Adding discovered server ac-l6uagqo-shard-00-01.ofgdpxv.mongodb.net:27017 to client view of cluster
09:46:18.896 [cluster-ClusterId{value='69759912be6def3eb030f2fe', description='Cluster0'}-srv-cluster0.ofgdpxv.mongodb.net] INFO  org.mongodb.driver.cluster - Adding discovered server ac-l6uagqo-shard-00-00.ofgdpxv.mongodb.net:27017 to client view of cluster
09:46:22.481 [cluster-ClusterId{value='69759912be6def3eb030f2fe', description='Cluster0'}-ac-l6uagqo-shard-00-02.ofgdpxv.mongodb.net:27017] INFO  org.mongodb.driver.cluster - Monitor thread successfully connected to server with description ServerDescription{address=ac-l6uagqo-shard-00-02.ofgdpxv.mongodb.net:27017, type=REPLICA_SET_SECONDARY, state=CONNECTED, ok=true, minWireVersion=0, maxWireVersion=25, maxDocumentSize=16777216, logicalSessionTimeoutMinutes=30, roundTripTimeNanos=1325352600, setName='atlas-nbt1cq-shard-0', canonicalAddress=ac-l6uagqo-shard-00-02.ofgdpxv.mongodb.net:27017, hosts=[ac-l6uagqo-shard-00-02.ofgdpxv.mongodb.net:27017, ac-l6uagqo-shard-00-01.ofgdpxv.mongodb.net:27017, ac-l6uagqo-shard-00-00.ofgdpxv.mongodb.net:27017], passives=[], arbiters=[], primary='ac-l6uagqo-shard-00-01.ofgdpxv.mongodb.net:27017', tagSet=TagSet{[Tag{name='availabilityZone', value='aps1-az2'}, Tag{name='diskState', value='READY'}, Tag{name='nodeType', value='ELECTABLE'}, Tag{name='provider', value='AWS'}, Tag{name='region', value='AP_SOUTH_1'}, Tag{name='workloadType', value='OPERATIONAL'}]}, electionId=null, setVersion=25, topologyVersion=TopologyVersion{processId=697249fc870135aae8859e2b, counter=3}, lastWriteDate=Sun Jan 25 09:46:21 IST 2026, lastUpdateTimeNanos=913172905465600}
09:46:22.482 [cluster-ClusterId{value='69759912be6def3eb030f2fe', description='Cluster0'}-ac-l6uagqo-shard-00-00.ofgdpxv.mongodb.net:27017] INFO  org.mongodb.driver.cluster - Monitor thread successfully connected to server with description ServerDescription{address=ac-l6uagqo-shard-00-00.ofgdpxv.mongodb.net:27017, type=REPLICA_SET_SECONDARY, state=CONNECTED, ok=true, minWireVersion=0, maxWireVersion=25, maxDocumentSize=16777216, logicalSessionTimeoutMinutes=30, roundTripTimeNanos=1325391000, setName='atlas-nbt1cq-shard-0', canonicalAddress=ac-l6uagqo-shard-00-00.ofgdpxv.mongodb.net:27017, hosts=[ac-l6uagqo-shard-00-02.ofgdpxv.mongodb.net:27017, ac-l6uagqo-shard-00-01.ofgdpxv.mongodb.net:27017, ac-l6uagqo-shard-00-00.ofgdpxv.mongodb.net:27017], passives=[], arbiters=[], primary='ac-l6uagqo-shard-00-01.ofgdpxv.mongodb.net:27017', tagSet=TagSet{[Tag{name='availabilityZone', value='aps1-az1'}, Tag{name='diskState', value='READY'}, Tag{name='nodeType', value='ELECTABLE'}, Tag{name='provider', value='AWS'}, Tag{name='region', value='AP_SOUTH_1'}, Tag{name='workloadType', value='OPERATIONAL'}]}, electionId=null, setVersion=25, topologyVersion=TopologyVersion{processId=69724970171d573d39dfaf2c, counter=4}, lastWriteDate=Sun Jan 25 09:46:21 IST 2026, lastUpdateTimeNanos=913172905465700}
09:46:22.483 [cluster-ClusterId{value='69759912be6def3eb030f2fe', description='Cluster0'}-ac-l6uagqo-shard-00-01.ofgdpxv.mongodb.net:27017] INFO  org.mongodb.driver.cluster - Monitor thread successfully connected to server with description ServerDescription{address=ac-l6uagqo-shard-00-01.ofgdpxv.mongodb.net:27017, type=REPLICA_SET_PRIMARY, state=CONNECTED, ok=true, minWireVersion=0, maxWireVersion=25, maxDocumentSize=16777216, logicalSessionTimeoutMinutes=30, roundTripTimeNanos=1330540300, setName='atlas-nbt1cq-shard-0', canonicalAddress=ac-l6uagqo-shard-00-01.ofgdpxv.mongodb.net:27017, hosts=[ac-l6uagqo-shard-00-02.ofgdpxv.mongodb.net:27017, ac-l6uagqo-shard-00-01.ofgdpxv.mongodb.net:27017, ac-l6uagqo-shard-00-00.ofgdpxv.mongodb.net:27017], passives=[], arbiters=[], primary='ac-l6uagqo-shard-00-01.ofgdpxv.mongodb.net:27017', tagSet=TagSet{[Tag{name='availabilityZone', value='aps1-az3'}, Tag{name='diskState', value='READY'}, Tag{name='nodeType', value='ELECTABLE'}, Tag{name='provider', value='AWS'}, Tag{name='region', value='AP_SOUTH_1'}, Tag{name='workloadType', value='OPERATIONAL'}]}, electionId=7fffffff0000000000000044, setVersion=25, topologyVersion=TopologyVersion{processId=697249b6ae5dd124968fcbef, counter=6}, lastWriteDate=Sun Jan 25 09:46:21 IST 2026, lastUpdateTimeNanos=913172910661100}
09:46:22.491 [cluster-ClusterId{value='69759912be6def3eb030f2fe', description='Cluster0'}-ac-l6uagqo-shard-00-01.ofgdpxv.mongodb.net:27017] INFO  org.mongodb.driver.cluster - Discovered replica set primary ac-l6uagqo-shard-00-01.ofgdpxv.mongodb.net:27017 with max election id 7fffffff0000000000000044 and max set version 25
09:46:30.159 [main] WARN  o.s.s.c.a.a.c.InitializeUserDetailsBeanManagerConfigurer$InitializeUserDetailsManagerConfigurer - Global AuthenticationManager configured with an AuthenticationProvider bean. UserDetailsService beans will not be used for username/password login. Consider removing the AuthenticationProvider bean. Alternatively, consider using the UserDetailsService in a manually instantiated DaoAuthenticationProvider.
09:46:41.063 [main] INFO  o.a.coyote.http11.Http11NioProtocol - Starting ProtocolHandler ["http-nio-8080"]
09:46:41.608 [main] INFO  o.s.b.w.e.tomcat.TomcatWebServer - Tomcat started on port 8080 (http) with context path '/'
09:46:42.734 [main] INFO  n.e.journalApp.JournalApplication - Started JournalApplication in 33.056 seconds (process running for 45.857)
10:50:23.949 [cluster-ClusterId{value='69759912be6def3eb030f2fe', description='Cluster0'}-ac-l6uagqo-shard-00-00.ofgdpxv.mongodb.net:27017] INFO  org.mongodb.driver.cluster - Exception in monitor thread while connecting to server ac-l6uagqo-shard-00-00.ofgdpxv.mongodb.net:27017
com.mongodb.MongoSocketReadException: Exception receiving message
	at com.mongodb.internal.connection.InternalStreamConnection.translateReadException(InternalStreamConnection.java:707)
	at com.mongodb.internal.connection.InternalStreamConnection.receiveMessageWithAdditionalTimeout(InternalStreamConnection.java:583)
	at com.mongodb.internal.connection.InternalStreamConnection.receiveCommandMessageResponse(InternalStreamConnection.java:428)
	at com.mongodb.internal.connection.InternalStreamConnection.receive(InternalStreamConnection.java:381)
	at com.mongodb.internal.connection.DefaultServerMonitor$ServerMonitorRunnable.lookupServerDescription(DefaultServerMonitor.java:221)
	at com.mongodb.internal.connection.DefaultServerMonitor$ServerMonitorRunnable.run(DefaultServerMonitor.java:153)
	at java.base/java.lang.Thread.run(Thread.java:840)
Caused by: java.net.SocketException: Connection reset
	at java.base/sun.nio.ch.NioSocketImpl.implRead(NioSocketImpl.java:328)
	at java.base/sun.nio.ch.NioSocketImpl.read(NioSocketImpl.java:355)
	at java.base/sun.nio.ch.NioSocketImpl$1.read(NioSocketImpl.java:808)
	at java.base/java.net.Socket$SocketInputStream.read(Socket.java:966)
	at java.base/sun.security.ssl.SSLSocketInputRecord.read(SSLSocketInputRecord.java:484)
	at java.base/sun.security.ssl.SSLSocketInputRecord.readHeader(SSLSocketInputRecord.java:478)
	at java.base/sun.security.ssl.SSLSocketInputRecord.bytesInCompletePacket(SSLSocketInputRecord.java:70)
	at java.base/sun.security.ssl.SSLSocketImpl.readApplicationRecord(SSLSocketImpl.java:1465)
	at java.base/sun.security.ssl.SSLSocketImpl$AppInputStream.read(SSLSocketImpl.java:1069)
	at com.mongodb.internal.connection.SocketStream.read(SocketStream.java:176)
	at com.mongodb.internal.connection.SocketStream.read(SocketStream.java:196)
	at com.mongodb.internal.connection.InternalStreamConnection.receiveResponseBuffers(InternalStreamConnection.java:716)
	at com.mongodb.internal.connection.InternalStreamConnection.receiveMessageWithAdditionalTimeout(InternalStreamConnection.java:580)
	... 5 common frames omitted
10:50:24.263 [cluster-ClusterId{value='69759912be6def3eb030f2fe', description='Cluster0'}-ac-l6uagqo-shard-00-00.ofgdpxv.mongodb.net:27017] INFO  org.mongodb.driver.cluster - Monitor thread successfully connected to server with description ServerDescription{address=ac-l6uagqo-shard-00-00.ofgdpxv.mongodb.net:27017, type=REPLICA_SET_SECONDARY, state=CONNECTED, ok=true, minWireVersion=0, maxWireVersion=25, maxDocumentSize=16777216, logicalSessionTimeoutMinutes=30, roundTripTimeNanos=169417200, setName='atlas-nbt1cq-shard-0', canonicalAddress=ac-l6uagqo-shard-00-00.ofgdpxv.mongodb.net:27017, hosts=[ac-l6uagqo-shard-00-02.ofgdpxv.mongodb.net:27017, ac-l6uagqo-shard-00-01.ofgdpxv.mongodb.net:27017, ac-l6uagqo-shard-00-00.ofgdpxv.mongodb.net:27017], passives=[], arbiters=[], primary='ac-l6uagqo-shard-00-01.ofgdpxv.mongodb.net:27017', tagSet=TagSet{[Tag{name='availabilityZone', value='aps1-az1'}, Tag{name='diskState', value='READY'}, Tag{name='nodeType', value='ELECTABLE'}, Tag{name='provider', value='AWS'}, Tag{name='region', value='AP_SOUTH_1'}, Tag{name='workloadType', value='OPERATIONAL'}]}, electionId=null, setVersion=25, topologyVersion=TopologyVersion{processId=69724970171d573d39dfaf2c, counter=4}, lastWriteDate=Sun Jan 25 10:50:23 IST 2026, lastUpdateTimeNanos=917014787064000}
10:50:31.843 [cluster-ClusterId{value='69759912be6def3eb030f2fe', description='Cluster0'}-ac-l6uagqo-shard-00-02.ofgdpxv.mongodb.net:27017] INFO  org.mongodb.driver.cluster - Exception in monitor thread while connecting to server ac-l6uagqo-shard-00-02.ofgdpxv.mongodb.net:27017
com.mongodb.MongoSocketReadException: Exception receiving message
	at com.mongodb.internal.connection.InternalStreamConnection.translateReadException(InternalStreamConnection.java:707)
	at com.mongodb.internal.connection.InternalStreamConnection.receiveMessageWithAdditionalTimeout(InternalStreamConnection.java:583)
	at com.mongodb.internal.connection.InternalStreamConnection.receiveCommandMessageResponse(InternalStreamConnection.java:428)
	at com.mongodb.internal.connection.InternalStreamConnection.receive(InternalStreamConnection.java:381)
	at com.mongodb.internal.connection.DefaultServerMonitor$ServerMonitorRunnable.lookupServerDescription(DefaultServerMonitor.java:221)
	at com.mongodb.internal.connection.DefaultServerMonitor$ServerMonitorRunnable.run(DefaultServerMonitor.java:153)
	at java.base/java.lang.Thread.run(Thread.java:840)
Caused by: java.net.SocketException: Connection reset
	at java.base/sun.nio.ch.NioSocketImpl.implRead(NioSocketImpl.java:328)
	at java.base/sun.nio.ch.NioSocketImpl.read(NioSocketImpl.java:355)
	at java.base/sun.nio.ch.NioSocketImpl$1.read(NioSocketImpl.java:808)
	at java.base/java.net.Socket$SocketInputStream.read(Socket.java:966)
	at java.base/sun.security.ssl.SSLSocketInputRecord.read(SSLSocketInputRecord.java:484)
	at java.base/sun.security.ssl.SSLSocketInputRecord.readHeader(SSLSocketInputRecord.java:478)
	at java.base/sun.security.ssl.SSLSocketInputRecord.bytesInCompletePacket(SSLSocketInputRecord.java:70)
	at java.base/sun.security.ssl.SSLSocketImpl.readApplicationRecord(SSLSocketImpl.java:1465)
	at java.base/sun.security.ssl.SSLSocketImpl$AppInputStream.read(SSLSocketImpl.java:1069)
	at com.mongodb.internal.connection.SocketStream.read(SocketStream.java:176)
	at com.mongodb.internal.connection.SocketStream.read(SocketStream.java:196)
	at com.mongodb.internal.connection.InternalStreamConnection.receiveResponseBuffers(InternalStreamConnection.java:716)
	at com.mongodb.internal.connection.InternalStreamConnection.receiveMessageWithAdditionalTimeout(InternalStreamConnection.java:580)
	... 5 common frames omitted
10:50:31.843 [cluster-ClusterId{value='69759912be6def3eb030f2fe', description='Cluster0'}-ac-l6uagqo-shard-00-01.ofgdpxv.mongodb.net:27017] INFO  org.mongodb.driver.cluster - Exception in monitor thread while connecting to server ac-l6uagqo-shard-00-01.ofgdpxv.mongodb.net:27017
com.mongodb.MongoSocketReadException: Exception receiving message
	at com.mongodb.internal.connection.InternalStreamConnection.translateReadException(InternalStreamConnection.java:707)
	at com.mongodb.internal.connection.InternalStreamConnection.receiveMessageWithAdditionalTimeout(InternalStreamConnection.java:583)
	at com.mongodb.internal.connection.InternalStreamConnection.receiveCommandMessageResponse(InternalStreamConnection.java:428)
	at com.mongodb.internal.connection.InternalStreamConnection.receive(InternalStreamConnection.java:381)
	at com.mongodb.internal.connection.DefaultServerMonitor$ServerMonitorRunnable.lookupServerDescription(DefaultServerMonitor.java:221)
	at com.mongodb.internal.connection.DefaultServerMonitor$ServerMonitorRunnable.run(DefaultServerMonitor.java:153)
	at java.base/java.lang.Thread.run(Thread.java:840)
Caused by: java.net.SocketException: Connection reset
	at java.base/sun.nio.ch.NioSocketImpl.implRead(NioSocketImpl.java:328)
	at java.base/sun.nio.ch.NioSocketImpl.read(NioSocketImpl.java:355)
	at java.base/sun.nio.ch.NioSocketImpl$1.read(NioSocketImpl.java:808)
	at java.base/java.net.Socket$SocketInputStream.read(Socket.java:966)
	at java.base/sun.security.ssl.SSLSocketInputRecord.read(SSLSocketInputRecord.java:484)
	at java.base/sun.security.ssl.SSLSocketInputRecord.readHeader(SSLSocketInputRecord.java:478)
	at java.base/sun.security.ssl.SSLSocketInputRecord.bytesInCompletePacket(SSLSocketInputRecord.java:70)
	at java.base/sun.security.ssl.SSLSocketImpl.readApplicationRecord(SSLSocketImpl.java:1465)
	at java.base/sun.security.ssl.SSLSocketImpl$AppInputStream.read(SSLSocketImpl.java:1069)
	at com.mongodb.internal.connection.SocketStream.read(SocketStream.java:176)
	at com.mongodb.internal.connection.SocketStream.read(SocketStream.java:196)
	at com.mongodb.internal.connection.InternalStreamConnection.receiveResponseBuffers(InternalStreamConnection.java:716)
	at com.mongodb.internal.connection.InternalStreamConnection.receiveMessageWithAdditionalTimeout(InternalStreamConnection.java:580)
	... 5 common frames omitted
10:50:31.993 [cluster-ClusterId{value='69759912be6def3eb030f2fe', description='Cluster0'}-ac-l6uagqo-shard-00-01.ofgdpxv.mongodb.net:27017] INFO  org.mongodb.driver.cluster - Monitor thread successfully connected to server with description ServerDescription{address=ac-l6uagqo-shard-00-01.ofgdpxv.mongodb.net:27017, type=REPLICA_SET_PRIMARY, state=CONNECTED, ok=true, minWireVersion=0, maxWireVersion=25, maxDocumentSize=16777216, logicalSessionTimeoutMinutes=30, roundTripTimeNanos=82404700, setName='atlas-nbt1cq-shard-0', canonicalAddress=ac-l6uagqo-shard-00-01.ofgdpxv.mongodb.net:27017, hosts=[ac-l6uagqo-shard-00-02.ofgdpxv.mongodb.net:27017, ac-l6uagqo-shard-00-01.ofgdpxv.mongodb.net:27017, ac-l6uagqo-shard-00-00.ofgdpxv.mongodb.net:27017], passives=[], arbiters=[], primary='ac-l6uagqo-shard-00-01.ofgdpxv.mongodb.net:27017', tagSet=TagSet{[Tag{name='availabilityZone', value='aps1-az3'}, Tag{name='diskState', value='READY'}, Tag{name='nodeType', value='ELECTABLE'}, Tag{name='provider', value='AWS'}, Tag{name='region', value='AP_SOUTH_1'}, Tag{name='workloadType', value='OPERATIONAL'}]}, electionId=7fffffff0000000000000044, setVersion=25, topologyVersion=TopologyVersion{processId=697249b6ae5dd124968fcbef, counter=6}, lastWriteDate=Sun Jan 25 10:50:30 IST 2026, lastUpdateTimeNanos=917022517631900}
10:50:31.993 [cluster-ClusterId{value='69759912be6def3eb030f2fe', description='Cluster0'}-ac-l6uagqo-shard-00-02.ofgdpxv.mongodb.net:27017] INFO  org.mongodb.driver.cluster - Monitor thread successfully connected to server with description ServerDescription{address=ac-l6uagqo-shard-00-02.ofgdpxv.mongodb.net:27017, type=REPLICA_SET_SECONDARY, state=CONNECTED, ok=true, minWireVersion=0, maxWireVersion=25, maxDocumentSize=16777216, logicalSessionTimeoutMinutes=30, roundTripTimeNanos=90822500, setName='atlas-nbt1cq-shard-0', canonicalAddress=ac-l6uagqo-shard-00-02.ofgdpxv.mongodb.net:27017, hosts=[ac-l6uagqo-shard-00-02.ofgdpxv.mongodb.net:27017, ac-l6uagqo-shard-00-01.ofgdpxv.mongodb.net:27017, ac-l6uagqo-shard-00-00.ofgdpxv.mongodb.net:27017], passives=[], arbiters=[], primary='ac-l6uagqo-shard-00-01.ofgdpxv.mongodb.net:27017', tagSet=TagSet{[Tag{name='availabilityZone', value='aps1-az2'}, Tag{name='diskState', value='READY'}, Tag{name='nodeType', value='ELECTABLE'}, Tag{name='provider', value='AWS'}, Tag{name='region', value='AP_SOUTH_1'}, Tag{name='workloadType', value='OPERATIONAL'}]}, electionId=null, setVersion=25, topologyVersion=TopologyVersion{processId=697249fc870135aae8859e2b, counter=3}, lastWriteDate=Sun Jan 25 10:50:30 IST 2026, lastUpdateTimeNanos=917022517624600}
10:50:31.993 [cluster-ClusterId{value='69759912be6def3eb030f2fe', description='Cluster0'}-ac-l6uagqo-shard-00-01.ofgdpxv.mongodb.net:27017] INFO  org.mongodb.driver.cluster - Discovered replica set primary ac-l6uagqo-shard-00-01.ofgdpxv.mongodb.net:27017 with max election id 7fffffff0000000000000044 and max set version 25
10:53:51.616 [main] INFO  n.e.journalApp.JournalApplication - Starting JournalApplication using Java 17.0.17 with PID 9164 (E:\flutter_windows_3.19.4-stable\journalApp\target\classes started by Yash in E:\flutter_windows_3.19.4-stable\journalApp)
10:53:51.626 [main] INFO  n.e.journalApp.JournalApplication - The following 1 profile is active: "dev"
10:53:53.915 [main] INFO  o.s.d.r.c.RepositoryConfigurationDelegate - Multiple Spring Data modules found, entering strict repository configuration mode
10:53:53.918 [main] INFO  o.s.d.r.c.RepositoryConfigurationDelegate - Bootstrapping Spring Data MongoDB repositories in DEFAULT mode.
10:53:54.292 [main] INFO  o.s.d.r.c.RepositoryConfigurationDelegate - Finished Spring Data repository scanning in 362 ms. Found 3 MongoDB repository interfaces.
10:53:54.338 [main] INFO  o.s.d.r.c.RepositoryConfigurationDelegate - Multiple Spring Data modules found, entering strict repository configuration mode
10:53:54.343 [main] INFO  o.s.d.r.c.RepositoryConfigurationDelegate - Bootstrapping Spring Data Redis repositories in DEFAULT mode.
10:53:54.384 [main] INFO  o.s.d.r.c.RepositoryConfigurationExtensionSupport - Spring Data Redis - Could not safely identify store assignment for repository candidate interface net.engineeringdigest.journalApp.repository.ConfigJournalAppRepository; If you want this repository to be a Redis repository, consider annotating your entities with one of these annotations: org.springframework.data.redis.core.RedisHash (preferred), or consider extending one of the following types with your repository: org.springframework.data.keyvalue.repository.KeyValueRepository
10:53:54.384 [main] INFO  o.s.d.r.c.RepositoryConfigurationExtensionSupport - Spring Data Redis - Could not safely identify store assignment for repository candidate interface net.engineeringdigest.journalApp.repository.JournalEntryRepository; If you want this repository to be a Redis repository, consider annotating your entities with one of these annotations: org.springframework.data.redis.core.RedisHash (preferred), or consider extending one of the following types with your repository: org.springframework.data.keyvalue.repository.KeyValueRepository
10:53:54.384 [main] INFO  o.s.d.r.c.RepositoryConfigurationExtensionSupport - Spring Data Redis - Could not safely identify store assignment for repository candidate interface net.engineeringdigest.journalApp.repository.UserRepository; If you want this repository to be a Redis repository, consider annotating your entities with one of these annotations: org.springframework.data.redis.core.RedisHash (preferred), or consider extending one of the following types with your repository: org.springframework.data.keyvalue.repository.KeyValueRepository
10:53:54.385 [main] INFO  o.s.d.r.c.RepositoryConfigurationDelegate - Finished Spring Data repository scanning in 19 ms. Found 0 Redis repository interfaces.
10:53:55.984 [main] INFO  o.s.b.w.e.tomcat.TomcatWebServer - Tomcat initialized with port 8080 (http)
10:53:56.007 [main] INFO  o.a.coyote.http11.Http11NioProtocol - Initializing ProtocolHandler ["http-nio-8080"]
10:53:56.013 [main] INFO  o.a.catalina.core.StandardService - Starting service [Tomcat]
10:53:56.013 [main] INFO  o.a.catalina.core.StandardEngine - Starting Servlet engine: [Apache Tomcat/10.1.30]
10:53:56.128 [main] INFO  o.a.c.c.C.[Tomcat].[localhost].[/] - Initializing Spring embedded WebApplicationContext
10:53:56.128 [main] INFO  o.s.b.w.s.c.ServletWebServerApplicationContext - Root WebApplicationContext: initialization completed in 4271 ms
10:53:56.441 [cluster-ClusterId{value='6975a8ecd845c31b00f9ca56', description='Cluster0'}-srv-cluster0.ofgdpxv.mongodb.net] INFO  org.mongodb.driver.cluster - Adding discovered server ac-l6uagqo-shard-00-02.ofgdpxv.mongodb.net:27017 to client view of cluster
10:53:56.474 [main] INFO  org.mongodb.driver.client - MongoClient with metadata {"application": {"name": "Cluster0"}, "driver": {"name": "mongo-java-driver|sync|spring-boot", "version": "5.0.1"}, "os": {"type": "Windows", "name": "Windows 10", "architecture": "amd64", "version": "10.0"}, "platform": "Java/Microsoft/17.0.17+10-LTS"} created with settings MongoClientSettings{readPreference=primary, writeConcern=WriteConcern{w=null, wTimeout=null ms, journal=null}, retryWrites=true, retryReads=true, readConcern=ReadConcern{level=null}, credential=MongoCredential{mechanism=null, userName='yashu17052000', source='admin', password=<hidden>, mechanismProperties=<hidden>}, transportSettings=null, commandListeners=[], codecRegistry=ProvidersCodecRegistry{codecProviders=[ValueCodecProvider{}, BsonValueCodecProvider{}, DBRefCodecProvider{}, DBObjectCodecProvider{}, DocumentCodecProvider{}, CollectionCodecProvider{}, IterableCodecProvider{}, MapCodecProvider{}, GeoJsonCodecProvider{}, GridFSFileCodecProvider{}, Jsr310CodecProvider{}, JsonObjectCodecProvider{}, BsonCodecProvider{}, EnumCodecProvider{}, com.mongodb.client.model.mql.ExpressionCodecProvider@17ec335a, com.mongodb.Jep395RecordCodecProvider@284990de, com.mongodb.KotlinCodecProvider@565d7d2f]}, loggerSettings=LoggerSettings{maxDocumentLength=1000}, clusterSettings={hosts=[127.0.0.1:27017], srvHost=cluster0.ofgdpxv.mongodb.net, srvServiceName=mongodb, mode=MULTIPLE, requiredClusterType=REPLICA_SET, requiredReplicaSetName='atlas-nbt1cq-shard-0', serverSelector='null', clusterListeners='[]', serverSelectionTimeout='30000 ms', localThreshold='15 ms'}, socketSettings=SocketSettings{connectTimeoutMS=10000, readTimeoutMS=0, receiveBufferSize=0, proxySettings=ProxySettings{host=null, port=null, username=null, password=null}}, heartbeatSocketSettings=SocketSettings{connectTimeoutMS=10000, readTimeoutMS=10000, receiveBufferSize=0, proxySettings=ProxySettings{host=null, port=null, username=null, password=null}}, connectionPoolSettings=ConnectionPoolSettings{maxSize=100, minSize=0, maxWaitTimeMS=120000, maxConnectionLifeTimeMS=0, maxConnectionIdleTimeMS=0, maintenanceInitialDelayMS=0, maintenanceFrequencyMS=60000, connectionPoolListeners=[], maxConnecting=2}, serverSettings=ServerSettings{heartbeatFrequencyMS=10000, minHeartbeatFrequencyMS=500, serverListeners='[]', serverMonitorListeners='[]'}, sslSettings=SslSettings{enabled=true, invalidHostNameAllowed=false, context=null}, applicationName='Cluster0', compressorList=[], uuidRepresentation=JAVA_LEGACY, serverApi=null, autoEncryptionSettings=null, dnsClient=null, inetAddressResolver=null, contextProvider=null}
10:53:56.483 [cluster-ClusterId{value='6975a8ecd845c31b00f9ca56', description='Cluster0'}-srv-cluster0.ofgdpxv.mongodb.net] INFO  org.mongodb.driver.cluster - Adding discovered server ac-l6uagqo-shard-00-01.ofgdpxv.mongodb.net:27017 to client view of cluster
10:53:56.489 [cluster-ClusterId{value='6975a8ecd845c31b00f9ca56', description='Cluster0'}-srv-cluster0.ofgdpxv.mongodb.net] INFO  org.mongodb.driver.cluster - Adding discovered server ac-l6uagqo-shard-00-00.ofgdpxv.mongodb.net:27017 to client view of cluster
10:53:57.344 [cluster-ClusterId{value='6975a8ecd845c31b00f9ca56', description='Cluster0'}-ac-l6uagqo-shard-00-02.ofgdpxv.mongodb.net:27017] INFO  org.mongodb.driver.cluster - Monitor thread successfully connected to server with description ServerDescription{address=ac-l6uagqo-shard-00-02.ofgdpxv.mongodb.net:27017, type=REPLICA_SET_SECONDARY, state=CONNECTED, ok=true, minWireVersion=0, maxWireVersion=25, maxDocumentSize=16777216, logicalSessionTimeoutMinutes=30, roundTripTimeNanos=377464300, setName='atlas-nbt1cq-shard-0', canonicalAddress=ac-l6uagqo-shard-00-02.ofgdpxv.mongodb.net:27017, hosts=[ac-l6uagqo-shard-00-02.ofgdpxv.mongodb.net:27017, ac-l6uagqo-shard-00-01.ofgdpxv.mongodb.net:27017, ac-l6uagqo-shard-00-00.ofgdpxv.mongodb.net:27017], passives=[], arbiters=[], primary='ac-l6uagqo-shard-00-01.ofgdpxv.mongodb.net:27017', tagSet=TagSet{[Tag{name='availabilityZone', value='aps1-az2'}, Tag{name='diskState', value='READY'}, Tag{name='nodeType', value='ELECTABLE'}, Tag{name='provider', value='AWS'}, Tag{name='region', value='AP_SOUTH_1'}, Tag{name='workloadType', value='OPERATIONAL'}]}, electionId=null, setVersion=25, topologyVersion=TopologyVersion{processId=697249fc870135aae8859e2b, counter=3}, lastWriteDate=Sun Jan 25 10:53:56 IST 2026, lastUpdateTimeNanos=917227863630100}
10:53:57.344 [cluster-ClusterId{value='6975a8ecd845c31b00f9ca56', description='Cluster0'}-ac-l6uagqo-shard-00-00.ofgdpxv.mongodb.net:27017] INFO  org.mongodb.driver.cluster - Monitor thread successfully connected to server with description ServerDescription{address=ac-l6uagqo-shard-00-00.ofgdpxv.mongodb.net:27017, type=REPLICA_SET_SECONDARY, state=CONNECTED, ok=true, minWireVersion=0, maxWireVersion=25, maxDocumentSize=16777216, logicalSessionTimeoutMinutes=30, roundTripTimeNanos=374449300, setName='atlas-nbt1cq-shard-0', canonicalAddress=ac-l6uagqo-shard-00-00.ofgdpxv.mongodb.net:27017, hosts=[ac-l6uagqo-shard-00-02.ofgdpxv.mongodb.net:27017, ac-l6uagqo-shard-00-01.ofgdpxv.mongodb.net:27017, ac-l6uagqo-shard-00-00.ofgdpxv.mongodb.net:27017], passives=[], arbiters=[], primary='ac-l6uagqo-shard-00-01.ofgdpxv.mongodb.net:27017', tagSet=TagSet{[Tag{name='availabilityZone', value='aps1-az1'}, Tag{name='diskState', value='READY'}, Tag{name='nodeType', value='ELECTABLE'}, Tag{name='provider', value='AWS'}, Tag{name='region', value='AP_SOUTH_1'}, Tag{name='workloadType', value='OPERATIONAL'}]}, electionId=null, setVersion=25, topologyVersion=TopologyVersion{processId=69724970171d573d39dfaf2c, counter=4}, lastWriteDate=Sun Jan 25 10:53:56 IST 2026, lastUpdateTimeNanos=917227863574700}
10:53:57.345 [cluster-ClusterId{value='6975a8ecd845c31b00f9ca56', description='Cluster0'}-ac-l6uagqo-shard-00-01.ofgdpxv.mongodb.net:27017] INFO  org.mongodb.driver.cluster - Monitor thread successfully connected to server with description ServerDescription{address=ac-l6uagqo-shard-00-01.ofgdpxv.mongodb.net:27017, type=REPLICA_SET_PRIMARY, state=CONNECTED, ok=true, minWireVersion=0, maxWireVersion=25, maxDocumentSize=16777216, logicalSessionTimeoutMinutes=30, roundTripTimeNanos=377402300, setName='atlas-nbt1cq-shard-0', canonicalAddress=ac-l6uagqo-shard-00-01.ofgdpxv.mongodb.net:27017, hosts=[ac-l6uagqo-shard-00-02.ofgdpxv.mongodb.net:27017, ac-l6uagqo-shard-00-01.ofgdpxv.mongodb.net:27017, ac-l6uagqo-shard-00-00.ofgdpxv.mongodb.net:27017], passives=[], arbiters=[], primary='ac-l6uagqo-shard-00-01.ofgdpxv.mongodb.net:27017', tagSet=TagSet{[Tag{name='availabilityZone', value='aps1-az3'}, Tag{name='diskState', value='READY'}, Tag{name='nodeType', value='ELECTABLE'}, Tag{name='provider', value='AWS'}, Tag{name='region', value='AP_SOUTH_1'}, Tag{name='workloadType', value='OPERATIONAL'}]}, electionId=7fffffff0000000000000044, setVersion=25, topologyVersion=TopologyVersion{processId=697249b6ae5dd124968fcbef, counter=6}, lastWriteDate=Sun Jan 25 10:53:56 IST 2026, lastUpdateTimeNanos=917227863509000}
10:53:57.443 [cluster-ClusterId{value='6975a8ecd845c31b00f9ca56', description='Cluster0'}-ac-l6uagqo-shard-00-01.ofgdpxv.mongodb.net:27017] INFO  org.mongodb.driver.cluster - Discovered replica set primary ac-l6uagqo-shard-00-01.ofgdpxv.mongodb.net:27017 with max election id 7fffffff0000000000000044 and max set version 25
10:53:58.177 [main] WARN  o.s.s.c.a.a.c.InitializeUserDetailsBeanManagerConfigurer$InitializeUserDetailsManagerConfigurer - Global AuthenticationManager configured with an AuthenticationProvider bean. UserDetailsService beans will not be used for username/password login. Consider removing the AuthenticationProvider bean. Alternatively, consider using the UserDetailsService in a manually instantiated DaoAuthenticationProvider.
10:54:01.850 [main] INFO  o.a.coyote.http11.Http11NioProtocol - Starting ProtocolHandler ["http-nio-8080"]
10:54:01.899 [main] INFO  o.s.b.w.e.tomcat.TomcatWebServer - Tomcat started on port 8080 (http) with context path '/'
10:54:01.932 [main] INFO  n.e.journalApp.JournalApplication - Started JournalApplication in 11.327 seconds (process running for 12.568)
10:55:37.310 [http-nio-8080-exec-1] INFO  o.a.c.c.C.[Tomcat].[localhost].[/] - Initializing Spring DispatcherServlet 'dispatcherServlet'
10:55:37.320 [http-nio-8080-exec-1] INFO  o.s.web.servlet.DispatcherServlet - Initializing Servlet 'dispatcherServlet'
10:55:37.327 [http-nio-8080-exec-1] INFO  o.s.web.servlet.DispatcherServlet - Completed initialization in 6 ms
10:57:55.729 [http-nio-8080-exec-7] ERROR o.a.c.c.C.[.[.[.[dispatcherServlet] - Servlet.service() for servlet [dispatcherServlet] in context with path [] threw exception
io.jsonwebtoken.ExpiredJwtException: JWT expired 902788725 milliseconds ago at 2026-01-14T18:41:27.000Z. Current time: 2026-01-25T05:27:55.725Z. Allowed clock skew: 0 milliseconds.
	at io.jsonwebtoken.impl.DefaultJwtParser.parse(DefaultJwtParser.java:682)
	at io.jsonwebtoken.impl.DefaultJwtParser.parse(DefaultJwtParser.java:362)
	at io.jsonwebtoken.impl.DefaultJwtParser.parse(DefaultJwtParser.java:94)
	at io.jsonwebtoken.impl.io.AbstractParser.parse(AbstractParser.java:36)
	at io.jsonwebtoken.impl.io.AbstractParser.parse(AbstractParser.java:29)
	at io.jsonwebtoken.impl.DefaultJwtParser.parseSignedClaims(DefaultJwtParser.java:821)
	at net.engineeringdigest.journalApp.utils.JwtUtil.extractAllClaims(JwtUtil.java:34)
	at net.engineeringdigest.journalApp.utils.JwtUtil.extractUsername(JwtUtil.java:22)
	at net.engineeringdigest.journalApp.filter.JwtFilter.doFilterInternal(JwtFilter.java:33)
	at org.springframework.web.filter.OncePerRequestFilter.doFilter(OncePerRequestFilter.java:116)
	at org.springframework.security.web.FilterChainProxy$VirtualFilterChain.doFilter(FilterChainProxy.java:374)
	at org.springframework.security.web.authentication.logout.LogoutFilter.doFilter(LogoutFilter.java:107)
	at org.springframework.security.web.authentication.logout.LogoutFilter.doFilter(LogoutFilter.java:93)
	at org.springframework.security.web.FilterChainProxy$VirtualFilterChain.doFilter(FilterChainProxy.java:374)
	at org.springframework.security.web.header.HeaderWriterFilter.doHeadersAfter(HeaderWriterFilter.java:90)
	at org.springframework.security.web.header.HeaderWriterFilter.doFilterInternal(HeaderWriterFilter.java:75)
	at org.springframework.web.filter.OncePerRequestFilter.doFilter(OncePerRequestFilter.java:116)
	at org.springframework.security.web.FilterChainProxy$VirtualFilterChain.doFilter(FilterChainProxy.java:374)
	at org.springframework.security.web.context.SecurityContextHolderFilter.doFilter(SecurityContextHolderFilter.java:82)
	at org.springframework.security.web.context.SecurityContextHolderFilter.doFilter(SecurityContextHolderFilter.java:69)
	at org.springframework.security.web.FilterChainProxy$VirtualFilterChain.doFilter(FilterChainProxy.java:374)
	at org.springframework.security.web.context.request.async.WebAsyncManagerIntegrationFilter.doFilterInternal(WebAsyncManagerIntegrationFilter.java:62)
	at org.springframework.web.filter.OncePerRequestFilter.doFilter(OncePerRequestFilter.java:116)
	at org.springframework.security.web.FilterChainProxy$VirtualFilterChain.doFilter(FilterChainProxy.java:374)
	at org.springframework.security.web.session.DisableEncodeUrlFilter.doFilterInternal(DisableEncodeUrlFilter.java:42)
	at org.springframework.web.filter.OncePerRequestFilter.doFilter(OncePerRequestFilter.java:116)
	at org.springframework.security.web.FilterChainProxy$VirtualFilterChain.doFilter(FilterChainProxy.java:374)
	at org.springframework.security.web.FilterChainProxy.doFilterInternal(FilterChainProxy.java:233)
	at org.springframework.security.web.FilterChainProxy.doFilter(FilterChainProxy.java:191)
	at org.springframework.web.filter.CompositeFilter$VirtualFilterChain.doFilter(CompositeFilter.java:113)
	at org.springframework.web.servlet.handler.HandlerMappingIntrospector.lambda$createCacheFilter$3(HandlerMappingIntrospector.java:195)
	at org.springframework.web.filter.CompositeFilter$VirtualFilterChain.doFilter(CompositeFilter.java:113)
	at org.springframework.web.filter.CompositeFilter.doFilter(CompositeFilter.java:74)
	at org.springframework.security.config.annotation.web.configuration.WebMvcSecurityConfiguration$CompositeFilterChainProxy.doFilter(WebMvcSecurityConfiguration.java:230)
	at org.springframework.web.filter.DelegatingFilterProxy.invokeDelegate(DelegatingFilterProxy.java:352)
	at org.springframework.web.filter.DelegatingFilterProxy.doFilter(DelegatingFilterProxy.java:268)
	at org.apache.catalina.core.ApplicationFilterChain.internalDoFilter(ApplicationFilterChain.java:164)
	at org.apache.catalina.core.ApplicationFilterChain.doFilter(ApplicationFilterChain.java:140)
	at org.springframework.web.filter.RequestContextFilter.doFilterInternal(RequestContextFilter.java:100)
	at org.springframework.web.filter.OncePerRequestFilter.doFilter(OncePerRequestFilter.java:116)
	at org.apache.catalina.core.ApplicationFilterChain.internalDoFilter(ApplicationFilterChain.java:164)
	at org.apache.catalina.core.ApplicationFilterChain.doFilter(ApplicationFilterChain.java:140)
	at org.springframework.web.filter.FormContentFilter.doFilterInternal(FormContentFilter.java:93)
	at org.springframework.web.filter.OncePerRequestFilter.doFilter(OncePerRequestFilter.java:116)
	at org.apache.catalina.core.ApplicationFilterChain.internalDoFilter(ApplicationFilterChain.java:164)
	at org.apache.catalina.core.ApplicationFilterChain.doFilter(ApplicationFilterChain.java:140)
	at org.springframework.web.filter.CharacterEncodingFilter.doFilterInternal(CharacterEncodingFilter.java:201)
	at org.springframework.web.filter.OncePerRequestFilter.doFilter(OncePerRequestFilter.java:116)
	at org.apache.catalina.core.ApplicationFilterChain.internalDoFilter(ApplicationFilterChain.java:164)
	at org.apache.catalina.core.ApplicationFilterChain.doFilter(ApplicationFilterChain.java:140)
	at org.apache.catalina.core.StandardWrapperValve.invoke(StandardWrapperValve.java:167)
	at org.apache.catalina.core.StandardContextValve.invoke(StandardContextValve.java:90)
	at org.apache.catalina.authenticator.AuthenticatorBase.invoke(AuthenticatorBase.java:483)
	at org.apache.catalina.core.StandardHostValve.invoke(StandardHostValve.java:115)
	at org.apache.catalina.valves.ErrorReportValve.invoke(ErrorReportValve.java:93)
	at org.apache.catalina.core.StandardEngineValve.invoke(StandardEngineValve.java:74)
	at org.apache.catalina.connector.CoyoteAdapter.service(CoyoteAdapter.java:344)
	at org.apache.coyote.http11.Http11Processor.service(Http11Processor.java:384)
	at org.apache.coyote.AbstractProcessorLight.process(AbstractProcessorLight.java:63)
	at org.apache.coyote.AbstractProtocol$ConnectionHandler.process(AbstractProtocol.java:905)
	at org.apache.tomcat.util.net.NioEndpoint$SocketProcessor.doRun(NioEndpoint.java:1741)
	at org.apache.tomcat.util.net.SocketProcessorBase.run(SocketProcessorBase.java:52)
	at org.apache.tomcat.util.threads.ThreadPoolExecutor.runWorker(ThreadPoolExecutor.java:1190)
	at org.apache.tomcat.util.threads.ThreadPoolExecutor$Worker.run(ThreadPoolExecutor.java:659)
	at org.apache.tomcat.util.threads.TaskThread$WrappingRunnable.run(TaskThread.java:63)
	at java.base/java.lang.Thread.run(Thread.java:840)
11:03:03.345 [main] INFO  n.e.journalApp.JournalApplication - Starting JournalApplication using Java 17.0.17 with PID 8384 (E:\flutter_windows_3.19.4-stable\journalApp\target\classes started by Yash in E:\flutter_windows_3.19.4-stable\journalApp)
11:03:03.350 [main] INFO  n.e.journalApp.JournalApplication - The following 1 profile is active: "dev"
11:03:06.484 [main] INFO  o.s.d.r.c.RepositoryConfigurationDelegate - Multiple Spring Data modules found, entering strict repository configuration mode
11:03:06.486 [main] INFO  o.s.d.r.c.RepositoryConfigurationDelegate - Bootstrapping Spring Data MongoDB repositories in DEFAULT mode.
11:03:06.896 [main] INFO  o.s.d.r.c.RepositoryConfigurationDelegate - Finished Spring Data repository scanning in 398 ms. Found 3 MongoDB repository interfaces.
11:03:06.947 [main] INFO  o.s.d.r.c.RepositoryConfigurationDelegate - Multiple Spring Data modules found, entering strict repository configuration mode
11:03:06.952 [main] INFO  o.s.d.r.c.RepositoryConfigurationDelegate - Bootstrapping Spring Data Redis repositories in DEFAULT mode.
11:03:06.991 [main] INFO  o.s.d.r.c.RepositoryConfigurationExtensionSupport - Spring Data Redis - Could not safely identify store assignment for repository candidate interface net.engineeringdigest.journalApp.repository.ConfigJournalAppRepository; If you want this repository to be a Redis repository, consider annotating your entities with one of these annotations: org.springframework.data.redis.core.RedisHash (preferred), or consider extending one of the following types with your repository: org.springframework.data.keyvalue.repository.KeyValueRepository
11:03:06.991 [main] INFO  o.s.d.r.c.RepositoryConfigurationExtensionSupport - Spring Data Redis - Could not safely identify store assignment for repository candidate interface net.engineeringdigest.journalApp.repository.JournalEntryRepository; If you want this repository to be a Redis repository, consider annotating your entities with one of these annotations: org.springframework.data.redis.core.RedisHash (preferred), or consider extending one of the following types with your repository: org.springframework.data.keyvalue.repository.KeyValueRepository
11:03:06.992 [main] INFO  o.s.d.r.c.RepositoryConfigurationExtensionSupport - Spring Data Redis - Could not safely identify store assignment for repository candidate interface net.engineeringdigest.journalApp.repository.UserRepository; If you want this repository to be a Redis repository, consider annotating your entities with one of these annotations: org.springframework.data.redis.core.RedisHash (preferred), or consider extending one of the following types with your repository: org.springframework.data.keyvalue.repository.KeyValueRepository
11:03:06.993 [main] INFO  o.s.d.r.c.RepositoryConfigurationDelegate - Finished Spring Data repository scanning in 24 ms. Found 0 Redis repository interfaces.
11:03:08.669 [main] INFO  o.s.b.w.e.tomcat.TomcatWebServer - Tomcat initialized with port 8080 (http)
11:03:08.694 [main] INFO  o.a.coyote.http11.Http11NioProtocol - Initializing ProtocolHandler ["http-nio-8080"]
11:03:08.704 [main] INFO  o.a.catalina.core.StandardService - Starting service [Tomcat]
11:03:08.707 [main] INFO  o.a.catalina.core.StandardEngine - Starting Servlet engine: [Apache Tomcat/10.1.30]
11:03:09.039 [main] INFO  o.a.c.c.C.[Tomcat].[localhost].[/] - Initializing Spring embedded WebApplicationContext
11:03:09.039 [main] INFO  o.s.b.w.s.c.ServletWebServerApplicationContext - Root WebApplicationContext: initialization completed in 5445 ms
11:03:09.538 [cluster-ClusterId{value='6975ab15b215234ad9fec731', description='Cluster0'}-srv-cluster0.ofgdpxv.mongodb.net] INFO  org.mongodb.driver.cluster - Adding discovered server ac-l6uagqo-shard-00-02.ofgdpxv.mongodb.net:27017 to client view of cluster
11:03:09.827 [main] INFO  org.mongodb.driver.client - MongoClient with metadata {"application": {"name": "Cluster0"}, "driver": {"name": "mongo-java-driver|sync|spring-boot", "version": "5.0.1"}, "os": {"type": "Windows", "name": "Windows 10", "architecture": "amd64", "version": "10.0"}, "platform": "Java/Microsoft/17.0.17+10-LTS"} created with settings MongoClientSettings{readPreference=primary, writeConcern=WriteConcern{w=null, wTimeout=null ms, journal=null}, retryWrites=true, retryReads=true, readConcern=ReadConcern{level=null}, credential=MongoCredential{mechanism=null, userName='yashu17052000', source='admin', password=<hidden>, mechanismProperties=<hidden>}, transportSettings=null, commandListeners=[], codecRegistry=ProvidersCodecRegistry{codecProviders=[ValueCodecProvider{}, BsonValueCodecProvider{}, DBRefCodecProvider{}, DBObjectCodecProvider{}, DocumentCodecProvider{}, CollectionCodecProvider{}, IterableCodecProvider{}, MapCodecProvider{}, GeoJsonCodecProvider{}, GridFSFileCodecProvider{}, Jsr310CodecProvider{}, JsonObjectCodecProvider{}, BsonCodecProvider{}, EnumCodecProvider{}, com.mongodb.client.model.mql.ExpressionCodecProvider@74a820bf, com.mongodb.Jep395RecordCodecProvider@5a30722c, com.mongodb.KotlinCodecProvider@4f2ac7e0]}, loggerSettings=LoggerSettings{maxDocumentLength=1000}, clusterSettings={hosts=[127.0.0.1:27017], srvHost=cluster0.ofgdpxv.mongodb.net, srvServiceName=mongodb, mode=MULTIPLE, requiredClusterType=REPLICA_SET, requiredReplicaSetName='atlas-nbt1cq-shard-0', serverSelector='null', clusterListeners='[]', serverSelectionTimeout='30000 ms', localThreshold='15 ms'}, socketSettings=SocketSettings{connectTimeoutMS=10000, readTimeoutMS=0, receiveBufferSize=0, proxySettings=ProxySettings{host=null, port=null, username=null, password=null}}, heartbeatSocketSettings=SocketSettings{connectTimeoutMS=10000, readTimeoutMS=10000, receiveBufferSize=0, proxySettings=ProxySettings{host=null, port=null, username=null, password=null}}, connectionPoolSettings=ConnectionPoolSettings{maxSize=100, minSize=0, maxWaitTimeMS=120000, maxConnectionLifeTimeMS=0, maxConnectionIdleTimeMS=0, maintenanceInitialDelayMS=0, maintenanceFrequencyMS=60000, connectionPoolListeners=[], maxConnecting=2}, serverSettings=ServerSettings{heartbeatFrequencyMS=10000, minHeartbeatFrequencyMS=500, serverListeners='[]', serverMonitorListeners='[]'}, sslSettings=SslSettings{enabled=true, invalidHostNameAllowed=false, context=null}, applicationName='Cluster0', compressorList=[], uuidRepresentation=JAVA_LEGACY, serverApi=null, autoEncryptionSettings=null, dnsClient=null, inetAddressResolver=null, contextProvider=null}
11:03:09.891 [cluster-ClusterId{value='6975ab15b215234ad9fec731', description='Cluster0'}-srv-cluster0.ofgdpxv.mongodb.net] INFO  org.mongodb.driver.cluster - Adding discovered server ac-l6uagqo-shard-00-00.ofgdpxv.mongodb.net:27017 to client view of cluster
11:03:09.901 [cluster-ClusterId{value='6975ab15b215234ad9fec731', description='Cluster0'}-srv-cluster0.ofgdpxv.mongodb.net] INFO  org.mongodb.driver.cluster - Adding discovered server ac-l6uagqo-shard-00-01.ofgdpxv.mongodb.net:27017 to client view of cluster
11:03:11.618 [cluster-ClusterId{value='6975ab15b215234ad9fec731', description='Cluster0'}-ac-l6uagqo-shard-00-00.ofgdpxv.mongodb.net:27017] INFO  org.mongodb.driver.cluster - Monitor thread successfully connected to server with description ServerDescription{address=ac-l6uagqo-shard-00-00.ofgdpxv.mongodb.net:27017, type=REPLICA_SET_SECONDARY, state=CONNECTED, ok=true, minWireVersion=0, maxWireVersion=25, maxDocumentSize=16777216, logicalSessionTimeoutMinutes=30, roundTripTimeNanos=838786100, setName='atlas-nbt1cq-shard-0', canonicalAddress=ac-l6uagqo-shard-00-00.ofgdpxv.mongodb.net:27017, hosts=[ac-l6uagqo-shard-00-02.ofgdpxv.mongodb.net:27017, ac-l6uagqo-shard-00-01.ofgdpxv.mongodb.net:27017, ac-l6uagqo-shard-00-00.ofgdpxv.mongodb.net:27017], passives=[], arbiters=[], primary='ac-l6uagqo-shard-00-01.ofgdpxv.mongodb.net:27017', tagSet=TagSet{[Tag{name='availabilityZone', value='aps1-az1'}, Tag{name='diskState', value='READY'}, Tag{name='nodeType', value='ELECTABLE'}, Tag{name='provider', value='AWS'}, Tag{name='region', value='AP_SOUTH_1'}, Tag{name='workloadType', value='OPERATIONAL'}]}, electionId=null, setVersion=25, topologyVersion=TopologyVersion{processId=69724970171d573d39dfaf2c, counter=4}, lastWriteDate=Sun Jan 25 11:03:10 IST 2026, lastUpdateTimeNanos=917782119928800}
11:03:11.635 [cluster-ClusterId{value='6975ab15b215234ad9fec731', description='Cluster0'}-ac-l6uagqo-shard-00-01.ofgdpxv.mongodb.net:27017] INFO  org.mongodb.driver.cluster - Monitor thread successfully connected to server with description ServerDescription{address=ac-l6uagqo-shard-00-01.ofgdpxv.mongodb.net:27017, type=REPLICA_SET_PRIMARY, state=CONNECTED, ok=true, minWireVersion=0, maxWireVersion=25, maxDocumentSize=16777216, logicalSessionTimeoutMinutes=30, roundTripTimeNanos=839386100, setName='atlas-nbt1cq-shard-0', canonicalAddress=ac-l6uagqo-shard-00-01.ofgdpxv.mongodb.net:27017, hosts=[ac-l6uagqo-shard-00-02.ofgdpxv.mongodb.net:27017, ac-l6uagqo-shard-00-01.ofgdpxv.mongodb.net:27017, ac-l6uagqo-shard-00-00.ofgdpxv.mongodb.net:27017], passives=[], arbiters=[], primary='ac-l6uagqo-shard-00-01.ofgdpxv.mongodb.net:27017', tagSet=TagSet{[Tag{name='availabilityZone', value='aps1-az3'}, Tag{name='diskState', value='READY'}, Tag{name='nodeType', value='ELECTABLE'}, Tag{name='provider', value='AWS'}, Tag{name='region', value='AP_SOUTH_1'}, Tag{name='workloadType', value='OPERATIONAL'}]}, electionId=7fffffff0000000000000044, setVersion=25, topologyVersion=TopologyVersion{processId=697249b6ae5dd124968fcbef, counter=6}, lastWriteDate=Sun Jan 25 11:03:10 IST 2026, lastUpdateTimeNanos=917782120490800}
11:03:11.636 [cluster-ClusterId{value='6975ab15b215234ad9fec731', description='Cluster0'}-ac-l6uagqo-shard-00-01.ofgdpxv.mongodb.net:27017] INFO  org.mongodb.driver.cluster - Discovered replica set primary ac-l6uagqo-shard-00-01.ofgdpxv.mongodb.net:27017 with max election id 7fffffff0000000000000044 and max set version 25
11:03:11.644 [cluster-ClusterId{value='6975ab15b215234ad9fec731', description='Cluster0'}-ac-l6uagqo-shard-00-02.ofgdpxv.mongodb.net:27017] INFO  org.mongodb.driver.cluster - Monitor thread successfully connected to server with description ServerDescription{address=ac-l6uagqo-shard-00-02.ofgdpxv.mongodb.net:27017, type=REPLICA_SET_SECONDARY, state=CONNECTED, ok=true, minWireVersion=0, maxWireVersion=25, maxDocumentSize=16777216, logicalSessionTimeoutMinutes=30, roundTripTimeNanos=885743300, setName='atlas-nbt1cq-shard-0', canonicalAddress=ac-l6uagqo-shard-00-02.ofgdpxv.mongodb.net:27017, hosts=[ac-l6uagqo-shard-00-02.ofgdpxv.mongodb.net:27017, ac-l6uagqo-shard-00-01.ofgdpxv.mongodb.net:27017, ac-l6uagqo-shard-00-00.ofgdpxv.mongodb.net:27017], passives=[], arbiters=[], primary='ac-l6uagqo-shard-00-01.ofgdpxv.mongodb.net:27017', tagSet=TagSet{[Tag{name='availabilityZone', value='aps1-az2'}, Tag{name='diskState', value='READY'}, Tag{name='nodeType', value='ELECTABLE'}, Tag{name='provider', value='AWS'}, Tag{name='region', value='AP_SOUTH_1'}, Tag{name='workloadType', value='OPERATIONAL'}]}, electionId=null, setVersion=25, topologyVersion=TopologyVersion{processId=697249fc870135aae8859e2b, counter=3}, lastWriteDate=Sun Jan 25 11:03:10 IST 2026, lastUpdateTimeNanos=917782166725400}
11:03:13.998 [main] WARN  o.s.s.c.a.a.c.InitializeUserDetailsBeanManagerConfigurer$InitializeUserDetailsManagerConfigurer - Global AuthenticationManager configured with an AuthenticationProvider bean. UserDetailsService beans will not be used for username/password login. Consider removing the AuthenticationProvider bean. Alternatively, consider using the UserDetailsService in a manually instantiated DaoAuthenticationProvider.
11:03:19.699 [main] INFO  o.a.coyote.http11.Http11NioProtocol - Starting ProtocolHandler ["http-nio-8080"]
11:03:19.768 [main] INFO  o.s.b.w.e.tomcat.TomcatWebServer - Tomcat started on port 8080 (http) with context path '/'
11:03:19.901 [main] INFO  n.e.journalApp.JournalApplication - Started JournalApplication in 17.6 seconds (process running for 19.439)
11:03:26.291 [http-nio-8080-exec-1] INFO  o.a.c.c.C.[Tomcat].[localhost].[/] - Initializing Spring DispatcherServlet 'dispatcherServlet'
11:03:26.293 [http-nio-8080-exec-1] INFO  o.s.web.servlet.DispatcherServlet - Initializing Servlet 'dispatcherServlet'
11:03:26.325 [http-nio-8080-exec-1] INFO  o.s.web.servlet.DispatcherServlet - Completed initialization in 5 ms
11:04:46.496 [http-nio-8080-exec-6] WARN  o.a.c.util.SessionIdGeneratorBase - Creation of SecureRandom instance for session ID generation using [SHA1PRNG] took [331] milliseconds.
11:04:46.497 [http-nio-8080-exec-5] WARN  o.a.c.util.SessionIdGeneratorBase - Creation of SecureRandom instance for session ID generation using [SHA1PRNG] took [332] milliseconds.
11:05:24.052 [http-nio-8080-exec-10] INFO  o.s.api.AbstractOpenApiResource - Init duration for springdoc-openapi is: 624 ms
13:19:32.584 [cluster-ClusterId{value='6975ab15b215234ad9fec731', description='Cluster0'}-ac-l6uagqo-shard-00-01.ofgdpxv.mongodb.net:27017] INFO  org.mongodb.driver.cluster - Exception in monitor thread while connecting to server ac-l6uagqo-shard-00-01.ofgdpxv.mongodb.net:27017
com.mongodb.MongoSocketReadException: Exception receiving message
	at com.mongodb.internal.connection.InternalStreamConnection.translateReadException(InternalStreamConnection.java:707)
	at com.mongodb.internal.connection.InternalStreamConnection.receiveMessageWithAdditionalTimeout(InternalStreamConnection.java:583)
	at com.mongodb.internal.connection.InternalStreamConnection.receiveCommandMessageResponse(InternalStreamConnection.java:428)
	at com.mongodb.internal.connection.InternalStreamConnection.receive(InternalStreamConnection.java:381)
	at com.mongodb.internal.connection.DefaultServerMonitor$ServerMonitorRunnable.lookupServerDescription(DefaultServerMonitor.java:221)
	at com.mongodb.internal.connection.DefaultServerMonitor$ServerMonitorRunnable.run(DefaultServerMonitor.java:153)
	at java.base/java.lang.Thread.run(Thread.java:840)
Caused by: java.net.SocketException: Connection reset
	at java.base/sun.nio.ch.NioSocketImpl.implRead(NioSocketImpl.java:328)
	at java.base/sun.nio.ch.NioSocketImpl.read(NioSocketImpl.java:355)
	at java.base/sun.nio.ch.NioSocketImpl$1.read(NioSocketImpl.java:808)
	at java.base/java.net.Socket$SocketInputStream.read(Socket.java:966)
	at java.base/sun.security.ssl.SSLSocketInputRecord.read(SSLSocketInputRecord.java:484)
	at java.base/sun.security.ssl.SSLSocketInputRecord.readHeader(SSLSocketInputRecord.java:478)
	at java.base/sun.security.ssl.SSLSocketInputRecord.bytesInCompletePacket(SSLSocketInputRecord.java:70)
	at java.base/sun.security.ssl.SSLSocketImpl.readApplicationRecord(SSLSocketImpl.java:1465)
	at java.base/sun.security.ssl.SSLSocketImpl$AppInputStream.read(SSLSocketImpl.java:1069)
	at com.mongodb.internal.connection.SocketStream.read(SocketStream.java:176)
	at com.mongodb.internal.connection.SocketStream.read(SocketStream.java:196)
	at com.mongodb.internal.connection.InternalStreamConnection.receiveResponseBuffers(InternalStreamConnection.java:716)
	at com.mongodb.internal.connection.InternalStreamConnection.receiveMessageWithAdditionalTimeout(InternalStreamConnection.java:580)
	... 5 common frames omitted
13:19:33.478 [cluster-ClusterId{value='6975ab15b215234ad9fec731', description='Cluster0'}-ac-l6uagqo-shard-00-01.ofgdpxv.mongodb.net:27017] INFO  org.mongodb.driver.cluster - Monitor thread successfully connected to server with description ServerDescription{address=ac-l6uagqo-shard-00-01.ofgdpxv.mongodb.net:27017, type=REPLICA_SET_PRIMARY, state=CONNECTED, ok=true, minWireVersion=0, maxWireVersion=25, maxDocumentSize=16777216, logicalSessionTimeoutMinutes=30, roundTripTimeNanos=336600100, setName='atlas-nbt1cq-shard-0', canonicalAddress=ac-l6uagqo-shard-00-01.ofgdpxv.mongodb.net:27017, hosts=[ac-l6uagqo-shard-00-02.ofgdpxv.mongodb.net:27017, ac-l6uagqo-shard-00-01.ofgdpxv.mongodb.net:27017, ac-l6uagqo-shard-00-00.ofgdpxv.mongodb.net:27017], passives=[], arbiters=[], primary='ac-l6uagqo-shard-00-01.ofgdpxv.mongodb.net:27017', tagSet=TagSet{[Tag{name='availabilityZone', value='aps1-az3'}, Tag{name='diskState', value='READY'}, Tag{name='nodeType', value='ELECTABLE'}, Tag{name='provider', value='AWS'}, Tag{name='region', value='AP_SOUTH_1'}, Tag{name='workloadType', value='OPERATIONAL'}]}, electionId=7fffffff0000000000000044, setVersion=25, topologyVersion=TopologyVersion{processId=697249b6ae5dd124968fcbef, counter=6}, lastWriteDate=Sun Jan 25 13:19:32 IST 2026, lastUpdateTimeNanos=925964007114900}
13:19:33.479 [cluster-ClusterId{value='6975ab15b215234ad9fec731', description='Cluster0'}-ac-l6uagqo-shard-00-01.ofgdpxv.mongodb.net:27017] INFO  org.mongodb.driver.cluster - Discovered replica set primary ac-l6uagqo-shard-00-01.ofgdpxv.mongodb.net:27017 with max election id 7fffffff0000000000000044 and max set version 25
13:19:39.601 [cluster-ClusterId{value='6975ab15b215234ad9fec731', description='Cluster0'}-ac-l6uagqo-shard-00-02.ofgdpxv.mongodb.net:27017] INFO  org.mongodb.driver.cluster - Exception in monitor thread while connecting to server ac-l6uagqo-shard-00-02.ofgdpxv.mongodb.net:27017
com.mongodb.MongoSocketReadException: Exception receiving message
	at com.mongodb.internal.connection.InternalStreamConnection.translateReadException(InternalStreamConnection.java:707)
	at com.mongodb.internal.connection.InternalStreamConnection.receiveMessageWithAdditionalTimeout(InternalStreamConnection.java:583)
	at com.mongodb.internal.connection.InternalStreamConnection.receiveCommandMessageResponse(InternalStreamConnection.java:428)
	at com.mongodb.internal.connection.InternalStreamConnection.receive(InternalStreamConnection.java:381)
	at com.mongodb.internal.connection.DefaultServerMonitor$ServerMonitorRunnable.lookupServerDescription(DefaultServerMonitor.java:221)
	at com.mongodb.internal.connection.DefaultServerMonitor$ServerMonitorRunnable.run(DefaultServerMonitor.java:153)
	at java.base/java.lang.Thread.run(Thread.java:840)
Caused by: java.net.SocketException: Connection reset
	at java.base/sun.nio.ch.NioSocketImpl.implRead(NioSocketImpl.java:328)
	at java.base/sun.nio.ch.NioSocketImpl.read(NioSocketImpl.java:355)
	at java.base/sun.nio.ch.NioSocketImpl$1.read(NioSocketImpl.java:808)
	at java.base/java.net.Socket$SocketInputStream.read(Socket.java:966)
	at java.base/sun.security.ssl.SSLSocketInputRecord.read(SSLSocketInputRecord.java:484)
	at java.base/sun.security.ssl.SSLSocketInputRecord.readHeader(SSLSocketInputRecord.java:478)
	at java.base/sun.security.ssl.SSLSocketInputRecord.bytesInCompletePacket(SSLSocketInputRecord.java:70)
	at java.base/sun.security.ssl.SSLSocketImpl.readApplicationRecord(SSLSocketImpl.java:1465)
	at java.base/sun.security.ssl.SSLSocketImpl$AppInputStream.read(SSLSocketImpl.java:1069)
	at com.mongodb.internal.connection.SocketStream.read(SocketStream.java:176)
	at com.mongodb.internal.connection.SocketStream.read(SocketStream.java:196)
	at com.mongodb.internal.connection.InternalStreamConnection.receiveResponseBuffers(InternalStreamConnection.java:716)
	at com.mongodb.internal.connection.InternalStreamConnection.receiveMessageWithAdditionalTimeout(InternalStreamConnection.java:580)
	... 5 common frames omitted
13:19:39.785 [cluster-ClusterId{value='6975ab15b215234ad9fec731', description='Cluster0'}-ac-l6uagqo-shard-00-00.ofgdpxv.mongodb.net:27017] INFO  org.mongodb.driver.cluster - Exception in monitor thread while connecting to server ac-l6uagqo-shard-00-00.ofgdpxv.mongodb.net:27017
com.mongodb.MongoSocketReadException: Exception receiving message
	at com.mongodb.internal.connection.InternalStreamConnection.translateReadException(InternalStreamConnection.java:707)
	at com.mongodb.internal.connection.InternalStreamConnection.receiveMessageWithAdditionalTimeout(InternalStreamConnection.java:583)
	at com.mongodb.internal.connection.InternalStreamConnection.receiveCommandMessageResponse(InternalStreamConnection.java:428)
	at com.mongodb.internal.connection.InternalStreamConnection.receive(InternalStreamConnection.java:381)
	at com.mongodb.internal.connection.DefaultServerMonitor$ServerMonitorRunnable.lookupServerDescription(DefaultServerMonitor.java:221)
	at com.mongodb.internal.connection.DefaultServerMonitor$ServerMonitorRunnable.run(DefaultServerMonitor.java:153)
	at java.base/java.lang.Thread.run(Thread.java:840)
Caused by: java.net.SocketException: Connection reset
	at java.base/sun.nio.ch.NioSocketImpl.implRead(NioSocketImpl.java:328)
	at java.base/sun.nio.ch.NioSocketImpl.read(NioSocketImpl.java:355)
	at java.base/sun.nio.ch.NioSocketImpl$1.read(NioSocketImpl.java:808)
	at java.base/java.net.Socket$SocketInputStream.read(Socket.java:966)
	at java.base/sun.security.ssl.SSLSocketInputRecord.read(SSLSocketInputRecord.java:484)
	at java.base/sun.security.ssl.SSLSocketInputRecord.readHeader(SSLSocketInputRecord.java:478)
	at java.base/sun.security.ssl.SSLSocketInputRecord.bytesInCompletePacket(SSLSocketInputRecord.java:70)
	at java.base/sun.security.ssl.SSLSocketImpl.readApplicationRecord(SSLSocketImpl.java:1465)
	at java.base/sun.security.ssl.SSLSocketImpl$AppInputStream.read(SSLSocketImpl.java:1069)
	at com.mongodb.internal.connection.SocketStream.read(SocketStream.java:176)
	at com.mongodb.internal.connection.SocketStream.read(SocketStream.java:196)
	at com.mongodb.internal.connection.InternalStreamConnection.receiveResponseBuffers(InternalStreamConnection.java:716)
	at com.mongodb.internal.connection.InternalStreamConnection.receiveMessageWithAdditionalTimeout(InternalStreamConnection.java:580)
	... 5 common frames omitted
13:19:39.792 [cluster-ClusterId{value='6975ab15b215234ad9fec731', description='Cluster0'}-ac-l6uagqo-shard-00-02.ofgdpxv.mongodb.net:27017] INFO  org.mongodb.driver.cluster - Monitor thread successfully connected to server with description ServerDescription{address=ac-l6uagqo-shard-00-02.ofgdpxv.mongodb.net:27017, type=REPLICA_SET_SECONDARY, state=CONNECTED, ok=true, minWireVersion=0, maxWireVersion=25, maxDocumentSize=16777216, logicalSessionTimeoutMinutes=30, roundTripTimeNanos=127222600, setName='atlas-nbt1cq-shard-0', canonicalAddress=ac-l6uagqo-shard-00-02.ofgdpxv.mongodb.net:27017, hosts=[ac-l6uagqo-shard-00-02.ofgdpxv.mongodb.net:27017, ac-l6uagqo-shard-00-01.ofgdpxv.mongodb.net:27017, ac-l6uagqo-shard-00-00.ofgdpxv.mongodb.net:27017], passives=[], arbiters=[], primary='ac-l6uagqo-shard-00-01.ofgdpxv.mongodb.net:27017', tagSet=TagSet{[Tag{name='availabilityZone', value='aps1-az2'}, Tag{name='diskState', value='READY'}, Tag{name='nodeType', value='ELECTABLE'}, Tag{name='provider', value='AWS'}, Tag{name='region', value='AP_SOUTH_1'}, Tag{name='workloadType', value='OPERATIONAL'}]}, electionId=null, setVersion=25, topologyVersion=TopologyVersion{processId=697249fc870135aae8859e2b, counter=3}, lastWriteDate=Sun Jan 25 13:19:38 IST 2026, lastUpdateTimeNanos=925970320998000}
13:19:39.989 [cluster-ClusterId{value='6975ab15b215234ad9fec731', description='Cluster0'}-ac-l6uagqo-shard-00-00.ofgdpxv.mongodb.net:27017] INFO  org.mongodb.driver.cluster - Monitor thread successfully connected to server with description ServerDescription{address=ac-l6uagqo-shard-00-00.ofgdpxv.mongodb.net:27017, type=REPLICA_SET_SECONDARY, state=CONNECTED, ok=true, minWireVersion=0, maxWireVersion=25, maxDocumentSize=16777216, logicalSessionTimeoutMinutes=30, roundTripTimeNanos=125093600, setName='atlas-nbt1cq-shard-0', canonicalAddress=ac-l6uagqo-shard-00-00.ofgdpxv.mongodb.net:27017, hosts=[ac-l6uagqo-shard-00-02.ofgdpxv.mongodb.net:27017, ac-l6uagqo-shard-00-01.ofgdpxv.mongodb.net:27017, ac-l6uagqo-shard-00-00.ofgdpxv.mongodb.net:27017], passives=[], arbiters=[], primary='ac-l6uagqo-shard-00-01.ofgdpxv.mongodb.net:27017', tagSet=TagSet{[Tag{name='availabilityZone', value='aps1-az1'}, Tag{name='diskState', value='READY'}, Tag{name='nodeType', value='ELECTABLE'}, Tag{name='provider', value='AWS'}, Tag{name='region', value='AP_SOUTH_1'}, Tag{name='workloadType', value='OPERATIONAL'}]}, electionId=null, setVersion=25, topologyVersion=TopologyVersion{processId=69724970171d573d39dfaf2c, counter=4}, lastWriteDate=Sun Jan 25 13:19:38 IST 2026, lastUpdateTimeNanos=925970518350500}
13:20:00.362 [main] INFO  n.e.journalApp.JournalApplication - Starting JournalApplication using Java 17.0.17 with PID 17604 (E:\flutter_windows_3.19.4-stable\journalApp\target\classes started by Yash in E:\flutter_windows_3.19.4-stable\journalApp)
13:20:00.368 [main] INFO  n.e.journalApp.JournalApplication - The following 1 profile is active: "dev"
13:20:06.055 [main] INFO  o.s.d.r.c.RepositoryConfigurationDelegate - Multiple Spring Data modules found, entering strict repository configuration mode
13:20:06.058 [main] INFO  o.s.d.r.c.RepositoryConfigurationDelegate - Bootstrapping Spring Data MongoDB repositories in DEFAULT mode.
13:20:07.113 [main] INFO  o.s.d.r.c.RepositoryConfigurationDelegate - Finished Spring Data repository scanning in 1036 ms. Found 3 MongoDB repository interfaces.
13:20:07.207 [main] INFO  o.s.d.r.c.RepositoryConfigurationDelegate - Multiple Spring Data modules found, entering strict repository configuration mode
13:20:07.214 [main] INFO  o.s.d.r.c.RepositoryConfigurationDelegate - Bootstrapping Spring Data Redis repositories in DEFAULT mode.
13:20:07.293 [main] INFO  o.s.d.r.c.RepositoryConfigurationExtensionSupport - Spring Data Redis - Could not safely identify store assignment for repository candidate interface net.engineeringdigest.journalApp.repository.ConfigJournalAppRepository; If you want this repository to be a Redis repository, consider annotating your entities with one of these annotations: org.springframework.data.redis.core.RedisHash (preferred), or consider extending one of the following types with your repository: org.springframework.data.keyvalue.repository.KeyValueRepository
13:20:07.294 [main] INFO  o.s.d.r.c.RepositoryConfigurationExtensionSupport - Spring Data Redis - Could not safely identify store assignment for repository candidate interface net.engineeringdigest.journalApp.repository.JournalEntryRepository; If you want this repository to be a Redis repository, consider annotating your entities with one of these annotations: org.springframework.data.redis.core.RedisHash (preferred), or consider extending one of the following types with your repository: org.springframework.data.keyvalue.repository.KeyValueRepository
13:20:07.295 [main] INFO  o.s.d.r.c.RepositoryConfigurationExtensionSupport - Spring Data Redis - Could not safely identify store assignment for repository candidate interface net.engineeringdigest.journalApp.repository.UserRepository; If you want this repository to be a Redis repository, consider annotating your entities with one of these annotations: org.springframework.data.redis.core.RedisHash (preferred), or consider extending one of the following types with your repository: org.springframework.data.keyvalue.repository.KeyValueRepository
13:20:07.296 [main] INFO  o.s.d.r.c.RepositoryConfigurationDelegate - Finished Spring Data repository scanning in 27 ms. Found 0 Redis repository interfaces.
13:20:10.621 [main] INFO  o.s.b.w.e.tomcat.TomcatWebServer - Tomcat initialized with port 8080 (http)
13:20:10.674 [main] INFO  o.a.coyote.http11.Http11NioProtocol - Initializing ProtocolHandler ["http-nio-8080"]
13:20:10.688 [main] INFO  o.a.catalina.core.StandardService - Starting service [Tomcat]
13:20:10.690 [main] INFO  o.a.catalina.core.StandardEngine - Starting Servlet engine: [Apache Tomcat/10.1.30]
13:20:11.090 [main] INFO  o.a.c.c.C.[Tomcat].[localhost].[/] - Initializing Spring embedded WebApplicationContext
13:20:11.091 [main] INFO  o.s.b.w.s.c.ServletWebServerApplicationContext - Root WebApplicationContext: initialization completed in 10527 ms
13:20:11.943 [cluster-ClusterId{value='6975cb33969adb5d9a58c3e7', description='Cluster0'}-srv-cluster0.ofgdpxv.mongodb.net] INFO  org.mongodb.driver.cluster - Adding discovered server ac-l6uagqo-shard-00-02.ofgdpxv.mongodb.net:27017 to client view of cluster
13:20:12.054 [main] INFO  org.mongodb.driver.client - MongoClient with metadata {"application": {"name": "Cluster0"}, "driver": {"name": "mongo-java-driver|sync|spring-boot", "version": "5.0.1"}, "os": {"type": "Windows", "name": "Windows 10", "architecture": "amd64", "version": "10.0"}, "platform": "Java/Microsoft/17.0.17+10-LTS"} created with settings MongoClientSettings{readPreference=primary, writeConcern=WriteConcern{w=null, wTimeout=null ms, journal=null}, retryWrites=true, retryReads=true, readConcern=ReadConcern{level=null}, credential=MongoCredential{mechanism=null, userName='yashu17052000', source='admin', password=<hidden>, mechanismProperties=<hidden>}, transportSettings=null, commandListeners=[], codecRegistry=ProvidersCodecRegistry{codecProviders=[ValueCodecProvider{}, BsonValueCodecProvider{}, DBRefCodecProvider{}, DBObjectCodecProvider{}, DocumentCodecProvider{}, CollectionCodecProvider{}, IterableCodecProvider{}, MapCodecProvider{}, GeoJsonCodecProvider{}, GridFSFileCodecProvider{}, Jsr310CodecProvider{}, JsonObjectCodecProvider{}, BsonCodecProvider{}, EnumCodecProvider{}, com.mongodb.client.model.mql.ExpressionCodecProvider@6aae0e6f, com.mongodb.Jep395RecordCodecProvider@37775bb1, com.mongodb.KotlinCodecProvider@7b9e25bd]}, loggerSettings=LoggerSettings{maxDocumentLength=1000}, clusterSettings={hosts=[127.0.0.1:27017], srvHost=cluster0.ofgdpxv.mongodb.net, srvServiceName=mongodb, mode=MULTIPLE, requiredClusterType=REPLICA_SET, requiredReplicaSetName='atlas-nbt1cq-shard-0', serverSelector='null', clusterListeners='[]', serverSelectionTimeout='30000 ms', localThreshold='15 ms'}, socketSettings=SocketSettings{connectTimeoutMS=10000, readTimeoutMS=0, receiveBufferSize=0, proxySettings=ProxySettings{host=null, port=null, username=null, password=null}}, heartbeatSocketSettings=SocketSettings{connectTimeoutMS=10000, readTimeoutMS=10000, receiveBufferSize=0, proxySettings=ProxySettings{host=null, port=null, username=null, password=null}}, connectionPoolSettings=ConnectionPoolSettings{maxSize=100, minSize=0, maxWaitTimeMS=120000, maxConnectionLifeTimeMS=0, maxConnectionIdleTimeMS=0, maintenanceInitialDelayMS=0, maintenanceFrequencyMS=60000, connectionPoolListeners=[], maxConnecting=2}, serverSettings=ServerSettings{heartbeatFrequencyMS=10000, minHeartbeatFrequencyMS=500, serverListeners='[]', serverMonitorListeners='[]'}, sslSettings=SslSettings{enabled=true, invalidHostNameAllowed=false, context=null}, applicationName='Cluster0', compressorList=[], uuidRepresentation=JAVA_LEGACY, serverApi=null, autoEncryptionSettings=null, dnsClient=null, inetAddressResolver=null, contextProvider=null}
13:20:12.095 [cluster-ClusterId{value='6975cb33969adb5d9a58c3e7', description='Cluster0'}-srv-cluster0.ofgdpxv.mongodb.net] INFO  org.mongodb.driver.cluster - Adding discovered server ac-l6uagqo-shard-00-01.ofgdpxv.mongodb.net:27017 to client view of cluster
13:20:12.120 [cluster-ClusterId{value='6975cb33969adb5d9a58c3e7', description='Cluster0'}-srv-cluster0.ofgdpxv.mongodb.net] INFO  org.mongodb.driver.cluster - Adding discovered server ac-l6uagqo-shard-00-00.ofgdpxv.mongodb.net:27017 to client view of cluster
13:20:14.313 [cluster-ClusterId{value='6975cb33969adb5d9a58c3e7', description='Cluster0'}-ac-l6uagqo-shard-00-00.ofgdpxv.mongodb.net:27017] INFO  org.mongodb.driver.cluster - Monitor thread successfully connected to server with description ServerDescription{address=ac-l6uagqo-shard-00-00.ofgdpxv.mongodb.net:27017, type=REPLICA_SET_SECONDARY, state=CONNECTED, ok=true, minWireVersion=0, maxWireVersion=25, maxDocumentSize=16777216, logicalSessionTimeoutMinutes=30, roundTripTimeNanos=715495700, setName='atlas-nbt1cq-shard-0', canonicalAddress=ac-l6uagqo-shard-00-00.ofgdpxv.mongodb.net:27017, hosts=[ac-l6uagqo-shard-00-02.ofgdpxv.mongodb.net:27017, ac-l6uagqo-shard-00-01.ofgdpxv.mongodb.net:27017, ac-l6uagqo-shard-00-00.ofgdpxv.mongodb.net:27017], passives=[], arbiters=[], primary='ac-l6uagqo-shard-00-01.ofgdpxv.mongodb.net:27017', tagSet=TagSet{[Tag{name='availabilityZone', value='aps1-az1'}, Tag{name='diskState', value='READY'}, Tag{name='nodeType', value='ELECTABLE'}, Tag{name='provider', value='AWS'}, Tag{name='region', value='AP_SOUTH_1'}, Tag{name='workloadType', value='OPERATIONAL'}]}, electionId=null, setVersion=25, topologyVersion=TopologyVersion{processId=69724970171d573d39dfaf2c, counter=4}, lastWriteDate=Sun Jan 25 13:20:13 IST 2026, lastUpdateTimeNanos=926004834716500}
13:20:14.315 [cluster-ClusterId{value='6975cb33969adb5d9a58c3e7', description='Cluster0'}-ac-l6uagqo-shard-00-02.ofgdpxv.mongodb.net:27017] INFO  org.mongodb.driver.cluster - Monitor thread successfully connected to server with description ServerDescription{address=ac-l6uagqo-shard-00-02.ofgdpxv.mongodb.net:27017, type=REPLICA_SET_SECONDARY, state=CONNECTED, ok=true, minWireVersion=0, maxWireVersion=25, maxDocumentSize=16777216, logicalSessionTimeoutMinutes=30, roundTripTimeNanos=714700900, setName='atlas-nbt1cq-shard-0', canonicalAddress=ac-l6uagqo-shard-00-02.ofgdpxv.mongodb.net:27017, hosts=[ac-l6uagqo-shard-00-02.ofgdpxv.mongodb.net:27017, ac-l6uagqo-shard-00-01.ofgdpxv.mongodb.net:27017, ac-l6uagqo-shard-00-00.ofgdpxv.mongodb.net:27017], passives=[], arbiters=[], primary='ac-l6uagqo-shard-00-01.ofgdpxv.mongodb.net:27017', tagSet=TagSet{[Tag{name='availabilityZone', value='aps1-az2'}, Tag{name='diskState', value='READY'}, Tag{name='nodeType', value='ELECTABLE'}, Tag{name='provider', value='AWS'}, Tag{name='region', value='AP_SOUTH_1'}, Tag{name='workloadType', value='OPERATIONAL'}]}, electionId=null, setVersion=25, topologyVersion=TopologyVersion{processId=697249fc870135aae8859e2b, counter=3}, lastWriteDate=Sun Jan 25 13:20:13 GMT+05:30 2026, lastUpdateTimeNanos=926004833851100}
13:20:14.325 [cluster-ClusterId{value='6975cb33969adb5d9a58c3e7', description='Cluster0'}-ac-l6uagqo-shard-00-01.ofgdpxv.mongodb.net:27017] INFO  org.mongodb.driver.cluster - Monitor thread successfully connected to server with description ServerDescription{address=ac-l6uagqo-shard-00-01.ofgdpxv.mongodb.net:27017, type=REPLICA_SET_PRIMARY, state=CONNECTED, ok=true, minWireVersion=0, maxWireVersion=25, maxDocumentSize=16777216, logicalSessionTimeoutMinutes=30, roundTripTimeNanos=735322600, setName='atlas-nbt1cq-shard-0', canonicalAddress=ac-l6uagqo-shard-00-01.ofgdpxv.mongodb.net:27017, hosts=[ac-l6uagqo-shard-00-02.ofgdpxv.mongodb.net:27017, ac-l6uagqo-shard-00-01.ofgdpxv.mongodb.net:27017, ac-l6uagqo-shard-00-00.ofgdpxv.mongodb.net:27017], passives=[], arbiters=[], primary='ac-l6uagqo-shard-00-01.ofgdpxv.mongodb.net:27017', tagSet=TagSet{[Tag{name='availabilityZone', value='aps1-az3'}, Tag{name='diskState', value='READY'}, Tag{name='nodeType', value='ELECTABLE'}, Tag{name='provider', value='AWS'}, Tag{name='region', value='AP_SOUTH_1'}, Tag{name='workloadType', value='OPERATIONAL'}]}, electionId=7fffffff0000000000000044, setVersion=25, topologyVersion=TopologyVersion{processId=697249b6ae5dd124968fcbef, counter=6}, lastWriteDate=Sun Jan 25 13:20:13 GMT+05:30 2026, lastUpdateTimeNanos=926004854524300}
13:20:14.326 [cluster-ClusterId{value='6975cb33969adb5d9a58c3e7', description='Cluster0'}-ac-l6uagqo-shard-00-01.ofgdpxv.mongodb.net:27017] INFO  org.mongodb.driver.cluster - Discovered replica set primary ac-l6uagqo-shard-00-01.ofgdpxv.mongodb.net:27017 with max election id 7fffffff0000000000000044 and max set version 25
13:20:17.994 [main] WARN  o.s.s.c.a.a.c.InitializeUserDetailsBeanManagerConfigurer$InitializeUserDetailsManagerConfigurer - Global AuthenticationManager configured with an AuthenticationProvider bean. UserDetailsService beans will not be used for username/password login. Consider removing the AuthenticationProvider bean. Alternatively, consider using the UserDetailsService in a manually instantiated DaoAuthenticationProvider.
13:20:26.207 [main] INFO  o.a.coyote.http11.Http11NioProtocol - Starting ProtocolHandler ["http-nio-8080"]
13:20:26.266 [main] INFO  o.s.b.w.e.tomcat.TomcatWebServer - Tomcat started on port 8080 (http) with context path '/'
13:20:26.313 [main] INFO  n.e.journalApp.JournalApplication - Started JournalApplication in 27.363 seconds (process running for 30.797)
13:22:43.724 [main] INFO  n.e.journalApp.JournalApplication - Starting JournalApplication using Java 17.0.17 with PID 9456 (E:\flutter_windows_3.19.4-stable\journalApp\target\classes started by Yash in E:\flutter_windows_3.19.4-stable\journalApp)
13:22:43.729 [main] INFO  n.e.journalApp.JournalApplication - The following 1 profile is active: "dev"
13:22:46.227 [main] INFO  o.s.d.r.c.RepositoryConfigurationDelegate - Multiple Spring Data modules found, entering strict repository configuration mode
13:22:46.230 [main] INFO  o.s.d.r.c.RepositoryConfigurationDelegate - Bootstrapping Spring Data MongoDB repositories in DEFAULT mode.
13:22:46.674 [main] INFO  o.s.d.r.c.RepositoryConfigurationDelegate - Finished Spring Data repository scanning in 433 ms. Found 3 MongoDB repository interfaces.
13:22:46.724 [main] INFO  o.s.d.r.c.RepositoryConfigurationDelegate - Multiple Spring Data modules found, entering strict repository configuration mode
13:22:46.727 [main] INFO  o.s.d.r.c.RepositoryConfigurationDelegate - Bootstrapping Spring Data Redis repositories in DEFAULT mode.
13:22:46.765 [main] INFO  o.s.d.r.c.RepositoryConfigurationExtensionSupport - Spring Data Redis - Could not safely identify store assignment for repository candidate interface net.engineeringdigest.journalApp.repository.ConfigJournalAppRepository; If you want this repository to be a Redis repository, consider annotating your entities with one of these annotations: org.springframework.data.redis.core.RedisHash (preferred), or consider extending one of the following types with your repository: org.springframework.data.keyvalue.repository.KeyValueRepository
13:22:46.766 [main] INFO  o.s.d.r.c.RepositoryConfigurationExtensionSupport - Spring Data Redis - Could not safely identify store assignment for repository candidate interface net.engineeringdigest.journalApp.repository.JournalEntryRepository; If you want this repository to be a Redis repository, consider annotating your entities with one of these annotations: org.springframework.data.redis.core.RedisHash (preferred), or consider extending one of the following types with your repository: org.springframework.data.keyvalue.repository.KeyValueRepository
13:22:46.767 [main] INFO  o.s.d.r.c.RepositoryConfigurationExtensionSupport - Spring Data Redis - Could not safely identify store assignment for repository candidate interface net.engineeringdigest.journalApp.repository.UserRepository; If you want this repository to be a Redis repository, consider annotating your entities with one of these annotations: org.springframework.data.redis.core.RedisHash (preferred), or consider extending one of the following types with your repository: org.springframework.data.keyvalue.repository.KeyValueRepository
13:22:46.768 [main] INFO  o.s.d.r.c.RepositoryConfigurationDelegate - Finished Spring Data repository scanning in 20 ms. Found 0 Redis repository interfaces.
13:22:48.382 [main] INFO  o.s.b.w.e.tomcat.TomcatWebServer - Tomcat initialized with port 8080 (http)
13:22:48.404 [main] INFO  o.a.coyote.http11.Http11NioProtocol - Initializing ProtocolHandler ["http-nio-8080"]
13:22:48.413 [main] INFO  o.a.catalina.core.StandardService - Starting service [Tomcat]
13:22:48.414 [main] INFO  o.a.catalina.core.StandardEngine - Starting Servlet engine: [Apache Tomcat/10.1.30]
13:22:48.639 [main] INFO  o.a.c.c.C.[Tomcat].[localhost].[/] - Initializing Spring embedded WebApplicationContext
13:22:48.640 [main] INFO  o.s.b.w.s.c.ServletWebServerApplicationContext - Root WebApplicationContext: initialization completed in 4729 ms
13:22:49.084 [cluster-ClusterId{value='6975cbd0d807ca3da53cdd32', description='Cluster0'}-srv-cluster0.ofgdpxv.mongodb.net] INFO  org.mongodb.driver.cluster - Adding discovered server ac-l6uagqo-shard-00-02.ofgdpxv.mongodb.net:27017 to client view of cluster
13:22:49.134 [main] INFO  org.mongodb.driver.client - MongoClient with metadata {"application": {"name": "Cluster0"}, "driver": {"name": "mongo-java-driver|sync|spring-boot", "version": "5.0.1"}, "os": {"type": "Windows", "name": "Windows 10", "architecture": "amd64", "version": "10.0"}, "platform": "Java/Microsoft/17.0.17+10-LTS"} created with settings MongoClientSettings{readPreference=primary, writeConcern=WriteConcern{w=null, wTimeout=null ms, journal=null}, retryWrites=true, retryReads=true, readConcern=ReadConcern{level=null}, credential=MongoCredential{mechanism=null, userName='yashu17052000', source='admin', password=<hidden>, mechanismProperties=<hidden>}, transportSettings=null, commandListeners=[], codecRegistry=ProvidersCodecRegistry{codecProviders=[ValueCodecProvider{}, BsonValueCodecProvider{}, DBRefCodecProvider{}, DBObjectCodecProvider{}, DocumentCodecProvider{}, CollectionCodecProvider{}, IterableCodecProvider{}, MapCodecProvider{}, GeoJsonCodecProvider{}, GridFSFileCodecProvider{}, Jsr310CodecProvider{}, JsonObjectCodecProvider{}, BsonCodecProvider{}, EnumCodecProvider{}, com.mongodb.client.model.mql.ExpressionCodecProvider@7bd38fed, com.mongodb.Jep395RecordCodecProvider@377dfb8d, com.mongodb.KotlinCodecProvider@42a0786f]}, loggerSettings=LoggerSettings{maxDocumentLength=1000}, clusterSettings={hosts=[127.0.0.1:27017], srvHost=cluster0.ofgdpxv.mongodb.net, srvServiceName=mongodb, mode=MULTIPLE, requiredClusterType=REPLICA_SET, requiredReplicaSetName='atlas-nbt1cq-shard-0', serverSelector='null', clusterListeners='[]', serverSelectionTimeout='30000 ms', localThreshold='15 ms'}, socketSettings=SocketSettings{connectTimeoutMS=10000, readTimeoutMS=0, receiveBufferSize=0, proxySettings=ProxySettings{host=null, port=null, username=null, password=null}}, heartbeatSocketSettings=SocketSettings{connectTimeoutMS=10000, readTimeoutMS=10000, receiveBufferSize=0, proxySettings=ProxySettings{host=null, port=null, username=null, password=null}}, connectionPoolSettings=ConnectionPoolSettings{maxSize=100, minSize=0, maxWaitTimeMS=120000, maxConnectionLifeTimeMS=0, maxConnectionIdleTimeMS=0, maintenanceInitialDelayMS=0, maintenanceFrequencyMS=60000, connectionPoolListeners=[], maxConnecting=2}, serverSettings=ServerSettings{heartbeatFrequencyMS=10000, minHeartbeatFrequencyMS=500, serverListeners='[]', serverMonitorListeners='[]'}, sslSettings=SslSettings{enabled=true, invalidHostNameAllowed=false, context=null}, applicationName='Cluster0', compressorList=[], uuidRepresentation=JAVA_LEGACY, serverApi=null, autoEncryptionSettings=null, dnsClient=null, inetAddressResolver=null, contextProvider=null}
13:22:49.155 [cluster-ClusterId{value='6975cbd0d807ca3da53cdd32', description='Cluster0'}-srv-cluster0.ofgdpxv.mongodb.net] INFO  org.mongodb.driver.cluster - Adding discovered server ac-l6uagqo-shard-00-00.ofgdpxv.mongodb.net:27017 to client view of cluster
13:22:49.164 [cluster-ClusterId{value='6975cbd0d807ca3da53cdd32', description='Cluster0'}-srv-cluster0.ofgdpxv.mongodb.net] INFO  org.mongodb.driver.cluster - Adding discovered server ac-l6uagqo-shard-00-01.ofgdpxv.mongodb.net:27017 to client view of cluster
13:22:50.242 [cluster-ClusterId{value='6975cbd0d807ca3da53cdd32', description='Cluster0'}-ac-l6uagqo-shard-00-01.ofgdpxv.mongodb.net:27017] INFO  org.mongodb.driver.cluster - Monitor thread successfully connected to server with description ServerDescription{address=ac-l6uagqo-shard-00-01.ofgdpxv.mongodb.net:27017, type=REPLICA_SET_PRIMARY, state=CONNECTED, ok=true, minWireVersion=0, maxWireVersion=25, maxDocumentSize=16777216, logicalSessionTimeoutMinutes=30, roundTripTimeNanos=513584400, setName='atlas-nbt1cq-shard-0', canonicalAddress=ac-l6uagqo-shard-00-01.ofgdpxv.mongodb.net:27017, hosts=[ac-l6uagqo-shard-00-02.ofgdpxv.mongodb.net:27017, ac-l6uagqo-shard-00-01.ofgdpxv.mongodb.net:27017, ac-l6uagqo-shard-00-00.ofgdpxv.mongodb.net:27017], passives=[], arbiters=[], primary='ac-l6uagqo-shard-00-01.ofgdpxv.mongodb.net:27017', tagSet=TagSet{[Tag{name='availabilityZone', value='aps1-az3'}, Tag{name='diskState', value='READY'}, Tag{name='nodeType', value='ELECTABLE'}, Tag{name='provider', value='AWS'}, Tag{name='region', value='AP_SOUTH_1'}, Tag{name='workloadType', value='OPERATIONAL'}]}, electionId=7fffffff0000000000000044, setVersion=25, topologyVersion=TopologyVersion{processId=697249b6ae5dd124968fcbef, counter=6}, lastWriteDate=Sun Jan 25 13:22:49 IST 2026, lastUpdateTimeNanos=926160767693900}
13:22:50.245 [cluster-ClusterId{value='6975cbd0d807ca3da53cdd32', description='Cluster0'}-ac-l6uagqo-shard-00-02.ofgdpxv.mongodb.net:27017] INFO  org.mongodb.driver.cluster - Monitor thread successfully connected to server with description ServerDescription{address=ac-l6uagqo-shard-00-02.ofgdpxv.mongodb.net:27017, type=REPLICA_SET_SECONDARY, state=CONNECTED, ok=true, minWireVersion=0, maxWireVersion=25, maxDocumentSize=16777216, logicalSessionTimeoutMinutes=30, roundTripTimeNanos=519536500, setName='atlas-nbt1cq-shard-0', canonicalAddress=ac-l6uagqo-shard-00-02.ofgdpxv.mongodb.net:27017, hosts=[ac-l6uagqo-shard-00-02.ofgdpxv.mongodb.net:27017, ac-l6uagqo-shard-00-01.ofgdpxv.mongodb.net:27017, ac-l6uagqo-shard-00-00.ofgdpxv.mongodb.net:27017], passives=[], arbiters=[], primary='ac-l6uagqo-shard-00-01.ofgdpxv.mongodb.net:27017', tagSet=TagSet{[Tag{name='availabilityZone', value='aps1-az2'}, Tag{name='diskState', value='READY'}, Tag{name='nodeType', value='ELECTABLE'}, Tag{name='provider', value='AWS'}, Tag{name='region', value='AP_SOUTH_1'}, Tag{name='workloadType', value='OPERATIONAL'}]}, electionId=null, setVersion=25, topologyVersion=TopologyVersion{processId=697249fc870135aae8859e2b, counter=3}, lastWriteDate=Sun Jan 25 13:22:49 IST 2026, lastUpdateTimeNanos=926160773625700}
13:22:50.245 [cluster-ClusterId{value='6975cbd0d807ca3da53cdd32', description='Cluster0'}-ac-l6uagqo-shard-00-00.ofgdpxv.mongodb.net:27017] INFO  org.mongodb.driver.cluster - Monitor thread successfully connected to server with description ServerDescription{address=ac-l6uagqo-shard-00-00.ofgdpxv.mongodb.net:27017, type=REPLICA_SET_SECONDARY, state=CONNECTED, ok=true, minWireVersion=0, maxWireVersion=25, maxDocumentSize=16777216, logicalSessionTimeoutMinutes=30, roundTripTimeNanos=515520800, setName='atlas-nbt1cq-shard-0', canonicalAddress=ac-l6uagqo-shard-00-00.ofgdpxv.mongodb.net:27017, hosts=[ac-l6uagqo-shard-00-02.ofgdpxv.mongodb.net:27017, ac-l6uagqo-shard-00-01.ofgdpxv.mongodb.net:27017, ac-l6uagqo-shard-00-00.ofgdpxv.mongodb.net:27017], passives=[], arbiters=[], primary='ac-l6uagqo-shard-00-01.ofgdpxv.mongodb.net:27017', tagSet=TagSet{[Tag{name='availabilityZone', value='aps1-az1'}, Tag{name='diskState', value='READY'}, Tag{name='nodeType', value='ELECTABLE'}, Tag{name='provider', value='AWS'}, Tag{name='region', value='AP_SOUTH_1'}, Tag{name='workloadType', value='OPERATIONAL'}]}, electionId=null, setVersion=25, topologyVersion=TopologyVersion{processId=69724970171d573d39dfaf2c, counter=4}, lastWriteDate=Sun Jan 25 13:22:49 IST 2026, lastUpdateTimeNanos=926160769535000}
13:22:50.252 [cluster-ClusterId{value='6975cbd0d807ca3da53cdd32', description='Cluster0'}-ac-l6uagqo-shard-00-01.ofgdpxv.mongodb.net:27017] INFO  org.mongodb.driver.cluster - Discovered replica set primary ac-l6uagqo-shard-00-01.ofgdpxv.mongodb.net:27017 with max election id 7fffffff0000000000000044 and max set version 25
13:22:51.832 [main] WARN  o.s.s.c.a.a.c.InitializeUserDetailsBeanManagerConfigurer$InitializeUserDetailsManagerConfigurer - Global AuthenticationManager configured with an AuthenticationProvider bean. UserDetailsService beans will not be used for username/password login. Consider removing the AuthenticationProvider bean. Alternatively, consider using the UserDetailsService in a manually instantiated DaoAuthenticationProvider.
13:22:56.688 [main] INFO  o.a.coyote.http11.Http11NioProtocol - Starting ProtocolHandler ["http-nio-8080"]
13:22:56.732 [main] INFO  o.s.b.w.e.tomcat.TomcatWebServer - Tomcat started on port 8080 (http) with context path '/'
13:22:56.776 [main] INFO  n.e.journalApp.JournalApplication - Started JournalApplication in 14.018 seconds (process running for 15.566)
13:23:05.291 [http-nio-8080-exec-2] INFO  o.a.c.c.C.[Tomcat].[localhost].[/] - Initializing Spring DispatcherServlet 'dispatcherServlet'
13:23:05.292 [http-nio-8080-exec-2] INFO  o.s.web.servlet.DispatcherServlet - Initializing Servlet 'dispatcherServlet'
13:23:05.467 [http-nio-8080-exec-2] INFO  o.s.web.servlet.DispatcherServlet - Completed initialization in 173 ms
13:23:05.935 [http-nio-8080-exec-2] WARN  o.a.c.util.SessionIdGeneratorBase - Creation of SecureRandom instance for session ID generation using [SHA1PRNG] took [160] milliseconds.
13:23:05.947 [http-nio-8080-exec-1] WARN  o.a.c.util.SessionIdGeneratorBase - Creation of SecureRandom instance for session ID generation using [SHA1PRNG] took [182] milliseconds.
13:26:52.656 [main] INFO  n.e.journalApp.JournalApplication - Starting JournalApplication using Java 17.0.17 with PID 12700 (E:\flutter_windows_3.19.4-stable\journalApp\target\classes started by Yash in E:\flutter_windows_3.19.4-stable\journalApp)
13:26:52.663 [main] INFO  n.e.journalApp.JournalApplication - The following 1 profile is active: "dev"
13:26:55.064 [main] INFO  o.s.d.r.c.RepositoryConfigurationDelegate - Multiple Spring Data modules found, entering strict repository configuration mode
13:26:55.067 [main] INFO  o.s.d.r.c.RepositoryConfigurationDelegate - Bootstrapping Spring Data MongoDB repositories in DEFAULT mode.
13:26:55.471 [main] INFO  o.s.d.r.c.RepositoryConfigurationDelegate - Finished Spring Data repository scanning in 392 ms. Found 3 MongoDB repository interfaces.
13:26:55.515 [main] INFO  o.s.d.r.c.RepositoryConfigurationDelegate - Multiple Spring Data modules found, entering strict repository configuration mode
13:26:55.519 [main] INFO  o.s.d.r.c.RepositoryConfigurationDelegate - Bootstrapping Spring Data Redis repositories in DEFAULT mode.
13:26:55.560 [main] INFO  o.s.d.r.c.RepositoryConfigurationExtensionSupport - Spring Data Redis - Could not safely identify store assignment for repository candidate interface net.engineeringdigest.journalApp.repository.ConfigJournalAppRepository; If you want this repository to be a Redis repository, consider annotating your entities with one of these annotations: org.springframework.data.redis.core.RedisHash (preferred), or consider extending one of the following types with your repository: org.springframework.data.keyvalue.repository.KeyValueRepository
13:26:55.561 [main] INFO  o.s.d.r.c.RepositoryConfigurationExtensionSupport - Spring Data Redis - Could not safely identify store assignment for repository candidate interface net.engineeringdigest.journalApp.repository.JournalEntryRepository; If you want this repository to be a Redis repository, consider annotating your entities with one of these annotations: org.springframework.data.redis.core.RedisHash (preferred), or consider extending one of the following types with your repository: org.springframework.data.keyvalue.repository.KeyValueRepository
13:26:55.562 [main] INFO  o.s.d.r.c.RepositoryConfigurationExtensionSupport - Spring Data Redis - Could not safely identify store assignment for repository candidate interface net.engineeringdigest.journalApp.repository.UserRepository; If you want this repository to be a Redis repository, consider annotating your entities with one of these annotations: org.springframework.data.redis.core.RedisHash (preferred), or consider extending one of the following types with your repository: org.springframework.data.keyvalue.repository.KeyValueRepository
13:26:55.562 [main] INFO  o.s.d.r.c.RepositoryConfigurationDelegate - Finished Spring Data repository scanning in 21 ms. Found 0 Redis repository interfaces.
13:26:57.126 [main] INFO  o.s.b.w.e.tomcat.TomcatWebServer - Tomcat initialized with port 8080 (http)
13:26:57.148 [main] INFO  o.a.coyote.http11.Http11NioProtocol - Initializing ProtocolHandler ["http-nio-8080"]
13:26:57.168 [main] INFO  o.a.catalina.core.StandardService - Starting service [Tomcat]
13:26:57.169 [main] INFO  o.a.catalina.core.StandardEngine - Starting Servlet engine: [Apache Tomcat/10.1.30]
13:26:57.385 [main] INFO  o.a.c.c.C.[Tomcat].[localhost].[/] - Initializing Spring embedded WebApplicationContext
13:26:57.386 [main] INFO  o.s.b.w.s.c.ServletWebServerApplicationContext - Root WebApplicationContext: initialization completed in 4524 ms
13:26:57.812 [cluster-ClusterId{value='6975ccc9cdaa3709f8cc4d7d', description='Cluster0'}-srv-cluster0.ofgdpxv.mongodb.net] INFO  org.mongodb.driver.cluster - Adding discovered server ac-l6uagqo-shard-00-02.ofgdpxv.mongodb.net:27017 to client view of cluster
13:26:57.928 [main] INFO  org.mongodb.driver.client - MongoClient with metadata {"application": {"name": "Cluster0"}, "driver": {"name": "mongo-java-driver|sync|spring-boot", "version": "5.0.1"}, "os": {"type": "Windows", "name": "Windows 10", "architecture": "amd64", "version": "10.0"}, "platform": "Java/Microsoft/17.0.17+10-LTS"} created with settings MongoClientSettings{readPreference=primary, writeConcern=WriteConcern{w=null, wTimeout=null ms, journal=null}, retryWrites=true, retryReads=true, readConcern=ReadConcern{level=null}, credential=MongoCredential{mechanism=null, userName='yashu17052000', source='admin', password=<hidden>, mechanismProperties=<hidden>}, transportSettings=null, commandListeners=[], codecRegistry=ProvidersCodecRegistry{codecProviders=[ValueCodecProvider{}, BsonValueCodecProvider{}, DBRefCodecProvider{}, DBObjectCodecProvider{}, DocumentCodecProvider{}, CollectionCodecProvider{}, IterableCodecProvider{}, MapCodecProvider{}, GeoJsonCodecProvider{}, GridFSFileCodecProvider{}, Jsr310CodecProvider{}, JsonObjectCodecProvider{}, BsonCodecProvider{}, EnumCodecProvider{}, com.mongodb.client.model.mql.ExpressionCodecProvider@6ad6443, com.mongodb.Jep395RecordCodecProvider@78b03788, com.mongodb.KotlinCodecProvider@3f5dfe69]}, loggerSettings=LoggerSettings{maxDocumentLength=1000}, clusterSettings={hosts=[127.0.0.1:27017], srvHost=cluster0.ofgdpxv.mongodb.net, srvServiceName=mongodb, mode=MULTIPLE, requiredClusterType=REPLICA_SET, requiredReplicaSetName='atlas-nbt1cq-shard-0', serverSelector='null', clusterListeners='[]', serverSelectionTimeout='30000 ms', localThreshold='15 ms'}, socketSettings=SocketSettings{connectTimeoutMS=10000, readTimeoutMS=0, receiveBufferSize=0, proxySettings=ProxySettings{host=null, port=null, username=null, password=null}}, heartbeatSocketSettings=SocketSettings{connectTimeoutMS=10000, readTimeoutMS=10000, receiveBufferSize=0, proxySettings=ProxySettings{host=null, port=null, username=null, password=null}}, connectionPoolSettings=ConnectionPoolSettings{maxSize=100, minSize=0, maxWaitTimeMS=120000, maxConnectionLifeTimeMS=0, maxConnectionIdleTimeMS=0, maintenanceInitialDelayMS=0, maintenanceFrequencyMS=60000, connectionPoolListeners=[], maxConnecting=2}, serverSettings=ServerSettings{heartbeatFrequencyMS=10000, minHeartbeatFrequencyMS=500, serverListeners='[]', serverMonitorListeners='[]'}, sslSettings=SslSettings{enabled=true, invalidHostNameAllowed=false, context=null}, applicationName='Cluster0', compressorList=[], uuidRepresentation=JAVA_LEGACY, serverApi=null, autoEncryptionSettings=null, dnsClient=null, inetAddressResolver=null, contextProvider=null}
13:26:57.939 [cluster-ClusterId{value='6975ccc9cdaa3709f8cc4d7d', description='Cluster0'}-srv-cluster0.ofgdpxv.mongodb.net] INFO  org.mongodb.driver.cluster - Adding discovered server ac-l6uagqo-shard-00-00.ofgdpxv.mongodb.net:27017 to client view of cluster
13:26:57.946 [cluster-ClusterId{value='6975ccc9cdaa3709f8cc4d7d', description='Cluster0'}-srv-cluster0.ofgdpxv.mongodb.net] INFO  org.mongodb.driver.cluster - Adding discovered server ac-l6uagqo-shard-00-01.ofgdpxv.mongodb.net:27017 to client view of cluster
13:26:59.074 [cluster-ClusterId{value='6975ccc9cdaa3709f8cc4d7d', description='Cluster0'}-ac-l6uagqo-shard-00-02.ofgdpxv.mongodb.net:27017] INFO  org.mongodb.driver.cluster - Monitor thread successfully connected to server with description ServerDescription{address=ac-l6uagqo-shard-00-02.ofgdpxv.mongodb.net:27017, type=REPLICA_SET_SECONDARY, state=CONNECTED, ok=true, minWireVersion=0, maxWireVersion=25, maxDocumentSize=16777216, logicalSessionTimeoutMinutes=30, roundTripTimeNanos=532112100, setName='atlas-nbt1cq-shard-0', canonicalAddress=ac-l6uagqo-shard-00-02.ofgdpxv.mongodb.net:27017, hosts=[ac-l6uagqo-shard-00-02.ofgdpxv.mongodb.net:27017, ac-l6uagqo-shard-00-01.ofgdpxv.mongodb.net:27017, ac-l6uagqo-shard-00-00.ofgdpxv.mongodb.net:27017], passives=[], arbiters=[], primary='ac-l6uagqo-shard-00-01.ofgdpxv.mongodb.net:27017', tagSet=TagSet{[Tag{name='availabilityZone', value='aps1-az2'}, Tag{name='diskState', value='READY'}, Tag{name='nodeType', value='ELECTABLE'}, Tag{name='provider', value='AWS'}, Tag{name='region', value='AP_SOUTH_1'}, Tag{name='workloadType', value='OPERATIONAL'}]}, electionId=null, setVersion=25, topologyVersion=TopologyVersion{processId=697249fc870135aae8859e2b, counter=3}, lastWriteDate=Sun Jan 25 13:26:57 IST 2026, lastUpdateTimeNanos=926409599822300}
13:26:59.076 [cluster-ClusterId{value='6975ccc9cdaa3709f8cc4d7d', description='Cluster0'}-ac-l6uagqo-shard-00-00.ofgdpxv.mongodb.net:27017] INFO  org.mongodb.driver.cluster - Monitor thread successfully connected to server with description ServerDescription{address=ac-l6uagqo-shard-00-00.ofgdpxv.mongodb.net:27017, type=REPLICA_SET_SECONDARY, state=CONNECTED, ok=true, minWireVersion=0, maxWireVersion=25, maxDocumentSize=16777216, logicalSessionTimeoutMinutes=30, roundTripTimeNanos=532327800, setName='atlas-nbt1cq-shard-0', canonicalAddress=ac-l6uagqo-shard-00-00.ofgdpxv.mongodb.net:27017, hosts=[ac-l6uagqo-shard-00-02.ofgdpxv.mongodb.net:27017, ac-l6uagqo-shard-00-01.ofgdpxv.mongodb.net:27017, ac-l6uagqo-shard-00-00.ofgdpxv.mongodb.net:27017], passives=[], arbiters=[], primary='ac-l6uagqo-shard-00-01.ofgdpxv.mongodb.net:27017', tagSet=TagSet{[Tag{name='availabilityZone', value='aps1-az1'}, Tag{name='diskState', value='READY'}, Tag{name='nodeType', value='ELECTABLE'}, Tag{name='provider', value='AWS'}, Tag{name='region', value='AP_SOUTH_1'}, Tag{name='workloadType', value='OPERATIONAL'}]}, electionId=null, setVersion=25, topologyVersion=TopologyVersion{processId=69724970171d573d39dfaf2c, counter=4}, lastWriteDate=Sun Jan 25 13:26:57 IST 2026, lastUpdateTimeNanos=926409600048400}
13:26:59.077 [cluster-ClusterId{value='6975ccc9cdaa3709f8cc4d7d', description='Cluster0'}-ac-l6uagqo-shard-00-01.ofgdpxv.mongodb.net:27017] INFO  org.mongodb.driver.cluster - Monitor thread successfully connected to server with description ServerDescription{address=ac-l6uagqo-shard-00-01.ofgdpxv.mongodb.net:27017, type=REPLICA_SET_PRIMARY, state=CONNECTED, ok=true, minWireVersion=0, maxWireVersion=25, maxDocumentSize=16777216, logicalSessionTimeoutMinutes=30, roundTripTimeNanos=532078600, setName='atlas-nbt1cq-shard-0', canonicalAddress=ac-l6uagqo-shard-00-01.ofgdpxv.mongodb.net:27017, hosts=[ac-l6uagqo-shard-00-02.ofgdpxv.mongodb.net:27017, ac-l6uagqo-shard-00-01.ofgdpxv.mongodb.net:27017, ac-l6uagqo-shard-00-00.ofgdpxv.mongodb.net:27017], passives=[], arbiters=[], primary='ac-l6uagqo-shard-00-01.ofgdpxv.mongodb.net:27017', tagSet=TagSet{[Tag{name='availabilityZone', value='aps1-az3'}, Tag{name='diskState', value='READY'}, Tag{name='nodeType', value='ELECTABLE'}, Tag{name='provider', value='AWS'}, Tag{name='region', value='AP_SOUTH_1'}, Tag{name='workloadType', value='OPERATIONAL'}]}, electionId=7fffffff0000000000000044, setVersion=25, topologyVersion=TopologyVersion{processId=697249b6ae5dd124968fcbef, counter=6}, lastWriteDate=Sun Jan 25 13:26:57 IST 2026, lastUpdateTimeNanos=926409599743000}
13:26:59.085 [cluster-ClusterId{value='6975ccc9cdaa3709f8cc4d7d', description='Cluster0'}-ac-l6uagqo-shard-00-01.ofgdpxv.mongodb.net:27017] INFO  org.mongodb.driver.cluster - Discovered replica set primary ac-l6uagqo-shard-00-01.ofgdpxv.mongodb.net:27017 with max election id 7fffffff0000000000000044 and max set version 25
13:27:00.607 [main] WARN  o.s.s.c.a.a.c.InitializeUserDetailsBeanManagerConfigurer$InitializeUserDetailsManagerConfigurer - Global AuthenticationManager configured with an AuthenticationProvider bean. UserDetailsService beans will not be used for username/password login. Consider removing the AuthenticationProvider bean. Alternatively, consider using the UserDetailsService in a manually instantiated DaoAuthenticationProvider.
13:27:04.175 [main] INFO  o.a.coyote.http11.Http11NioProtocol - Starting ProtocolHandler ["http-nio-8080"]
13:27:04.223 [main] INFO  o.s.b.w.e.tomcat.TomcatWebServer - Tomcat started on port 8080 (http) with context path '/'
13:27:04.256 [main] INFO  n.e.journalApp.JournalApplication - Started JournalApplication in 12.565 seconds (process running for 14.154)
13:28:54.993 [http-nio-8080-exec-2] INFO  o.a.c.c.C.[Tomcat].[localhost].[/] - Initializing Spring DispatcherServlet 'dispatcherServlet'
13:28:54.993 [http-nio-8080-exec-2] INFO  o.s.web.servlet.DispatcherServlet - Initializing Servlet 'dispatcherServlet'
13:28:54.993 [http-nio-8080-exec-2] INFO  o.s.web.servlet.DispatcherServlet - Completed initialization in 0 ms
13:28:55.451 [http-nio-8080-exec-2] WARN  o.a.c.util.SessionIdGeneratorBase - Creation of SecureRandom instance for session ID generation using [SHA1PRNG] took [187] milliseconds.
13:28:55.476 [http-nio-8080-exec-1] WARN  o.a.c.util.SessionIdGeneratorBase - Creation of SecureRandom instance for session ID generation using [SHA1PRNG] took [207] milliseconds.
13:36:19.578 [main] INFO  n.e.journalApp.JournalApplication - Starting JournalApplication using Java 17.0.17 with PID 19220 (E:\flutter_windows_3.19.4-stable\journalApp\target\classes started by Yash in E:\flutter_windows_3.19.4-stable\journalApp)
13:36:19.588 [main] INFO  n.e.journalApp.JournalApplication - The following 1 profile is active: "dev"
13:36:22.418 [main] INFO  o.s.d.r.c.RepositoryConfigurationDelegate - Multiple Spring Data modules found, entering strict repository configuration mode
13:36:22.423 [main] INFO  o.s.d.r.c.RepositoryConfigurationDelegate - Bootstrapping Spring Data MongoDB repositories in DEFAULT mode.
13:36:22.828 [main] INFO  o.s.d.r.c.RepositoryConfigurationDelegate - Finished Spring Data repository scanning in 395 ms. Found 3 MongoDB repository interfaces.
13:36:22.898 [main] INFO  o.s.d.r.c.RepositoryConfigurationDelegate - Multiple Spring Data modules found, entering strict repository configuration mode
13:36:22.903 [main] INFO  o.s.d.r.c.RepositoryConfigurationDelegate - Bootstrapping Spring Data Redis repositories in DEFAULT mode.
13:36:22.943 [main] INFO  o.s.d.r.c.RepositoryConfigurationExtensionSupport - Spring Data Redis - Could not safely identify store assignment for repository candidate interface net.engineeringdigest.journalApp.repository.ConfigJournalAppRepository; If you want this repository to be a Redis repository, consider annotating your entities with one of these annotations: org.springframework.data.redis.core.RedisHash (preferred), or consider extending one of the following types with your repository: org.springframework.data.keyvalue.repository.KeyValueRepository
13:36:22.943 [main] INFO  o.s.d.r.c.RepositoryConfigurationExtensionSupport - Spring Data Redis - Could not safely identify store assignment for repository candidate interface net.engineeringdigest.journalApp.repository.JournalEntryRepository; If you want this repository to be a Redis repository, consider annotating your entities with one of these annotations: org.springframework.data.redis.core.RedisHash (preferred), or consider extending one of the following types with your repository: org.springframework.data.keyvalue.repository.KeyValueRepository
13:36:22.943 [main] INFO  o.s.d.r.c.RepositoryConfigurationExtensionSupport - Spring Data Redis - Could not safely identify store assignment for repository candidate interface net.engineeringdigest.journalApp.repository.UserRepository; If you want this repository to be a Redis repository, consider annotating your entities with one of these annotations: org.springframework.data.redis.core.RedisHash (preferred), or consider extending one of the following types with your repository: org.springframework.data.keyvalue.repository.KeyValueRepository
13:36:22.943 [main] INFO  o.s.d.r.c.RepositoryConfigurationDelegate - Finished Spring Data repository scanning in 22 ms. Found 0 Redis repository interfaces.
13:36:24.520 [main] INFO  o.s.b.w.e.tomcat.TomcatWebServer - Tomcat initialized with port 8080 (http)
13:36:24.548 [main] INFO  o.a.coyote.http11.Http11NioProtocol - Initializing ProtocolHandler ["http-nio-8080"]
13:36:24.555 [main] INFO  o.a.catalina.core.StandardService - Starting service [Tomcat]
13:36:24.555 [main] INFO  o.a.catalina.core.StandardEngine - Starting Servlet engine: [Apache Tomcat/10.1.30]
13:36:24.765 [main] INFO  o.a.c.c.C.[Tomcat].[localhost].[/] - Initializing Spring embedded WebApplicationContext
13:36:24.765 [main] INFO  o.s.b.w.s.c.ServletWebServerApplicationContext - Root WebApplicationContext: initialization completed in 4964 ms
13:36:25.205 [cluster-ClusterId{value='6975cf01c200d635b60bd469', description='Cluster0'}-srv-cluster0.ofgdpxv.mongodb.net] INFO  org.mongodb.driver.cluster - Adding discovered server ac-l6uagqo-shard-00-02.ofgdpxv.mongodb.net:27017 to client view of cluster
13:36:25.268 [main] INFO  org.mongodb.driver.client - MongoClient with metadata {"application": {"name": "Cluster0"}, "driver": {"name": "mongo-java-driver|sync|spring-boot", "version": "5.0.1"}, "os": {"type": "Windows", "name": "Windows 10", "architecture": "amd64", "version": "10.0"}, "platform": "Java/Microsoft/17.0.17+10-LTS"} created with settings MongoClientSettings{readPreference=primary, writeConcern=WriteConcern{w=null, wTimeout=null ms, journal=null}, retryWrites=true, retryReads=true, readConcern=ReadConcern{level=null}, credential=MongoCredential{mechanism=null, userName='yashu17052000', source='admin', password=<hidden>, mechanismProperties=<hidden>}, transportSettings=null, commandListeners=[], codecRegistry=ProvidersCodecRegistry{codecProviders=[ValueCodecProvider{}, BsonValueCodecProvider{}, DBRefCodecProvider{}, DBObjectCodecProvider{}, DocumentCodecProvider{}, CollectionCodecProvider{}, IterableCodecProvider{}, MapCodecProvider{}, GeoJsonCodecProvider{}, GridFSFileCodecProvider{}, Jsr310CodecProvider{}, JsonObjectCodecProvider{}, BsonCodecProvider{}, EnumCodecProvider{}, com.mongodb.client.model.mql.ExpressionCodecProvider@203e705e, com.mongodb.Jep395RecordCodecProvider@78c74647, com.mongodb.KotlinCodecProvider@39652a30]}, loggerSettings=LoggerSettings{maxDocumentLength=1000}, clusterSettings={hosts=[127.0.0.1:27017], srvHost=cluster0.ofgdpxv.mongodb.net, srvServiceName=mongodb, mode=MULTIPLE, requiredClusterType=REPLICA_SET, requiredReplicaSetName='atlas-nbt1cq-shard-0', serverSelector='null', clusterListeners='[]', serverSelectionTimeout='30000 ms', localThreshold='15 ms'}, socketSettings=SocketSettings{connectTimeoutMS=10000, readTimeoutMS=0, receiveBufferSize=0, proxySettings=ProxySettings{host=null, port=null, username=null, password=null}}, heartbeatSocketSettings=SocketSettings{connectTimeoutMS=10000, readTimeoutMS=10000, receiveBufferSize=0, proxySettings=ProxySettings{host=null, port=null, username=null, password=null}}, connectionPoolSettings=ConnectionPoolSettings{maxSize=100, minSize=0, maxWaitTimeMS=120000, maxConnectionLifeTimeMS=0, maxConnectionIdleTimeMS=0, maintenanceInitialDelayMS=0, maintenanceFrequencyMS=60000, connectionPoolListeners=[], maxConnecting=2}, serverSettings=ServerSettings{heartbeatFrequencyMS=10000, minHeartbeatFrequencyMS=500, serverListeners='[]', serverMonitorListeners='[]'}, sslSettings=SslSettings{enabled=true, invalidHostNameAllowed=false, context=null}, applicationName='Cluster0', compressorList=[], uuidRepresentation=JAVA_LEGACY, serverApi=null, autoEncryptionSettings=null, dnsClient=null, inetAddressResolver=null, contextProvider=null}
13:36:25.281 [cluster-ClusterId{value='6975cf01c200d635b60bd469', description='Cluster0'}-srv-cluster0.ofgdpxv.mongodb.net] INFO  org.mongodb.driver.cluster - Adding discovered server ac-l6uagqo-shard-00-00.ofgdpxv.mongodb.net:27017 to client view of cluster
13:36:25.322 [cluster-ClusterId{value='6975cf01c200d635b60bd469', description='Cluster0'}-srv-cluster0.ofgdpxv.mongodb.net] INFO  org.mongodb.driver.cluster - Adding discovered server ac-l6uagqo-shard-00-01.ofgdpxv.mongodb.net:27017 to client view of cluster
13:36:26.415 [cluster-ClusterId{value='6975cf01c200d635b60bd469', description='Cluster0'}-ac-l6uagqo-shard-00-00.ofgdpxv.mongodb.net:27017] INFO  org.mongodb.driver.cluster - Monitor thread successfully connected to server with description ServerDescription{address=ac-l6uagqo-shard-00-00.ofgdpxv.mongodb.net:27017, type=REPLICA_SET_SECONDARY, state=CONNECTED, ok=true, minWireVersion=0, maxWireVersion=25, maxDocumentSize=16777216, logicalSessionTimeoutMinutes=30, roundTripTimeNanos=464372100, setName='atlas-nbt1cq-shard-0', canonicalAddress=ac-l6uagqo-shard-00-00.ofgdpxv.mongodb.net:27017, hosts=[ac-l6uagqo-shard-00-02.ofgdpxv.mongodb.net:27017, ac-l6uagqo-shard-00-01.ofgdpxv.mongodb.net:27017, ac-l6uagqo-shard-00-00.ofgdpxv.mongodb.net:27017], passives=[], arbiters=[], primary='ac-l6uagqo-shard-00-01.ofgdpxv.mongodb.net:27017', tagSet=TagSet{[Tag{name='availabilityZone', value='aps1-az1'}, Tag{name='diskState', value='READY'}, Tag{name='nodeType', value='ELECTABLE'}, Tag{name='provider', value='AWS'}, Tag{name='region', value='AP_SOUTH_1'}, Tag{name='workloadType', value='OPERATIONAL'}]}, electionId=null, setVersion=25, topologyVersion=TopologyVersion{processId=69724970171d573d39dfaf2c, counter=4}, lastWriteDate=Sun Jan 25 13:36:25 IST 2026, lastUpdateTimeNanos=926976934685500}
13:36:26.417 [cluster-ClusterId{value='6975cf01c200d635b60bd469', description='Cluster0'}-ac-l6uagqo-shard-00-01.ofgdpxv.mongodb.net:27017] INFO  org.mongodb.driver.cluster - Monitor thread successfully connected to server with description ServerDescription{address=ac-l6uagqo-shard-00-01.ofgdpxv.mongodb.net:27017, type=REPLICA_SET_PRIMARY, state=CONNECTED, ok=true, minWireVersion=0, maxWireVersion=25, maxDocumentSize=16777216, logicalSessionTimeoutMinutes=30, roundTripTimeNanos=461852400, setName='atlas-nbt1cq-shard-0', canonicalAddress=ac-l6uagqo-shard-00-01.ofgdpxv.mongodb.net:27017, hosts=[ac-l6uagqo-shard-00-02.ofgdpxv.mongodb.net:27017, ac-l6uagqo-shard-00-01.ofgdpxv.mongodb.net:27017, ac-l6uagqo-shard-00-00.ofgdpxv.mongodb.net:27017], passives=[], arbiters=[], primary='ac-l6uagqo-shard-00-01.ofgdpxv.mongodb.net:27017', tagSet=TagSet{[Tag{name='availabilityZone', value='aps1-az3'}, Tag{name='diskState', value='READY'}, Tag{name='nodeType', value='ELECTABLE'}, Tag{name='provider', value='AWS'}, Tag{name='region', value='AP_SOUTH_1'}, Tag{name='workloadType', value='OPERATIONAL'}]}, electionId=7fffffff0000000000000044, setVersion=25, topologyVersion=TopologyVersion{processId=697249b6ae5dd124968fcbef, counter=6}, lastWriteDate=Sun Jan 25 13:36:25 IST 2026, lastUpdateTimeNanos=926976935450200}
13:36:26.418 [cluster-ClusterId{value='6975cf01c200d635b60bd469', description='Cluster0'}-ac-l6uagqo-shard-00-02.ofgdpxv.mongodb.net:27017] INFO  org.mongodb.driver.cluster - Monitor thread successfully connected to server with description ServerDescription{address=ac-l6uagqo-shard-00-02.ofgdpxv.mongodb.net:27017, type=REPLICA_SET_SECONDARY, state=CONNECTED, ok=true, minWireVersion=0, maxWireVersion=25, maxDocumentSize=16777216, logicalSessionTimeoutMinutes=30, roundTripTimeNanos=469542700, setName='atlas-nbt1cq-shard-0', canonicalAddress=ac-l6uagqo-shard-00-02.ofgdpxv.mongodb.net:27017, hosts=[ac-l6uagqo-shard-00-02.ofgdpxv.mongodb.net:27017, ac-l6uagqo-shard-00-01.ofgdpxv.mongodb.net:27017, ac-l6uagqo-shard-00-00.ofgdpxv.mongodb.net:27017], passives=[], arbiters=[], primary='ac-l6uagqo-shard-00-01.ofgdpxv.mongodb.net:27017', tagSet=TagSet{[Tag{name='availabilityZone', value='aps1-az2'}, Tag{name='diskState', value='READY'}, Tag{name='nodeType', value='ELECTABLE'}, Tag{name='provider', value='AWS'}, Tag{name='region', value='AP_SOUTH_1'}, Tag{name='workloadType', value='OPERATIONAL'}]}, electionId=null, setVersion=25, topologyVersion=TopologyVersion{processId=697249fc870135aae8859e2b, counter=3}, lastWriteDate=Sun Jan 25 13:36:25 IST 2026, lastUpdateTimeNanos=926976942433100}
13:36:26.426 [cluster-ClusterId{value='6975cf01c200d635b60bd469', description='Cluster0'}-ac-l6uagqo-shard-00-01.ofgdpxv.mongodb.net:27017] INFO  org.mongodb.driver.cluster - Discovered replica set primary ac-l6uagqo-shard-00-01.ofgdpxv.mongodb.net:27017 with max election id 7fffffff0000000000000044 and max set version 25
13:36:28.041 [main] WARN  o.s.s.c.a.a.c.InitializeUserDetailsBeanManagerConfigurer$InitializeUserDetailsManagerConfigurer - Global AuthenticationManager configured with an AuthenticationProvider bean. UserDetailsService beans will not be used for username/password login. Consider removing the AuthenticationProvider bean. Alternatively, consider using the UserDetailsService in a manually instantiated DaoAuthenticationProvider.
13:36:32.509 [main] INFO  o.a.coyote.http11.Http11NioProtocol - Starting ProtocolHandler ["http-nio-8080"]
13:36:32.573 [main] INFO  o.s.b.w.e.tomcat.TomcatWebServer - Tomcat started on port 8080 (http) with context path '/'
13:36:32.648 [main] INFO  n.e.journalApp.JournalApplication - Started JournalApplication in 14.292 seconds (process running for 15.914)
13:36:40.150 [http-nio-8080-exec-3] INFO  o.a.c.c.C.[Tomcat].[localhost].[/] - Initializing Spring DispatcherServlet 'dispatcherServlet'
13:36:40.150 [http-nio-8080-exec-3] INFO  o.s.web.servlet.DispatcherServlet - Initializing Servlet 'dispatcherServlet'
13:36:40.150 [http-nio-8080-exec-3] INFO  o.s.web.servlet.DispatcherServlet - Completed initialization in 0 ms
13:40:43.348 [http-nio-8080-exec-6] INFO  o.s.api.AbstractOpenApiResource - Init duration for springdoc-openapi is: 3008 ms
14:04:11.042 [main] INFO  n.e.journalApp.JournalApplication - Starting JournalApplication using Java 17.0.17 with PID 15664 (E:\flutter_windows_3.19.4-stable\journalApp\target\classes started by Yash in E:\flutter_windows_3.19.4-stable\journalApp)
14:04:11.045 [main] INFO  n.e.journalApp.JournalApplication - The following 1 profile is active: "dev"
14:04:12.666 [main] INFO  o.s.d.r.c.RepositoryConfigurationDelegate - Multiple Spring Data modules found, entering strict repository configuration mode
14:04:12.669 [main] INFO  o.s.d.r.c.RepositoryConfigurationDelegate - Bootstrapping Spring Data MongoDB repositories in DEFAULT mode.
14:04:12.932 [main] INFO  o.s.d.r.c.RepositoryConfigurationDelegate - Finished Spring Data repository scanning in 254 ms. Found 3 MongoDB repository interfaces.
14:04:12.965 [main] INFO  o.s.d.r.c.RepositoryConfigurationDelegate - Multiple Spring Data modules found, entering strict repository configuration mode
14:04:12.968 [main] INFO  o.s.d.r.c.RepositoryConfigurationDelegate - Bootstrapping Spring Data Redis repositories in DEFAULT mode.
14:04:12.993 [main] INFO  o.s.d.r.c.RepositoryConfigurationExtensionSupport - Spring Data Redis - Could not safely identify store assignment for repository candidate interface net.engineeringdigest.journalApp.repository.ConfigJournalAppRepository; If you want this repository to be a Redis repository, consider annotating your entities with one of these annotations: org.springframework.data.redis.core.RedisHash (preferred), or consider extending one of the following types with your repository: org.springframework.data.keyvalue.repository.KeyValueRepository
14:04:12.994 [main] INFO  o.s.d.r.c.RepositoryConfigurationExtensionSupport - Spring Data Redis - Could not safely identify store assignment for repository candidate interface net.engineeringdigest.journalApp.repository.JournalEntryRepository; If you want this repository to be a Redis repository, consider annotating your entities with one of these annotations: org.springframework.data.redis.core.RedisHash (preferred), or consider extending one of the following types with your repository: org.springframework.data.keyvalue.repository.KeyValueRepository
14:04:12.994 [main] INFO  o.s.d.r.c.RepositoryConfigurationExtensionSupport - Spring Data Redis - Could not safely identify store assignment for repository candidate interface net.engineeringdigest.journalApp.repository.UserRepository; If you want this repository to be a Redis repository, consider annotating your entities with one of these annotations: org.springframework.data.redis.core.RedisHash (preferred), or consider extending one of the following types with your repository: org.springframework.data.keyvalue.repository.KeyValueRepository
14:04:12.994 [main] INFO  o.s.d.r.c.RepositoryConfigurationDelegate - Finished Spring Data repository scanning in 12 ms. Found 0 Redis repository interfaces.
14:04:14.496 [main] INFO  o.s.b.w.e.tomcat.TomcatWebServer - Tomcat initialized with port 8080 (http)
14:04:14.533 [main] INFO  o.a.coyote.http11.Http11NioProtocol - Initializing ProtocolHandler ["http-nio-8080"]
14:04:14.541 [main] INFO  o.a.catalina.core.StandardService - Starting service [Tomcat]
14:04:14.542 [main] INFO  o.a.catalina.core.StandardEngine - Starting Servlet engine: [Apache Tomcat/10.1.30]
14:04:14.749 [main] INFO  o.a.c.c.C.[Tomcat].[localhost].[/] - Initializing Spring embedded WebApplicationContext
14:04:14.759 [main] INFO  o.s.b.w.s.c.ServletWebServerApplicationContext - Root WebApplicationContext: initialization completed in 3625 ms
14:04:15.311 [cluster-ClusterId{value='6975d5874649cb2e9cfc1d94', description='Cluster0'}-srv-cluster0.ofgdpxv.mongodb.net] INFO  org.mongodb.driver.cluster - Adding discovered server ac-l6uagqo-shard-00-02.ofgdpxv.mongodb.net:27017 to client view of cluster
14:04:15.372 [cluster-ClusterId{value='6975d5874649cb2e9cfc1d94', description='Cluster0'}-srv-cluster0.ofgdpxv.mongodb.net] INFO  org.mongodb.driver.cluster - Adding discovered server ac-l6uagqo-shard-00-00.ofgdpxv.mongodb.net:27017 to client view of cluster
14:04:15.379 [cluster-ClusterId{value='6975d5874649cb2e9cfc1d94', description='Cluster0'}-srv-cluster0.ofgdpxv.mongodb.net] INFO  org.mongodb.driver.cluster - Adding discovered server ac-l6uagqo-shard-00-01.ofgdpxv.mongodb.net:27017 to client view of cluster
14:04:15.426 [main] INFO  org.mongodb.driver.client - MongoClient with metadata {"application": {"name": "Cluster0"}, "driver": {"name": "mongo-java-driver|sync|spring-boot", "version": "5.0.1"}, "os": {"type": "Windows", "name": "Windows 10", "architecture": "amd64", "version": "10.0"}, "platform": "Java/Microsoft/17.0.17+10-LTS"} created with settings MongoClientSettings{readPreference=primary, writeConcern=WriteConcern{w=null, wTimeout=null ms, journal=null}, retryWrites=true, retryReads=true, readConcern=ReadConcern{level=null}, credential=MongoCredential{mechanism=null, userName='yashu17052000', source='admin', password=<hidden>, mechanismProperties=<hidden>}, transportSettings=null, commandListeners=[], codecRegistry=ProvidersCodecRegistry{codecProviders=[ValueCodecProvider{}, BsonValueCodecProvider{}, DBRefCodecProvider{}, DBObjectCodecProvider{}, DocumentCodecProvider{}, CollectionCodecProvider{}, IterableCodecProvider{}, MapCodecProvider{}, GeoJsonCodecProvider{}, GridFSFileCodecProvider{}, Jsr310CodecProvider{}, JsonObjectCodecProvider{}, BsonCodecProvider{}, EnumCodecProvider{}, com.mongodb.client.model.mql.ExpressionCodecProvider@6aea99e7, com.mongodb.Jep395RecordCodecProvider@1c6a0103, com.mongodb.KotlinCodecProvider@7841bd30]}, loggerSettings=LoggerSettings{maxDocumentLength=1000}, clusterSettings={hosts=[127.0.0.1:27017], srvHost=cluster0.ofgdpxv.mongodb.net, srvServiceName=mongodb, mode=MULTIPLE, requiredClusterType=REPLICA_SET, requiredReplicaSetName='atlas-nbt1cq-shard-0', serverSelector='null', clusterListeners='[]', serverSelectionTimeout='30000 ms', localThreshold='15 ms'}, socketSettings=SocketSettings{connectTimeoutMS=10000, readTimeoutMS=0, receiveBufferSize=0, proxySettings=ProxySettings{host=null, port=null, username=null, password=null}}, heartbeatSocketSettings=SocketSettings{connectTimeoutMS=10000, readTimeoutMS=10000, receiveBufferSize=0, proxySettings=ProxySettings{host=null, port=null, username=null, password=null}}, connectionPoolSettings=ConnectionPoolSettings{maxSize=100, minSize=0, maxWaitTimeMS=120000, maxConnectionLifeTimeMS=0, maxConnectionIdleTimeMS=0, maintenanceInitialDelayMS=0, maintenanceFrequencyMS=60000, connectionPoolListeners=[], maxConnecting=2}, serverSettings=ServerSettings{heartbeatFrequencyMS=10000, minHeartbeatFrequencyMS=500, serverListeners='[]', serverMonitorListeners='[]'}, sslSettings=SslSettings{enabled=true, invalidHostNameAllowed=false, context=null}, applicationName='Cluster0', compressorList=[], uuidRepresentation=JAVA_LEGACY, serverApi=null, autoEncryptionSettings=null, dnsClient=null, inetAddressResolver=null, contextProvider=null}
14:04:16.747 [cluster-ClusterId{value='6975d5874649cb2e9cfc1d94', description='Cluster0'}-ac-l6uagqo-shard-00-01.ofgdpxv.mongodb.net:27017] INFO  org.mongodb.driver.cluster - Monitor thread successfully connected to server with description ServerDescription{address=ac-l6uagqo-shard-00-01.ofgdpxv.mongodb.net:27017, type=REPLICA_SET_PRIMARY, state=CONNECTED, ok=true, minWireVersion=0, maxWireVersion=25, maxDocumentSize=16777216, logicalSessionTimeoutMinutes=30, roundTripTimeNanos=564670600, setName='atlas-nbt1cq-shard-0', canonicalAddress=ac-l6uagqo-shard-00-01.ofgdpxv.mongodb.net:27017, hosts=[ac-l6uagqo-shard-00-02.ofgdpxv.mongodb.net:27017, ac-l6uagqo-shard-00-01.ofgdpxv.mongodb.net:27017, ac-l6uagqo-shard-00-00.ofgdpxv.mongodb.net:27017], passives=[], arbiters=[], primary='ac-l6uagqo-shard-00-01.ofgdpxv.mongodb.net:27017', tagSet=TagSet{[Tag{name='availabilityZone', value='aps1-az3'}, Tag{name='diskState', value='READY'}, Tag{name='nodeType', value='ELECTABLE'}, Tag{name='provider', value='AWS'}, Tag{name='region', value='AP_SOUTH_1'}, Tag{name='workloadType', value='OPERATIONAL'}]}, electionId=7fffffff0000000000000044, setVersion=25, topologyVersion=TopologyVersion{processId=697249b6ae5dd124968fcbef, counter=6}, lastWriteDate=Sun Jan 25 14:04:15 IST 2026, lastUpdateTimeNanos=928647325495100}
14:04:16.748 [cluster-ClusterId{value='6975d5874649cb2e9cfc1d94', description='Cluster0'}-ac-l6uagqo-shard-00-02.ofgdpxv.mongodb.net:27017] INFO  org.mongodb.driver.cluster - Monitor thread successfully connected to server with description ServerDescription{address=ac-l6uagqo-shard-00-02.ofgdpxv.mongodb.net:27017, type=REPLICA_SET_SECONDARY, state=CONNECTED, ok=true, minWireVersion=0, maxWireVersion=25, maxDocumentSize=16777216, logicalSessionTimeoutMinutes=30, roundTripTimeNanos=565537800, setName='atlas-nbt1cq-shard-0', canonicalAddress=ac-l6uagqo-shard-00-02.ofgdpxv.mongodb.net:27017, hosts=[ac-l6uagqo-shard-00-02.ofgdpxv.mongodb.net:27017, ac-l6uagqo-shard-00-01.ofgdpxv.mongodb.net:27017, ac-l6uagqo-shard-00-00.ofgdpxv.mongodb.net:27017], passives=[], arbiters=[], primary='ac-l6uagqo-shard-00-01.ofgdpxv.mongodb.net:27017', tagSet=TagSet{[Tag{name='availabilityZone', value='aps1-az2'}, Tag{name='diskState', value='READY'}, Tag{name='nodeType', value='ELECTABLE'}, Tag{name='provider', value='AWS'}, Tag{name='region', value='AP_SOUTH_1'}, Tag{name='workloadType', value='OPERATIONAL'}]}, electionId=null, setVersion=25, topologyVersion=TopologyVersion{processId=697249fc870135aae8859e2b, counter=3}, lastWriteDate=Sun Jan 25 14:04:15 IST 2026, lastUpdateTimeNanos=928647326363800}
14:04:16.746 [cluster-ClusterId{value='6975d5874649cb2e9cfc1d94', description='Cluster0'}-ac-l6uagqo-shard-00-00.ofgdpxv.mongodb.net:27017] INFO  org.mongodb.driver.cluster - Monitor thread successfully connected to server with description ServerDescription{address=ac-l6uagqo-shard-00-00.ofgdpxv.mongodb.net:27017, type=REPLICA_SET_SECONDARY, state=CONNECTED, ok=true, minWireVersion=0, maxWireVersion=25, maxDocumentSize=16777216, logicalSessionTimeoutMinutes=30, roundTripTimeNanos=563484000, setName='atlas-nbt1cq-shard-0', canonicalAddress=ac-l6uagqo-shard-00-00.ofgdpxv.mongodb.net:27017, hosts=[ac-l6uagqo-shard-00-02.ofgdpxv.mongodb.net:27017, ac-l6uagqo-shard-00-01.ofgdpxv.mongodb.net:27017, ac-l6uagqo-shard-00-00.ofgdpxv.mongodb.net:27017], passives=[], arbiters=[], primary='ac-l6uagqo-shard-00-01.ofgdpxv.mongodb.net:27017', tagSet=TagSet{[Tag{name='availabilityZone', value='aps1-az1'}, Tag{name='diskState', value='READY'}, Tag{name='nodeType', value='ELECTABLE'}, Tag{name='provider', value='AWS'}, Tag{name='region', value='AP_SOUTH_1'}, Tag{name='workloadType', value='OPERATIONAL'}]}, electionId=null, setVersion=25, topologyVersion=TopologyVersion{processId=69724970171d573d39dfaf2c, counter=4}, lastWriteDate=Sun Jan 25 14:04:15 IST 2026, lastUpdateTimeNanos=928647326603700}
14:04:16.759 [cluster-ClusterId{value='6975d5874649cb2e9cfc1d94', description='Cluster0'}-ac-l6uagqo-shard-00-01.ofgdpxv.mongodb.net:27017] INFO  org.mongodb.driver.cluster - Discovered replica set primary ac-l6uagqo-shard-00-01.ofgdpxv.mongodb.net:27017 with max election id 7fffffff0000000000000044 and max set version 25
14:04:18.085 [main] WARN  o.s.s.c.a.a.c.InitializeUserDetailsBeanManagerConfigurer$InitializeUserDetailsManagerConfigurer - Global AuthenticationManager configured with an AuthenticationProvider bean. UserDetailsService beans will not be used for username/password login. Consider removing the AuthenticationProvider bean. Alternatively, consider using the UserDetailsService in a manually instantiated DaoAuthenticationProvider.
14:04:22.020 [main] INFO  o.a.coyote.http11.Http11NioProtocol - Starting ProtocolHandler ["http-nio-8080"]
14:04:22.141 [main] INFO  o.s.b.w.e.tomcat.TomcatWebServer - Tomcat started on port 8080 (http) with context path '/'
14:04:22.166 [main] INFO  n.e.journalApp.JournalApplication - Started JournalApplication in 11.751 seconds (process running for 12.781)
14:04:35.318 [http-nio-8080-exec-2] INFO  o.a.c.c.C.[Tomcat].[localhost].[/] - Initializing Spring DispatcherServlet 'dispatcherServlet'
14:04:35.323 [http-nio-8080-exec-2] INFO  o.s.web.servlet.DispatcherServlet - Initializing Servlet 'dispatcherServlet'
14:04:35.323 [http-nio-8080-exec-2] INFO  o.s.web.servlet.DispatcherServlet - Completed initialization in 0 ms
14:04:35.668 [http-nio-8080-exec-3] WARN  o.a.c.util.SessionIdGeneratorBase - Creation of SecureRandom instance for session ID generation using [SHA1PRNG] took [110] milliseconds.
14:04:35.668 [http-nio-8080-exec-2] WARN  o.a.c.util.SessionIdGeneratorBase - Creation of SecureRandom instance for session ID generation using [SHA1PRNG] took [135] milliseconds.
14:11:27.310 [main] INFO  n.e.journalApp.JournalApplication - Starting JournalApplication using Java 17.0.17 with PID 5520 (E:\flutter_windows_3.19.4-stable\journalApp\target\classes started by Yash in E:\flutter_windows_3.19.4-stable\journalApp)
14:11:27.316 [main] INFO  n.e.journalApp.JournalApplication - The following 1 profile is active: "dev"
14:11:29.193 [main] INFO  o.s.d.r.c.RepositoryConfigurationDelegate - Multiple Spring Data modules found, entering strict repository configuration mode
14:11:29.195 [main] INFO  o.s.d.r.c.RepositoryConfigurationDelegate - Bootstrapping Spring Data MongoDB repositories in DEFAULT mode.
14:11:29.501 [main] INFO  o.s.d.r.c.RepositoryConfigurationDelegate - Finished Spring Data repository scanning in 290 ms. Found 3 MongoDB repository interfaces.
14:11:29.558 [main] INFO  o.s.d.r.c.RepositoryConfigurationDelegate - Multiple Spring Data modules found, entering strict repository configuration mode
14:11:29.561 [main] INFO  o.s.d.r.c.RepositoryConfigurationDelegate - Bootstrapping Spring Data Redis repositories in DEFAULT mode.
14:11:29.589 [main] INFO  o.s.d.r.c.RepositoryConfigurationExtensionSupport - Spring Data Redis - Could not safely identify store assignment for repository candidate interface net.engineeringdigest.journalApp.repository.ConfigJournalAppRepository; If you want this repository to be a Redis repository, consider annotating your entities with one of these annotations: org.springframework.data.redis.core.RedisHash (preferred), or consider extending one of the following types with your repository: org.springframework.data.keyvalue.repository.KeyValueRepository
14:11:29.590 [main] INFO  o.s.d.r.c.RepositoryConfigurationExtensionSupport - Spring Data Redis - Could not safely identify store assignment for repository candidate interface net.engineeringdigest.journalApp.repository.JournalEntryRepository; If you want this repository to be a Redis repository, consider annotating your entities with one of these annotations: org.springframework.data.redis.core.RedisHash (preferred), or consider extending one of the following types with your repository: org.springframework.data.keyvalue.repository.KeyValueRepository
14:11:29.590 [main] INFO  o.s.d.r.c.RepositoryConfigurationExtensionSupport - Spring Data Redis - Could not safely identify store assignment for repository candidate interface net.engineeringdigest.journalApp.repository.UserRepository; If you want this repository to be a Redis repository, consider annotating your entities with one of these annotations: org.springframework.data.redis.core.RedisHash (preferred), or consider extending one of the following types with your repository: org.springframework.data.keyvalue.repository.KeyValueRepository
14:11:29.590 [main] INFO  o.s.d.r.c.RepositoryConfigurationDelegate - Finished Spring Data repository scanning in 15 ms. Found 0 Redis repository interfaces.
14:11:30.745 [main] INFO  o.s.b.w.e.tomcat.TomcatWebServer - Tomcat initialized with port 8080 (http)
14:11:30.755 [main] INFO  o.a.coyote.http11.Http11NioProtocol - Initializing ProtocolHandler ["http-nio-8080"]
14:11:30.759 [main] INFO  o.a.catalina.core.StandardService - Starting service [Tomcat]
14:11:30.760 [main] INFO  o.a.catalina.core.StandardEngine - Starting Servlet engine: [Apache Tomcat/10.1.30]
14:11:30.861 [main] INFO  o.a.c.c.C.[Tomcat].[localhost].[/] - Initializing Spring embedded WebApplicationContext
14:11:30.861 [main] INFO  o.s.b.w.s.c.ServletWebServerApplicationContext - Root WebApplicationContext: initialization completed in 3443 ms
14:11:31.118 [cluster-ClusterId{value='6975d73bcb03c412f351a24c', description='Cluster0'}-srv-cluster0.ofgdpxv.mongodb.net] INFO  org.mongodb.driver.cluster - Adding discovered server ac-l6uagqo-shard-00-02.ofgdpxv.mongodb.net:27017 to client view of cluster
14:11:31.161 [cluster-ClusterId{value='6975d73bcb03c412f351a24c', description='Cluster0'}-srv-cluster0.ofgdpxv.mongodb.net] INFO  org.mongodb.driver.cluster - Adding discovered server ac-l6uagqo-shard-00-00.ofgdpxv.mongodb.net:27017 to client view of cluster
14:11:31.165 [cluster-ClusterId{value='6975d73bcb03c412f351a24c', description='Cluster0'}-srv-cluster0.ofgdpxv.mongodb.net] INFO  org.mongodb.driver.cluster - Adding discovered server ac-l6uagqo-shard-00-01.ofgdpxv.mongodb.net:27017 to client view of cluster
14:11:31.174 [main] INFO  org.mongodb.driver.client - MongoClient with metadata {"application": {"name": "Cluster0"}, "driver": {"name": "mongo-java-driver|sync|spring-boot", "version": "5.0.1"}, "os": {"type": "Windows", "name": "Windows 10", "architecture": "amd64", "version": "10.0"}, "platform": "Java/Microsoft/17.0.17+10-LTS"} created with settings MongoClientSettings{readPreference=primary, writeConcern=WriteConcern{w=null, wTimeout=null ms, journal=null}, retryWrites=true, retryReads=true, readConcern=ReadConcern{level=null}, credential=MongoCredential{mechanism=null, userName='yashu17052000', source='admin', password=<hidden>, mechanismProperties=<hidden>}, transportSettings=null, commandListeners=[], codecRegistry=ProvidersCodecRegistry{codecProviders=[ValueCodecProvider{}, BsonValueCodecProvider{}, DBRefCodecProvider{}, DBObjectCodecProvider{}, DocumentCodecProvider{}, CollectionCodecProvider{}, IterableCodecProvider{}, MapCodecProvider{}, GeoJsonCodecProvider{}, GridFSFileCodecProvider{}, Jsr310CodecProvider{}, JsonObjectCodecProvider{}, BsonCodecProvider{}, EnumCodecProvider{}, com.mongodb.client.model.mql.ExpressionCodecProvider@545d2560, com.mongodb.Jep395RecordCodecProvider@124eb83d, com.mongodb.KotlinCodecProvider@6885ed19]}, loggerSettings=LoggerSettings{maxDocumentLength=1000}, clusterSettings={hosts=[127.0.0.1:27017], srvHost=cluster0.ofgdpxv.mongodb.net, srvServiceName=mongodb, mode=MULTIPLE, requiredClusterType=REPLICA_SET, requiredReplicaSetName='atlas-nbt1cq-shard-0', serverSelector='null', clusterListeners='[]', serverSelectionTimeout='30000 ms', localThreshold='15 ms'}, socketSettings=SocketSettings{connectTimeoutMS=10000, readTimeoutMS=0, receiveBufferSize=0, proxySettings=ProxySettings{host=null, port=null, username=null, password=null}}, heartbeatSocketSettings=SocketSettings{connectTimeoutMS=10000, readTimeoutMS=10000, receiveBufferSize=0, proxySettings=ProxySettings{host=null, port=null, username=null, password=null}}, connectionPoolSettings=ConnectionPoolSettings{maxSize=100, minSize=0, maxWaitTimeMS=120000, maxConnectionLifeTimeMS=0, maxConnectionIdleTimeMS=0, maintenanceInitialDelayMS=0, maintenanceFrequencyMS=60000, connectionPoolListeners=[], maxConnecting=2}, serverSettings=ServerSettings{heartbeatFrequencyMS=10000, minHeartbeatFrequencyMS=500, serverListeners='[]', serverMonitorListeners='[]'}, sslSettings=SslSettings{enabled=true, invalidHostNameAllowed=false, context=null}, applicationName='Cluster0', compressorList=[], uuidRepresentation=JAVA_LEGACY, serverApi=null, autoEncryptionSettings=null, dnsClient=null, inetAddressResolver=null, contextProvider=null}
14:11:32.097 [cluster-ClusterId{value='6975d73bcb03c412f351a24c', description='Cluster0'}-ac-l6uagqo-shard-00-02.ofgdpxv.mongodb.net:27017] INFO  org.mongodb.driver.cluster - Monitor thread successfully connected to server with description ServerDescription{address=ac-l6uagqo-shard-00-02.ofgdpxv.mongodb.net:27017, type=REPLICA_SET_SECONDARY, state=CONNECTED, ok=true, minWireVersion=0, maxWireVersion=25, maxDocumentSize=16777216, logicalSessionTimeoutMinutes=30, roundTripTimeNanos=529770300, setName='atlas-nbt1cq-shard-0', canonicalAddress=ac-l6uagqo-shard-00-02.ofgdpxv.mongodb.net:27017, hosts=[ac-l6uagqo-shard-00-02.ofgdpxv.mongodb.net:27017, ac-l6uagqo-shard-00-01.ofgdpxv.mongodb.net:27017, ac-l6uagqo-shard-00-00.ofgdpxv.mongodb.net:27017], passives=[], arbiters=[], primary='ac-l6uagqo-shard-00-01.ofgdpxv.mongodb.net:27017', tagSet=TagSet{[Tag{name='availabilityZone', value='aps1-az2'}, Tag{name='diskState', value='READY'}, Tag{name='nodeType', value='ELECTABLE'}, Tag{name='provider', value='AWS'}, Tag{name='region', value='AP_SOUTH_1'}, Tag{name='workloadType', value='OPERATIONAL'}]}, electionId=null, setVersion=25, topologyVersion=TopologyVersion{processId=697249fc870135aae8859e2b, counter=3}, lastWriteDate=Sun Jan 25 14:11:30 IST 2026, lastUpdateTimeNanos=929082678225400}
14:11:32.097 [cluster-ClusterId{value='6975d73bcb03c412f351a24c', description='Cluster0'}-ac-l6uagqo-shard-00-00.ofgdpxv.mongodb.net:27017] INFO  org.mongodb.driver.cluster - Monitor thread successfully connected to server with description ServerDescription{address=ac-l6uagqo-shard-00-00.ofgdpxv.mongodb.net:27017, type=REPLICA_SET_SECONDARY, state=CONNECTED, ok=true, minWireVersion=0, maxWireVersion=25, maxDocumentSize=16777216, logicalSessionTimeoutMinutes=30, roundTripTimeNanos=530493400, setName='atlas-nbt1cq-shard-0', canonicalAddress=ac-l6uagqo-shard-00-00.ofgdpxv.mongodb.net:27017, hosts=[ac-l6uagqo-shard-00-02.ofgdpxv.mongodb.net:27017, ac-l6uagqo-shard-00-01.ofgdpxv.mongodb.net:27017, ac-l6uagqo-shard-00-00.ofgdpxv.mongodb.net:27017], passives=[], arbiters=[], primary='ac-l6uagqo-shard-00-01.ofgdpxv.mongodb.net:27017', tagSet=TagSet{[Tag{name='availabilityZone', value='aps1-az1'}, Tag{name='diskState', value='READY'}, Tag{name='nodeType', value='ELECTABLE'}, Tag{name='provider', value='AWS'}, Tag{name='region', value='AP_SOUTH_1'}, Tag{name='workloadType', value='OPERATIONAL'}]}, electionId=null, setVersion=25, topologyVersion=TopologyVersion{processId=69724970171d573d39dfaf2c, counter=4}, lastWriteDate=Sun Jan 25 14:11:30 IST 2026, lastUpdateTimeNanos=929082678920200}
14:11:32.097 [cluster-ClusterId{value='6975d73bcb03c412f351a24c', description='Cluster0'}-ac-l6uagqo-shard-00-01.ofgdpxv.mongodb.net:27017] INFO  org.mongodb.driver.cluster - Monitor thread successfully connected to server with description ServerDescription{address=ac-l6uagqo-shard-00-01.ofgdpxv.mongodb.net:27017, type=REPLICA_SET_PRIMARY, state=CONNECTED, ok=true, minWireVersion=0, maxWireVersion=25, maxDocumentSize=16777216, logicalSessionTimeoutMinutes=30, roundTripTimeNanos=528760700, setName='atlas-nbt1cq-shard-0', canonicalAddress=ac-l6uagqo-shard-00-01.ofgdpxv.mongodb.net:27017, hosts=[ac-l6uagqo-shard-00-02.ofgdpxv.mongodb.net:27017, ac-l6uagqo-shard-00-01.ofgdpxv.mongodb.net:27017, ac-l6uagqo-shard-00-00.ofgdpxv.mongodb.net:27017], passives=[], arbiters=[], primary='ac-l6uagqo-shard-00-01.ofgdpxv.mongodb.net:27017', tagSet=TagSet{[Tag{name='availabilityZone', value='aps1-az3'}, Tag{name='diskState', value='READY'}, Tag{name='nodeType', value='ELECTABLE'}, Tag{name='provider', value='AWS'}, Tag{name='region', value='AP_SOUTH_1'}, Tag{name='workloadType', value='OPERATIONAL'}]}, electionId=7fffffff0000000000000044, setVersion=25, topologyVersion=TopologyVersion{processId=697249b6ae5dd124968fcbef, counter=6}, lastWriteDate=Sun Jan 25 14:11:30 IST 2026, lastUpdateTimeNanos=929082677081000}
14:11:32.107 [cluster-ClusterId{value='6975d73bcb03c412f351a24c', description='Cluster0'}-ac-l6uagqo-shard-00-01.ofgdpxv.mongodb.net:27017] INFO  org.mongodb.driver.cluster - Discovered replica set primary ac-l6uagqo-shard-00-01.ofgdpxv.mongodb.net:27017 with max election id 7fffffff0000000000000044 and max set version 25
14:11:33.474 [main] WARN  o.s.s.c.a.a.c.InitializeUserDetailsBeanManagerConfigurer$InitializeUserDetailsManagerConfigurer - Global AuthenticationManager configured with an AuthenticationProvider bean. UserDetailsService beans will not be used for username/password login. Consider removing the AuthenticationProvider bean. Alternatively, consider using the UserDetailsService in a manually instantiated DaoAuthenticationProvider.
14:11:37.166 [main] INFO  o.a.coyote.http11.Http11NioProtocol - Starting ProtocolHandler ["http-nio-8080"]
14:11:37.199 [main] INFO  o.s.b.w.e.tomcat.TomcatWebServer - Tomcat started on port 8080 (http) with context path '/'
14:11:37.235 [main] INFO  n.e.journalApp.JournalApplication - Started JournalApplication in 10.898 seconds (process running for 12.5)
14:12:11.701 [http-nio-8080-exec-1] INFO  o.a.c.c.C.[Tomcat].[localhost].[/] - Initializing Spring DispatcherServlet 'dispatcherServlet'
14:12:11.702 [http-nio-8080-exec-1] INFO  o.s.web.servlet.DispatcherServlet - Initializing Servlet 'dispatcherServlet'
14:12:11.703 [http-nio-8080-exec-1] INFO  o.s.web.servlet.DispatcherServlet - Completed initialization in 1 ms
14:15:35.481 [main] INFO  n.e.journalApp.JournalApplication - Starting JournalApplication using Java 17.0.17 with PID 5708 (E:\flutter_windows_3.19.4-stable\journalApp\target\classes started by Yash in E:\flutter_windows_3.19.4-stable\journalApp)
14:15:35.486 [main] INFO  n.e.journalApp.JournalApplication - The following 1 profile is active: "dev"
14:15:37.064 [main] INFO  o.s.d.r.c.RepositoryConfigurationDelegate - Multiple Spring Data modules found, entering strict repository configuration mode
14:15:37.066 [main] INFO  o.s.d.r.c.RepositoryConfigurationDelegate - Bootstrapping Spring Data MongoDB repositories in DEFAULT mode.
14:15:37.314 [main] INFO  o.s.d.r.c.RepositoryConfigurationDelegate - Finished Spring Data repository scanning in 241 ms. Found 3 MongoDB repository interfaces.
14:15:37.346 [main] INFO  o.s.d.r.c.RepositoryConfigurationDelegate - Multiple Spring Data modules found, entering strict repository configuration mode
14:15:37.348 [main] INFO  o.s.d.r.c.RepositoryConfigurationDelegate - Bootstrapping Spring Data Redis repositories in DEFAULT mode.
14:15:37.372 [main] INFO  o.s.d.r.c.RepositoryConfigurationExtensionSupport - Spring Data Redis - Could not safely identify store assignment for repository candidate interface net.engineeringdigest.journalApp.repository.ConfigJournalAppRepository; If you want this repository to be a Redis repository, consider annotating your entities with one of these annotations: org.springframework.data.redis.core.RedisHash (preferred), or consider extending one of the following types with your repository: org.springframework.data.keyvalue.repository.KeyValueRepository
14:15:37.373 [main] INFO  o.s.d.r.c.RepositoryConfigurationExtensionSupport - Spring Data Redis - Could not safely identify store assignment for repository candidate interface net.engineeringdigest.journalApp.repository.JournalEntryRepository; If you want this repository to be a Redis repository, consider annotating your entities with one of these annotations: org.springframework.data.redis.core.RedisHash (preferred), or consider extending one of the following types with your repository: org.springframework.data.keyvalue.repository.KeyValueRepository
14:15:37.373 [main] INFO  o.s.d.r.c.RepositoryConfigurationExtensionSupport - Spring Data Redis - Could not safely identify store assignment for repository candidate interface net.engineeringdigest.journalApp.repository.UserRepository; If you want this repository to be a Redis repository, consider annotating your entities with one of these annotations: org.springframework.data.redis.core.RedisHash (preferred), or consider extending one of the following types with your repository: org.springframework.data.keyvalue.repository.KeyValueRepository
14:15:37.373 [main] INFO  o.s.d.r.c.RepositoryConfigurationDelegate - Finished Spring Data repository scanning in 13 ms. Found 0 Redis repository interfaces.
14:15:38.369 [main] INFO  o.s.b.w.e.tomcat.TomcatWebServer - Tomcat initialized with port 8080 (http)
14:15:38.395 [main] INFO  o.a.coyote.http11.Http11NioProtocol - Initializing ProtocolHandler ["http-nio-8080"]
14:15:38.402 [main] INFO  o.a.catalina.core.StandardService - Starting service [Tomcat]
14:15:38.402 [main] INFO  o.a.catalina.core.StandardEngine - Starting Servlet engine: [Apache Tomcat/10.1.30]
14:15:38.518 [main] INFO  o.a.c.c.C.[Tomcat].[localhost].[/] - Initializing Spring embedded WebApplicationContext
14:15:38.518 [main] INFO  o.s.b.w.s.c.ServletWebServerApplicationContext - Root WebApplicationContext: initialization completed in 2944 ms
14:15:38.847 [cluster-ClusterId{value='6975d8320aeebc7dd3f70c4f', description='Cluster0'}-srv-cluster0.ofgdpxv.mongodb.net] INFO  org.mongodb.driver.cluster - Adding discovered server ac-l6uagqo-shard-00-02.ofgdpxv.mongodb.net:27017 to client view of cluster
14:15:38.884 [main] INFO  org.mongodb.driver.client - MongoClient with metadata {"application": {"name": "Cluster0"}, "driver": {"name": "mongo-java-driver|sync|spring-boot", "version": "5.0.1"}, "os": {"type": "Windows", "name": "Windows 10", "architecture": "amd64", "version": "10.0"}, "platform": "Java/Microsoft/17.0.17+10-LTS"} created with settings MongoClientSettings{readPreference=primary, writeConcern=WriteConcern{w=null, wTimeout=null ms, journal=null}, retryWrites=true, retryReads=true, readConcern=ReadConcern{level=null}, credential=MongoCredential{mechanism=null, userName='yashu17052000', source='admin', password=<hidden>, mechanismProperties=<hidden>}, transportSettings=null, commandListeners=[], codecRegistry=ProvidersCodecRegistry{codecProviders=[ValueCodecProvider{}, BsonValueCodecProvider{}, DBRefCodecProvider{}, DBObjectCodecProvider{}, DocumentCodecProvider{}, CollectionCodecProvider{}, IterableCodecProvider{}, MapCodecProvider{}, GeoJsonCodecProvider{}, GridFSFileCodecProvider{}, Jsr310CodecProvider{}, JsonObjectCodecProvider{}, BsonCodecProvider{}, EnumCodecProvider{}, com.mongodb.client.model.mql.ExpressionCodecProvider@7bd38fed, com.mongodb.Jep395RecordCodecProvider@377dfb8d, com.mongodb.KotlinCodecProvider@42a0786f]}, loggerSettings=LoggerSettings{maxDocumentLength=1000}, clusterSettings={hosts=[127.0.0.1:27017], srvHost=cluster0.ofgdpxv.mongodb.net, srvServiceName=mongodb, mode=MULTIPLE, requiredClusterType=REPLICA_SET, requiredReplicaSetName='atlas-nbt1cq-shard-0', serverSelector='null', clusterListeners='[]', serverSelectionTimeout='30000 ms', localThreshold='15 ms'}, socketSettings=SocketSettings{connectTimeoutMS=10000, readTimeoutMS=0, receiveBufferSize=0, proxySettings=ProxySettings{host=null, port=null, username=null, password=null}}, heartbeatSocketSettings=SocketSettings{connectTimeoutMS=10000, readTimeoutMS=10000, receiveBufferSize=0, proxySettings=ProxySettings{host=null, port=null, username=null, password=null}}, connectionPoolSettings=ConnectionPoolSettings{maxSize=100, minSize=0, maxWaitTimeMS=120000, maxConnectionLifeTimeMS=0, maxConnectionIdleTimeMS=0, maintenanceInitialDelayMS=0, maintenanceFrequencyMS=60000, connectionPoolListeners=[], maxConnecting=2}, serverSettings=ServerSettings{heartbeatFrequencyMS=10000, minHeartbeatFrequencyMS=500, serverListeners='[]', serverMonitorListeners='[]'}, sslSettings=SslSettings{enabled=true, invalidHostNameAllowed=false, context=null}, applicationName='Cluster0', compressorList=[], uuidRepresentation=JAVA_LEGACY, serverApi=null, autoEncryptionSettings=null, dnsClient=null, inetAddressResolver=null, contextProvider=null}
14:15:38.892 [cluster-ClusterId{value='6975d8320aeebc7dd3f70c4f', description='Cluster0'}-srv-cluster0.ofgdpxv.mongodb.net] INFO  org.mongodb.driver.cluster - Adding discovered server ac-l6uagqo-shard-00-00.ofgdpxv.mongodb.net:27017 to client view of cluster
14:15:38.897 [cluster-ClusterId{value='6975d8320aeebc7dd3f70c4f', description='Cluster0'}-srv-cluster0.ofgdpxv.mongodb.net] INFO  org.mongodb.driver.cluster - Adding discovered server ac-l6uagqo-shard-00-01.ofgdpxv.mongodb.net:27017 to client view of cluster
14:15:39.584 [cluster-ClusterId{value='6975d8320aeebc7dd3f70c4f', description='Cluster0'}-ac-l6uagqo-shard-00-01.ofgdpxv.mongodb.net:27017] INFO  org.mongodb.driver.cluster - Monitor thread successfully connected to server with description ServerDescription{address=ac-l6uagqo-shard-00-01.ofgdpxv.mongodb.net:27017, type=REPLICA_SET_PRIMARY, state=CONNECTED, ok=true, minWireVersion=0, maxWireVersion=25, maxDocumentSize=16777216, logicalSessionTimeoutMinutes=30, roundTripTimeNanos=306506600, setName='atlas-nbt1cq-shard-0', canonicalAddress=ac-l6uagqo-shard-00-01.ofgdpxv.mongodb.net:27017, hosts=[ac-l6uagqo-shard-00-02.ofgdpxv.mongodb.net:27017, ac-l6uagqo-shard-00-01.ofgdpxv.mongodb.net:27017, ac-l6uagqo-shard-00-00.ofgdpxv.mongodb.net:27017], passives=[], arbiters=[], primary='ac-l6uagqo-shard-00-01.ofgdpxv.mongodb.net:27017', tagSet=TagSet{[Tag{name='availabilityZone', value='aps1-az3'}, Tag{name='diskState', value='READY'}, Tag{name='nodeType', value='ELECTABLE'}, Tag{name='provider', value='AWS'}, Tag{name='region', value='AP_SOUTH_1'}, Tag{name='workloadType', value='OPERATIONAL'}]}, electionId=7fffffff0000000000000044, setVersion=25, topologyVersion=TopologyVersion{processId=697249b6ae5dd124968fcbef, counter=6}, lastWriteDate=Sun Jan 25 14:15:38 IST 2026, lastUpdateTimeNanos=929330167178400}
14:15:39.586 [cluster-ClusterId{value='6975d8320aeebc7dd3f70c4f', description='Cluster0'}-ac-l6uagqo-shard-00-00.ofgdpxv.mongodb.net:27017] INFO  org.mongodb.driver.cluster - Monitor thread successfully connected to server with description ServerDescription{address=ac-l6uagqo-shard-00-00.ofgdpxv.mongodb.net:27017, type=REPLICA_SET_SECONDARY, state=CONNECTED, ok=true, minWireVersion=0, maxWireVersion=25, maxDocumentSize=16777216, logicalSessionTimeoutMinutes=30, roundTripTimeNanos=306998700, setName='atlas-nbt1cq-shard-0', canonicalAddress=ac-l6uagqo-shard-00-00.ofgdpxv.mongodb.net:27017, hosts=[ac-l6uagqo-shard-00-02.ofgdpxv.mongodb.net:27017, ac-l6uagqo-shard-00-01.ofgdpxv.mongodb.net:27017, ac-l6uagqo-shard-00-00.ofgdpxv.mongodb.net:27017], passives=[], arbiters=[], primary='ac-l6uagqo-shard-00-01.ofgdpxv.mongodb.net:27017', tagSet=TagSet{[Tag{name='availabilityZone', value='aps1-az1'}, Tag{name='diskState', value='READY'}, Tag{name='nodeType', value='ELECTABLE'}, Tag{name='provider', value='AWS'}, Tag{name='region', value='AP_SOUTH_1'}, Tag{name='workloadType', value='OPERATIONAL'}]}, electionId=null, setVersion=25, topologyVersion=TopologyVersion{processId=69724970171d573d39dfaf2c, counter=4}, lastWriteDate=Sun Jan 25 14:15:38 IST 2026, lastUpdateTimeNanos=929330167625100}
14:15:39.586 [cluster-ClusterId{value='6975d8320aeebc7dd3f70c4f', description='Cluster0'}-ac-l6uagqo-shard-00-02.ofgdpxv.mongodb.net:27017] INFO  org.mongodb.driver.cluster - Monitor thread successfully connected to server with description ServerDescription{address=ac-l6uagqo-shard-00-02.ofgdpxv.mongodb.net:27017, type=REPLICA_SET_SECONDARY, state=CONNECTED, ok=true, minWireVersion=0, maxWireVersion=25, maxDocumentSize=16777216, logicalSessionTimeoutMinutes=30, roundTripTimeNanos=305676700, setName='atlas-nbt1cq-shard-0', canonicalAddress=ac-l6uagqo-shard-00-02.ofgdpxv.mongodb.net:27017, hosts=[ac-l6uagqo-shard-00-02.ofgdpxv.mongodb.net:27017, ac-l6uagqo-shard-00-01.ofgdpxv.mongodb.net:27017, ac-l6uagqo-shard-00-00.ofgdpxv.mongodb.net:27017], passives=[], arbiters=[], primary='ac-l6uagqo-shard-00-01.ofgdpxv.mongodb.net:27017', tagSet=TagSet{[Tag{name='availabilityZone', value='aps1-az2'}, Tag{name='diskState', value='READY'}, Tag{name='nodeType', value='ELECTABLE'}, Tag{name='provider', value='AWS'}, Tag{name='region', value='AP_SOUTH_1'}, Tag{name='workloadType', value='OPERATIONAL'}]}, electionId=null, setVersion=25, topologyVersion=TopologyVersion{processId=697249fc870135aae8859e2b, counter=3}, lastWriteDate=Sun Jan 25 14:15:38 IST 2026, lastUpdateTimeNanos=929330166306900}
14:15:39.589 [cluster-ClusterId{value='6975d8320aeebc7dd3f70c4f', description='Cluster0'}-ac-l6uagqo-shard-00-01.ofgdpxv.mongodb.net:27017] INFO  org.mongodb.driver.cluster - Discovered replica set primary ac-l6uagqo-shard-00-01.ofgdpxv.mongodb.net:27017 with max election id 7fffffff0000000000000044 and max set version 25
14:15:40.865 [main] WARN  o.s.s.c.a.a.c.InitializeUserDetailsBeanManagerConfigurer$InitializeUserDetailsManagerConfigurer - Global AuthenticationManager configured with an AuthenticationProvider bean. UserDetailsService beans will not be used for username/password login. Consider removing the AuthenticationProvider bean. Alternatively, consider using the UserDetailsService in a manually instantiated DaoAuthenticationProvider.
14:15:44.540 [main] INFO  o.a.coyote.http11.Http11NioProtocol - Starting ProtocolHandler ["http-nio-8080"]
14:15:44.599 [main] INFO  o.s.b.w.e.tomcat.TomcatWebServer - Tomcat started on port 8080 (http) with context path '/'
14:15:44.652 [main] INFO  n.e.journalApp.JournalApplication - Started JournalApplication in 9.775 seconds (process running for 10.998)
14:16:33.042 [http-nio-8080-exec-2] INFO  o.a.c.c.C.[Tomcat].[localhost].[/] - Initializing Spring DispatcherServlet 'dispatcherServlet'
14:16:33.042 [http-nio-8080-exec-2] INFO  o.s.web.servlet.DispatcherServlet - Initializing Servlet 'dispatcherServlet'
14:16:33.045 [http-nio-8080-exec-2] INFO  o.s.web.servlet.DispatcherServlet - Completed initialization in 1 ms
14:19:27.484 [main] INFO  n.e.journalApp.JournalApplication - Starting JournalApplication using Java 17.0.17 with PID 4788 (E:\flutter_windows_3.19.4-stable\journalApp\target\classes started by Yash in E:\flutter_windows_3.19.4-stable\journalApp)
14:19:27.488 [main] INFO  n.e.journalApp.JournalApplication - The following 1 profile is active: "dev"
14:19:29.611 [main] INFO  o.s.d.r.c.RepositoryConfigurationDelegate - Multiple Spring Data modules found, entering strict repository configuration mode
14:19:29.614 [main] INFO  o.s.d.r.c.RepositoryConfigurationDelegate - Bootstrapping Spring Data MongoDB repositories in DEFAULT mode.
14:19:29.961 [main] INFO  o.s.d.r.c.RepositoryConfigurationDelegate - Finished Spring Data repository scanning in 341 ms. Found 3 MongoDB repository interfaces.
14:19:29.996 [main] INFO  o.s.d.r.c.RepositoryConfigurationDelegate - Multiple Spring Data modules found, entering strict repository configuration mode
14:19:29.998 [main] INFO  o.s.d.r.c.RepositoryConfigurationDelegate - Bootstrapping Spring Data Redis repositories in DEFAULT mode.
14:19:30.022 [main] INFO  o.s.d.r.c.RepositoryConfigurationExtensionSupport - Spring Data Redis - Could not safely identify store assignment for repository candidate interface net.engineeringdigest.journalApp.repository.ConfigJournalAppRepository; If you want this repository to be a Redis repository, consider annotating your entities with one of these annotations: org.springframework.data.redis.core.RedisHash (preferred), or consider extending one of the following types with your repository: org.springframework.data.keyvalue.repository.KeyValueRepository
14:19:30.024 [main] INFO  o.s.d.r.c.RepositoryConfigurationExtensionSupport - Spring Data Redis - Could not safely identify store assignment for repository candidate interface net.engineeringdigest.journalApp.repository.JournalEntryRepository; If you want this repository to be a Redis repository, consider annotating your entities with one of these annotations: org.springframework.data.redis.core.RedisHash (preferred), or consider extending one of the following types with your repository: org.springframework.data.keyvalue.repository.KeyValueRepository
14:19:30.027 [main] INFO  o.s.d.r.c.RepositoryConfigurationExtensionSupport - Spring Data Redis - Could not safely identify store assignment for repository candidate interface net.engineeringdigest.journalApp.repository.UserRepository; If you want this repository to be a Redis repository, consider annotating your entities with one of these annotations: org.springframework.data.redis.core.RedisHash (preferred), or consider extending one of the following types with your repository: org.springframework.data.keyvalue.repository.KeyValueRepository
14:19:30.027 [main] INFO  o.s.d.r.c.RepositoryConfigurationDelegate - Finished Spring Data repository scanning in 17 ms. Found 0 Redis repository interfaces.
14:19:31.089 [main] INFO  o.s.b.w.e.tomcat.TomcatWebServer - Tomcat initialized with port 8080 (http)
14:19:31.106 [main] INFO  o.a.coyote.http11.Http11NioProtocol - Initializing ProtocolHandler ["http-nio-8080"]
14:19:31.112 [main] INFO  o.a.catalina.core.StandardService - Starting service [Tomcat]
14:19:31.112 [main] INFO  o.a.catalina.core.StandardEngine - Starting Servlet engine: [Apache Tomcat/10.1.30]
14:19:31.240 [main] INFO  o.a.c.c.C.[Tomcat].[localhost].[/] - Initializing Spring embedded WebApplicationContext
14:19:31.241 [main] INFO  o.s.b.w.s.c.ServletWebServerApplicationContext - Root WebApplicationContext: initialization completed in 3621 ms
14:19:31.556 [cluster-ClusterId{value='6975d91be1ec2352d18593b5', description='Cluster0'}-srv-cluster0.ofgdpxv.mongodb.net] INFO  org.mongodb.driver.cluster - Adding discovered server ac-l6uagqo-shard-00-02.ofgdpxv.mongodb.net:27017 to client view of cluster
14:19:31.607 [cluster-ClusterId{value='6975d91be1ec2352d18593b5', description='Cluster0'}-srv-cluster0.ofgdpxv.mongodb.net] INFO  org.mongodb.driver.cluster - Adding discovered server ac-l6uagqo-shard-00-00.ofgdpxv.mongodb.net:27017 to client view of cluster
14:19:31.616 [cluster-ClusterId{value='6975d91be1ec2352d18593b5', description='Cluster0'}-srv-cluster0.ofgdpxv.mongodb.net] INFO  org.mongodb.driver.cluster - Adding discovered server ac-l6uagqo-shard-00-01.ofgdpxv.mongodb.net:27017 to client view of cluster
14:19:31.626 [main] INFO  org.mongodb.driver.client - MongoClient with metadata {"application": {"name": "Cluster0"}, "driver": {"name": "mongo-java-driver|sync|spring-boot", "version": "5.0.1"}, "os": {"type": "Windows", "name": "Windows 10", "architecture": "amd64", "version": "10.0"}, "platform": "Java/Microsoft/17.0.17+10-LTS"} created with settings MongoClientSettings{readPreference=primary, writeConcern=WriteConcern{w=null, wTimeout=null ms, journal=null}, retryWrites=true, retryReads=true, readConcern=ReadConcern{level=null}, credential=MongoCredential{mechanism=null, userName='yashu17052000', source='admin', password=<hidden>, mechanismProperties=<hidden>}, transportSettings=null, commandListeners=[], codecRegistry=ProvidersCodecRegistry{codecProviders=[ValueCodecProvider{}, BsonValueCodecProvider{}, DBRefCodecProvider{}, DBObjectCodecProvider{}, DocumentCodecProvider{}, CollectionCodecProvider{}, IterableCodecProvider{}, MapCodecProvider{}, GeoJsonCodecProvider{}, GridFSFileCodecProvider{}, Jsr310CodecProvider{}, JsonObjectCodecProvider{}, BsonCodecProvider{}, EnumCodecProvider{}, com.mongodb.client.model.mql.ExpressionCodecProvider@6885ed19, com.mongodb.Jep395RecordCodecProvider@10817f46, com.mongodb.KotlinCodecProvider@2d4a3e13]}, loggerSettings=LoggerSettings{maxDocumentLength=1000}, clusterSettings={hosts=[127.0.0.1:27017], srvHost=cluster0.ofgdpxv.mongodb.net, srvServiceName=mongodb, mode=MULTIPLE, requiredClusterType=REPLICA_SET, requiredReplicaSetName='atlas-nbt1cq-shard-0', serverSelector='null', clusterListeners='[]', serverSelectionTimeout='30000 ms', localThreshold='15 ms'}, socketSettings=SocketSettings{connectTimeoutMS=10000, readTimeoutMS=0, receiveBufferSize=0, proxySettings=ProxySettings{host=null, port=null, username=null, password=null}}, heartbeatSocketSettings=SocketSettings{connectTimeoutMS=10000, readTimeoutMS=10000, receiveBufferSize=0, proxySettings=ProxySettings{host=null, port=null, username=null, password=null}}, connectionPoolSettings=ConnectionPoolSettings{maxSize=100, minSize=0, maxWaitTimeMS=120000, maxConnectionLifeTimeMS=0, maxConnectionIdleTimeMS=0, maintenanceInitialDelayMS=0, maintenanceFrequencyMS=60000, connectionPoolListeners=[], maxConnecting=2}, serverSettings=ServerSettings{heartbeatFrequencyMS=10000, minHeartbeatFrequencyMS=500, serverListeners='[]', serverMonitorListeners='[]'}, sslSettings=SslSettings{enabled=true, invalidHostNameAllowed=false, context=null}, applicationName='Cluster0', compressorList=[], uuidRepresentation=JAVA_LEGACY, serverApi=null, autoEncryptionSettings=null, dnsClient=null, inetAddressResolver=null, contextProvider=null}
14:19:32.380 [cluster-ClusterId{value='6975d91be1ec2352d18593b5', description='Cluster0'}-ac-l6uagqo-shard-00-02.ofgdpxv.mongodb.net:27017] INFO  org.mongodb.driver.cluster - Monitor thread successfully connected to server with description ServerDescription{address=ac-l6uagqo-shard-00-02.ofgdpxv.mongodb.net:27017, type=REPLICA_SET_SECONDARY, state=CONNECTED, ok=true, minWireVersion=0, maxWireVersion=25, maxDocumentSize=16777216, logicalSessionTimeoutMinutes=30, roundTripTimeNanos=340708100, setName='atlas-nbt1cq-shard-0', canonicalAddress=ac-l6uagqo-shard-00-02.ofgdpxv.mongodb.net:27017, hosts=[ac-l6uagqo-shard-00-02.ofgdpxv.mongodb.net:27017, ac-l6uagqo-shard-00-01.ofgdpxv.mongodb.net:27017, ac-l6uagqo-shard-00-00.ofgdpxv.mongodb.net:27017], passives=[], arbiters=[], primary='ac-l6uagqo-shard-00-01.ofgdpxv.mongodb.net:27017', tagSet=TagSet{[Tag{name='availabilityZone', value='aps1-az2'}, Tag{name='diskState', value='READY'}, Tag{name='nodeType', value='ELECTABLE'}, Tag{name='provider', value='AWS'}, Tag{name='region', value='AP_SOUTH_1'}, Tag{name='workloadType', value='OPERATIONAL'}]}, electionId=null, setVersion=25, topologyVersion=TopologyVersion{processId=697249fc870135aae8859e2b, counter=3}, lastWriteDate=Sun Jan 25 14:19:31 IST 2026, lastUpdateTimeNanos=929562961539000}
14:19:32.381 [cluster-ClusterId{value='6975d91be1ec2352d18593b5', description='Cluster0'}-ac-l6uagqo-shard-00-00.ofgdpxv.mongodb.net:27017] INFO  org.mongodb.driver.cluster - Monitor thread successfully connected to server with description ServerDescription{address=ac-l6uagqo-shard-00-00.ofgdpxv.mongodb.net:27017, type=REPLICA_SET_SECONDARY, state=CONNECTED, ok=true, minWireVersion=0, maxWireVersion=25, maxDocumentSize=16777216, logicalSessionTimeoutMinutes=30, roundTripTimeNanos=339759900, setName='atlas-nbt1cq-shard-0', canonicalAddress=ac-l6uagqo-shard-00-00.ofgdpxv.mongodb.net:27017, hosts=[ac-l6uagqo-shard-00-02.ofgdpxv.mongodb.net:27017, ac-l6uagqo-shard-00-01.ofgdpxv.mongodb.net:27017, ac-l6uagqo-shard-00-00.ofgdpxv.mongodb.net:27017], passives=[], arbiters=[], primary='ac-l6uagqo-shard-00-01.ofgdpxv.mongodb.net:27017', tagSet=TagSet{[Tag{name='availabilityZone', value='aps1-az1'}, Tag{name='diskState', value='READY'}, Tag{name='nodeType', value='ELECTABLE'}, Tag{name='provider', value='AWS'}, Tag{name='region', value='AP_SOUTH_1'}, Tag{name='workloadType', value='OPERATIONAL'}]}, electionId=null, setVersion=25, topologyVersion=TopologyVersion{processId=69724970171d573d39dfaf2c, counter=4}, lastWriteDate=Sun Jan 25 14:19:31 IST 2026, lastUpdateTimeNanos=929562960584100}
14:19:32.381 [cluster-ClusterId{value='6975d91be1ec2352d18593b5', description='Cluster0'}-ac-l6uagqo-shard-00-01.ofgdpxv.mongodb.net:27017] INFO  org.mongodb.driver.cluster - Monitor thread successfully connected to server with description ServerDescription{address=ac-l6uagqo-shard-00-01.ofgdpxv.mongodb.net:27017, type=REPLICA_SET_PRIMARY, state=CONNECTED, ok=true, minWireVersion=0, maxWireVersion=25, maxDocumentSize=16777216, logicalSessionTimeoutMinutes=30, roundTripTimeNanos=341276800, setName='atlas-nbt1cq-shard-0', canonicalAddress=ac-l6uagqo-shard-00-01.ofgdpxv.mongodb.net:27017, hosts=[ac-l6uagqo-shard-00-02.ofgdpxv.mongodb.net:27017, ac-l6uagqo-shard-00-01.ofgdpxv.mongodb.net:27017, ac-l6uagqo-shard-00-00.ofgdpxv.mongodb.net:27017], passives=[], arbiters=[], primary='ac-l6uagqo-shard-00-01.ofgdpxv.mongodb.net:27017', tagSet=TagSet{[Tag{name='availabilityZone', value='aps1-az3'}, Tag{name='diskState', value='READY'}, Tag{name='nodeType', value='ELECTABLE'}, Tag{name='provider', value='AWS'}, Tag{name='region', value='AP_SOUTH_1'}, Tag{name='workloadType', value='OPERATIONAL'}]}, electionId=7fffffff0000000000000044, setVersion=25, topologyVersion=TopologyVersion{processId=697249b6ae5dd124968fcbef, counter=6}, lastWriteDate=Sun Jan 25 14:19:31 IST 2026, lastUpdateTimeNanos=929562961265700}
14:19:32.387 [cluster-ClusterId{value='6975d91be1ec2352d18593b5', description='Cluster0'}-ac-l6uagqo-shard-00-01.ofgdpxv.mongodb.net:27017] INFO  org.mongodb.driver.cluster - Discovered replica set primary ac-l6uagqo-shard-00-01.ofgdpxv.mongodb.net:27017 with max election id 7fffffff0000000000000044 and max set version 25
14:19:33.365 [main] WARN  o.s.s.c.a.a.c.InitializeUserDetailsBeanManagerConfigurer$InitializeUserDetailsManagerConfigurer - Global AuthenticationManager configured with an AuthenticationProvider bean. UserDetailsService beans will not be used for username/password login. Consider removing the AuthenticationProvider bean. Alternatively, consider using the UserDetailsService in a manually instantiated DaoAuthenticationProvider.
14:19:37.717 [main] INFO  o.a.coyote.http11.Http11NioProtocol - Starting ProtocolHandler ["http-nio-8080"]
14:19:37.779 [main] INFO  o.s.b.w.e.tomcat.TomcatWebServer - Tomcat started on port 8080 (http) with context path '/'
14:19:37.817 [main] INFO  n.e.journalApp.JournalApplication - Started JournalApplication in 11.158 seconds (process running for 12.427)
14:19:45.927 [http-nio-8080-exec-1] INFO  o.a.c.c.C.[Tomcat].[localhost].[/] - Initializing Spring DispatcherServlet 'dispatcherServlet'
14:19:45.928 [http-nio-8080-exec-1] INFO  o.s.web.servlet.DispatcherServlet - Initializing Servlet 'dispatcherServlet'
14:19:45.930 [http-nio-8080-exec-1] INFO  o.s.web.servlet.DispatcherServlet - Completed initialization in 2 ms
14:19:46.147 [http-nio-8080-exec-2] WARN  o.a.c.util.SessionIdGeneratorBase - Creation of SecureRandom instance for session ID generation using [SHA1PRNG] took [141] milliseconds.
14:19:46.256 [http-nio-8080-exec-1] WARN  o.a.c.util.SessionIdGeneratorBase - Creation of SecureRandom instance for session ID generation using [SHA1PRNG] took [251] milliseconds.
14:21:48.607 [main] INFO  n.e.journalApp.JournalApplication - Starting JournalApplication using Java 17.0.17 with PID 15976 (E:\flutter_windows_3.19.4-stable\journalApp\target\classes started by Yash in E:\flutter_windows_3.19.4-stable\journalApp)
14:21:48.612 [main] INFO  n.e.journalApp.JournalApplication - The following 1 profile is active: "dev"
14:21:51.249 [main] INFO  o.s.d.r.c.RepositoryConfigurationDelegate - Multiple Spring Data modules found, entering strict repository configuration mode
14:21:51.253 [main] INFO  o.s.d.r.c.RepositoryConfigurationDelegate - Bootstrapping Spring Data MongoDB repositories in DEFAULT mode.
14:21:51.747 [main] INFO  o.s.d.r.c.RepositoryConfigurationDelegate - Finished Spring Data repository scanning in 483 ms. Found 3 MongoDB repository interfaces.
14:21:51.799 [main] INFO  o.s.d.r.c.RepositoryConfigurationDelegate - Multiple Spring Data modules found, entering strict repository configuration mode
14:21:51.803 [main] INFO  o.s.d.r.c.RepositoryConfigurationDelegate - Bootstrapping Spring Data Redis repositories in DEFAULT mode.
14:21:51.850 [main] INFO  o.s.d.r.c.RepositoryConfigurationExtensionSupport - Spring Data Redis - Could not safely identify store assignment for repository candidate interface net.engineeringdigest.journalApp.repository.ConfigJournalAppRepository; If you want this repository to be a Redis repository, consider annotating your entities with one of these annotations: org.springframework.data.redis.core.RedisHash (preferred), or consider extending one of the following types with your repository: org.springframework.data.keyvalue.repository.KeyValueRepository
14:21:51.851 [main] INFO  o.s.d.r.c.RepositoryConfigurationExtensionSupport - Spring Data Redis - Could not safely identify store assignment for repository candidate interface net.engineeringdigest.journalApp.repository.JournalEntryRepository; If you want this repository to be a Redis repository, consider annotating your entities with one of these annotations: org.springframework.data.redis.core.RedisHash (preferred), or consider extending one of the following types with your repository: org.springframework.data.keyvalue.repository.KeyValueRepository
14:21:51.852 [main] INFO  o.s.d.r.c.RepositoryConfigurationExtensionSupport - Spring Data Redis - Could not safely identify store assignment for repository candidate interface net.engineeringdigest.journalApp.repository.UserRepository; If you want this repository to be a Redis repository, consider annotating your entities with one of these annotations: org.springframework.data.redis.core.RedisHash (preferred), or consider extending one of the following types with your repository: org.springframework.data.keyvalue.repository.KeyValueRepository
14:21:51.852 [main] INFO  o.s.d.r.c.RepositoryConfigurationDelegate - Finished Spring Data repository scanning in 28 ms. Found 0 Redis repository interfaces.
14:21:53.554 [main] INFO  o.s.b.w.e.tomcat.TomcatWebServer - Tomcat initialized with port 8080 (http)
14:21:53.579 [main] INFO  o.a.coyote.http11.Http11NioProtocol - Initializing ProtocolHandler ["http-nio-8080"]
14:21:53.604 [main] INFO  o.a.catalina.core.StandardService - Starting service [Tomcat]
14:21:53.605 [main] INFO  o.a.catalina.core.StandardEngine - Starting Servlet engine: [Apache Tomcat/10.1.30]
14:21:53.826 [main] INFO  o.a.c.c.C.[Tomcat].[localhost].[/] - Initializing Spring embedded WebApplicationContext
14:21:53.827 [main] INFO  o.s.b.w.s.c.ServletWebServerApplicationContext - Root WebApplicationContext: initialization completed in 4950 ms
14:21:54.265 [cluster-ClusterId{value='6975d9aa8f0b1715205109c0', description='Cluster0'}-srv-cluster0.ofgdpxv.mongodb.net] INFO  org.mongodb.driver.cluster - Adding discovered server ac-l6uagqo-shard-00-02.ofgdpxv.mongodb.net:27017 to client view of cluster
14:21:54.336 [main] INFO  org.mongodb.driver.client - MongoClient with metadata {"application": {"name": "Cluster0"}, "driver": {"name": "mongo-java-driver|sync|spring-boot", "version": "5.0.1"}, "os": {"type": "Windows", "name": "Windows 10", "architecture": "amd64", "version": "10.0"}, "platform": "Java/Microsoft/17.0.17+10-LTS"} created with settings MongoClientSettings{readPreference=primary, writeConcern=WriteConcern{w=null, wTimeout=null ms, journal=null}, retryWrites=true, retryReads=true, readConcern=ReadConcern{level=null}, credential=MongoCredential{mechanism=null, userName='yashu17052000', source='admin', password=<hidden>, mechanismProperties=<hidden>}, transportSettings=null, commandListeners=[], codecRegistry=ProvidersCodecRegistry{codecProviders=[ValueCodecProvider{}, BsonValueCodecProvider{}, DBRefCodecProvider{}, DBObjectCodecProvider{}, DocumentCodecProvider{}, CollectionCodecProvider{}, IterableCodecProvider{}, MapCodecProvider{}, GeoJsonCodecProvider{}, GridFSFileCodecProvider{}, Jsr310CodecProvider{}, JsonObjectCodecProvider{}, BsonCodecProvider{}, EnumCodecProvider{}, com.mongodb.client.model.mql.ExpressionCodecProvider@6aae0e6f, com.mongodb.Jep395RecordCodecProvider@37775bb1, com.mongodb.KotlinCodecProvider@7b9e25bd]}, loggerSettings=LoggerSettings{maxDocumentLength=1000}, clusterSettings={hosts=[127.0.0.1:27017], srvHost=cluster0.ofgdpxv.mongodb.net, srvServiceName=mongodb, mode=MULTIPLE, requiredClusterType=REPLICA_SET, requiredReplicaSetName='atlas-nbt1cq-shard-0', serverSelector='null', clusterListeners='[]', serverSelectionTimeout='30000 ms', localThreshold='15 ms'}, socketSettings=SocketSettings{connectTimeoutMS=10000, readTimeoutMS=0, receiveBufferSize=0, proxySettings=ProxySettings{host=null, port=null, username=null, password=null}}, heartbeatSocketSettings=SocketSettings{connectTimeoutMS=10000, readTimeoutMS=10000, receiveBufferSize=0, proxySettings=ProxySettings{host=null, port=null, username=null, password=null}}, connectionPoolSettings=ConnectionPoolSettings{maxSize=100, minSize=0, maxWaitTimeMS=120000, maxConnectionLifeTimeMS=0, maxConnectionIdleTimeMS=0, maintenanceInitialDelayMS=0, maintenanceFrequencyMS=60000, connectionPoolListeners=[], maxConnecting=2}, serverSettings=ServerSettings{heartbeatFrequencyMS=10000, minHeartbeatFrequencyMS=500, serverListeners='[]', serverMonitorListeners='[]'}, sslSettings=SslSettings{enabled=true, invalidHostNameAllowed=false, context=null}, applicationName='Cluster0', compressorList=[], uuidRepresentation=JAVA_LEGACY, serverApi=null, autoEncryptionSettings=null, dnsClient=null, inetAddressResolver=null, contextProvider=null}
14:21:54.353 [cluster-ClusterId{value='6975d9aa8f0b1715205109c0', description='Cluster0'}-srv-cluster0.ofgdpxv.mongodb.net] INFO  org.mongodb.driver.cluster - Adding discovered server ac-l6uagqo-shard-00-01.ofgdpxv.mongodb.net:27017 to client view of cluster
14:21:54.371 [cluster-ClusterId{value='6975d9aa8f0b1715205109c0', description='Cluster0'}-srv-cluster0.ofgdpxv.mongodb.net] INFO  org.mongodb.driver.cluster - Adding discovered server ac-l6uagqo-shard-00-00.ofgdpxv.mongodb.net:27017 to client view of cluster
14:21:55.724 [cluster-ClusterId{value='6975d9aa8f0b1715205109c0', description='Cluster0'}-ac-l6uagqo-shard-00-00.ofgdpxv.mongodb.net:27017] INFO  org.mongodb.driver.cluster - Monitor thread successfully connected to server with description ServerDescription{address=ac-l6uagqo-shard-00-00.ofgdpxv.mongodb.net:27017, type=REPLICA_SET_SECONDARY, state=CONNECTED, ok=true, minWireVersion=0, maxWireVersion=25, maxDocumentSize=16777216, logicalSessionTimeoutMinutes=30, roundTripTimeNanos=735977700, setName='atlas-nbt1cq-shard-0', canonicalAddress=ac-l6uagqo-shard-00-00.ofgdpxv.mongodb.net:27017, hosts=[ac-l6uagqo-shard-00-02.ofgdpxv.mongodb.net:27017, ac-l6uagqo-shard-00-01.ofgdpxv.mongodb.net:27017, ac-l6uagqo-shard-00-00.ofgdpxv.mongodb.net:27017], passives=[], arbiters=[], primary='ac-l6uagqo-shard-00-01.ofgdpxv.mongodb.net:27017', tagSet=TagSet{[Tag{name='availabilityZone', value='aps1-az1'}, Tag{name='diskState', value='READY'}, Tag{name='nodeType', value='ELECTABLE'}, Tag{name='provider', value='AWS'}, Tag{name='region', value='AP_SOUTH_1'}, Tag{name='workloadType', value='OPERATIONAL'}]}, electionId=null, setVersion=25, topologyVersion=TopologyVersion{processId=69724970171d573d39dfaf2c, counter=4}, lastWriteDate=Sun Jan 25 14:21:54 IST 2026, lastUpdateTimeNanos=929706307148200}
14:21:55.785 [cluster-ClusterId{value='6975d9aa8f0b1715205109c0', description='Cluster0'}-ac-l6uagqo-shard-00-01.ofgdpxv.mongodb.net:27017] INFO  org.mongodb.driver.cluster - Monitor thread successfully connected to server with description ServerDescription{address=ac-l6uagqo-shard-00-01.ofgdpxv.mongodb.net:27017, type=REPLICA_SET_PRIMARY, state=CONNECTED, ok=true, minWireVersion=0, maxWireVersion=25, maxDocumentSize=16777216, logicalSessionTimeoutMinutes=30, roundTripTimeNanos=798927600, setName='atlas-nbt1cq-shard-0', canonicalAddress=ac-l6uagqo-shard-00-01.ofgdpxv.mongodb.net:27017, hosts=[ac-l6uagqo-shard-00-02.ofgdpxv.mongodb.net:27017, ac-l6uagqo-shard-00-01.ofgdpxv.mongodb.net:27017, ac-l6uagqo-shard-00-00.ofgdpxv.mongodb.net:27017], passives=[], arbiters=[], primary='ac-l6uagqo-shard-00-01.ofgdpxv.mongodb.net:27017', tagSet=TagSet{[Tag{name='availabilityZone', value='aps1-az3'}, Tag{name='diskState', value='READY'}, Tag{name='nodeType', value='ELECTABLE'}, Tag{name='provider', value='AWS'}, Tag{name='region', value='AP_SOUTH_1'}, Tag{name='workloadType', value='OPERATIONAL'}]}, electionId=7fffffff0000000000000044, setVersion=25, topologyVersion=TopologyVersion{processId=697249b6ae5dd124968fcbef, counter=6}, lastWriteDate=Sun Jan 25 14:21:54 IST 2026, lastUpdateTimeNanos=929706369153400}
14:21:55.786 [cluster-ClusterId{value='6975d9aa8f0b1715205109c0', description='Cluster0'}-ac-l6uagqo-shard-00-01.ofgdpxv.mongodb.net:27017] INFO  org.mongodb.driver.cluster - Discovered replica set primary ac-l6uagqo-shard-00-01.ofgdpxv.mongodb.net:27017 with max election id 7fffffff0000000000000044 and max set version 25
14:21:55.797 [cluster-ClusterId{value='6975d9aa8f0b1715205109c0', description='Cluster0'}-ac-l6uagqo-shard-00-02.ofgdpxv.mongodb.net:27017] INFO  org.mongodb.driver.cluster - Monitor thread successfully connected to server with description ServerDescription{address=ac-l6uagqo-shard-00-02.ofgdpxv.mongodb.net:27017, type=REPLICA_SET_SECONDARY, state=CONNECTED, ok=true, minWireVersion=0, maxWireVersion=25, maxDocumentSize=16777216, logicalSessionTimeoutMinutes=30, roundTripTimeNanos=810478300, setName='atlas-nbt1cq-shard-0', canonicalAddress=ac-l6uagqo-shard-00-02.ofgdpxv.mongodb.net:27017, hosts=[ac-l6uagqo-shard-00-02.ofgdpxv.mongodb.net:27017, ac-l6uagqo-shard-00-01.ofgdpxv.mongodb.net:27017, ac-l6uagqo-shard-00-00.ofgdpxv.mongodb.net:27017], passives=[], arbiters=[], primary='ac-l6uagqo-shard-00-01.ofgdpxv.mongodb.net:27017', tagSet=TagSet{[Tag{name='availabilityZone', value='aps1-az2'}, Tag{name='diskState', value='READY'}, Tag{name='nodeType', value='ELECTABLE'}, Tag{name='provider', value='AWS'}, Tag{name='region', value='AP_SOUTH_1'}, Tag{name='workloadType', value='OPERATIONAL'}]}, electionId=null, setVersion=25, topologyVersion=TopologyVersion{processId=697249fc870135aae8859e2b, counter=3}, lastWriteDate=Sun Jan 25 14:21:54 IST 2026, lastUpdateTimeNanos=929706381513000}
14:21:57.164 [main] WARN  o.s.s.c.a.a.c.InitializeUserDetailsBeanManagerConfigurer$InitializeUserDetailsManagerConfigurer - Global AuthenticationManager configured with an AuthenticationProvider bean. UserDetailsService beans will not be used for username/password login. Consider removing the AuthenticationProvider bean. Alternatively, consider using the UserDetailsService in a manually instantiated DaoAuthenticationProvider.
14:22:02.060 [main] INFO  o.a.coyote.http11.Http11NioProtocol - Starting ProtocolHandler ["http-nio-8080"]
14:22:02.124 [main] INFO  o.s.b.w.e.tomcat.TomcatWebServer - Tomcat started on port 8080 (http) with context path '/'
14:22:02.166 [main] INFO  n.e.journalApp.JournalApplication - Started JournalApplication in 14.548 seconds (process running for 16.066)
14:22:17.409 [http-nio-8080-exec-2] INFO  o.a.c.c.C.[Tomcat].[localhost].[/] - Initializing Spring DispatcherServlet 'dispatcherServlet'
14:22:17.410 [http-nio-8080-exec-2] INFO  o.s.web.servlet.DispatcherServlet - Initializing Servlet 'dispatcherServlet'
14:22:17.413 [http-nio-8080-exec-2] INFO  o.s.web.servlet.DispatcherServlet - Completed initialization in 2 ms
14:22:17.686 [http-nio-8080-exec-1] WARN  o.a.c.util.SessionIdGeneratorBase - Creation of SecureRandom instance for session ID generation using [SHA1PRNG] took [181] milliseconds.
14:22:17.687 [http-nio-8080-exec-2] WARN  o.a.c.util.SessionIdGeneratorBase - Creation of SecureRandom instance for session ID generation using [SHA1PRNG] took [186] milliseconds.
14:26:54.199 [main] INFO  n.e.journalApp.JournalApplication - Starting JournalApplication using Java 17.0.17 with PID 5128 (E:\flutter_windows_3.19.4-stable\journalApp\target\classes started by Yash in E:\flutter_windows_3.19.4-stable\journalApp)
14:26:54.204 [main] INFO  n.e.journalApp.JournalApplication - The following 1 profile is active: "dev"
14:26:56.611 [main] INFO  o.s.d.r.c.RepositoryConfigurationDelegate - Multiple Spring Data modules found, entering strict repository configuration mode
14:26:56.614 [main] INFO  o.s.d.r.c.RepositoryConfigurationDelegate - Bootstrapping Spring Data MongoDB repositories in DEFAULT mode.
14:26:57.041 [main] INFO  o.s.d.r.c.RepositoryConfigurationDelegate - Finished Spring Data repository scanning in 416 ms. Found 3 MongoDB repository interfaces.
14:26:57.088 [main] INFO  o.s.d.r.c.RepositoryConfigurationDelegate - Multiple Spring Data modules found, entering strict repository configuration mode
14:26:57.091 [main] INFO  o.s.d.r.c.RepositoryConfigurationDelegate - Bootstrapping Spring Data Redis repositories in DEFAULT mode.
14:26:57.131 [main] INFO  o.s.d.r.c.RepositoryConfigurationExtensionSupport - Spring Data Redis - Could not safely identify store assignment for repository candidate interface net.engineeringdigest.journalApp.repository.ConfigJournalAppRepository; If you want this repository to be a Redis repository, consider annotating your entities with one of these annotations: org.springframework.data.redis.core.RedisHash (preferred), or consider extending one of the following types with your repository: org.springframework.data.keyvalue.repository.KeyValueRepository
14:26:57.133 [main] INFO  o.s.d.r.c.RepositoryConfigurationExtensionSupport - Spring Data Redis - Could not safely identify store assignment for repository candidate interface net.engineeringdigest.journalApp.repository.JournalEntryRepository; If you want this repository to be a Redis repository, consider annotating your entities with one of these annotations: org.springframework.data.redis.core.RedisHash (preferred), or consider extending one of the following types with your repository: org.springframework.data.keyvalue.repository.KeyValueRepository
14:26:57.133 [main] INFO  o.s.d.r.c.RepositoryConfigurationExtensionSupport - Spring Data Redis - Could not safely identify store assignment for repository candidate interface net.engineeringdigest.journalApp.repository.UserRepository; If you want this repository to be a Redis repository, consider annotating your entities with one of these annotations: org.springframework.data.redis.core.RedisHash (preferred), or consider extending one of the following types with your repository: org.springframework.data.keyvalue.repository.KeyValueRepository
14:26:57.134 [main] INFO  o.s.d.r.c.RepositoryConfigurationDelegate - Finished Spring Data repository scanning in 21 ms. Found 0 Redis repository interfaces.
14:26:58.715 [main] INFO  o.s.b.w.e.tomcat.TomcatWebServer - Tomcat initialized with port 8080 (http)
14:26:58.737 [main] INFO  o.a.coyote.http11.Http11NioProtocol - Initializing ProtocolHandler ["http-nio-8080"]
14:26:58.746 [main] INFO  o.a.catalina.core.StandardService - Starting service [Tomcat]
14:26:58.746 [main] INFO  o.a.catalina.core.StandardEngine - Starting Servlet engine: [Apache Tomcat/10.1.30]
14:26:58.943 [main] INFO  o.a.c.c.C.[Tomcat].[localhost].[/] - Initializing Spring embedded WebApplicationContext
14:26:58.944 [main] INFO  o.s.b.w.s.c.ServletWebServerApplicationContext - Root WebApplicationContext: initialization completed in 4583 ms
14:26:59.560 [cluster-ClusterId{value='6975dadb0c74ef6fd05c310b', description='Cluster0'}-srv-cluster0.ofgdpxv.mongodb.net] INFO  org.mongodb.driver.cluster - Adding discovered server ac-l6uagqo-shard-00-02.ofgdpxv.mongodb.net:27017 to client view of cluster
14:26:59.664 [main] INFO  org.mongodb.driver.client - MongoClient with metadata {"application": {"name": "Cluster0"}, "driver": {"name": "mongo-java-driver|sync|spring-boot", "version": "5.0.1"}, "os": {"type": "Windows", "name": "Windows 10", "architecture": "amd64", "version": "10.0"}, "platform": "Java/Microsoft/17.0.17+10-LTS"} created with settings MongoClientSettings{readPreference=primary, writeConcern=WriteConcern{w=null, wTimeout=null ms, journal=null}, retryWrites=true, retryReads=true, readConcern=ReadConcern{level=null}, credential=MongoCredential{mechanism=null, userName='yashu17052000', source='admin', password=<hidden>, mechanismProperties=<hidden>}, transportSettings=null, commandListeners=[], codecRegistry=ProvidersCodecRegistry{codecProviders=[ValueCodecProvider{}, BsonValueCodecProvider{}, DBRefCodecProvider{}, DBObjectCodecProvider{}, DocumentCodecProvider{}, CollectionCodecProvider{}, IterableCodecProvider{}, MapCodecProvider{}, GeoJsonCodecProvider{}, GridFSFileCodecProvider{}, Jsr310CodecProvider{}, JsonObjectCodecProvider{}, BsonCodecProvider{}, EnumCodecProvider{}, com.mongodb.client.model.mql.ExpressionCodecProvider@794240e2, com.mongodb.Jep395RecordCodecProvider@74a820bf, com.mongodb.KotlinCodecProvider@5a30722c]}, loggerSettings=LoggerSettings{maxDocumentLength=1000}, clusterSettings={hosts=[127.0.0.1:27017], srvHost=cluster0.ofgdpxv.mongodb.net, srvServiceName=mongodb, mode=MULTIPLE, requiredClusterType=REPLICA_SET, requiredReplicaSetName='atlas-nbt1cq-shard-0', serverSelector='null', clusterListeners='[]', serverSelectionTimeout='30000 ms', localThreshold='15 ms'}, socketSettings=SocketSettings{connectTimeoutMS=10000, readTimeoutMS=0, receiveBufferSize=0, proxySettings=ProxySettings{host=null, port=null, username=null, password=null}}, heartbeatSocketSettings=SocketSettings{connectTimeoutMS=10000, readTimeoutMS=10000, receiveBufferSize=0, proxySettings=ProxySettings{host=null, port=null, username=null, password=null}}, connectionPoolSettings=ConnectionPoolSettings{maxSize=100, minSize=0, maxWaitTimeMS=120000, maxConnectionLifeTimeMS=0, maxConnectionIdleTimeMS=0, maintenanceInitialDelayMS=0, maintenanceFrequencyMS=60000, connectionPoolListeners=[], maxConnecting=2}, serverSettings=ServerSettings{heartbeatFrequencyMS=10000, minHeartbeatFrequencyMS=500, serverListeners='[]', serverMonitorListeners='[]'}, sslSettings=SslSettings{enabled=true, invalidHostNameAllowed=false, context=null}, applicationName='Cluster0', compressorList=[], uuidRepresentation=JAVA_LEGACY, serverApi=null, autoEncryptionSettings=null, dnsClient=null, inetAddressResolver=null, contextProvider=null}
14:26:59.694 [cluster-ClusterId{value='6975dadb0c74ef6fd05c310b', description='Cluster0'}-srv-cluster0.ofgdpxv.mongodb.net] INFO  org.mongodb.driver.cluster - Adding discovered server ac-l6uagqo-shard-00-00.ofgdpxv.mongodb.net:27017 to client view of cluster
14:26:59.706 [cluster-ClusterId{value='6975dadb0c74ef6fd05c310b', description='Cluster0'}-srv-cluster0.ofgdpxv.mongodb.net] INFO  org.mongodb.driver.cluster - Adding discovered server ac-l6uagqo-shard-00-01.ofgdpxv.mongodb.net:27017 to client view of cluster
14:27:00.845 [cluster-ClusterId{value='6975dadb0c74ef6fd05c310b', description='Cluster0'}-ac-l6uagqo-shard-00-02.ofgdpxv.mongodb.net:27017] INFO  org.mongodb.driver.cluster - Monitor thread successfully connected to server with description ServerDescription{address=ac-l6uagqo-shard-00-02.ofgdpxv.mongodb.net:27017, type=REPLICA_SET_SECONDARY, state=CONNECTED, ok=true, minWireVersion=0, maxWireVersion=25, maxDocumentSize=16777216, logicalSessionTimeoutMinutes=30, roundTripTimeNanos=536725800, setName='atlas-nbt1cq-shard-0', canonicalAddress=ac-l6uagqo-shard-00-02.ofgdpxv.mongodb.net:27017, hosts=[ac-l6uagqo-shard-00-02.ofgdpxv.mongodb.net:27017, ac-l6uagqo-shard-00-01.ofgdpxv.mongodb.net:27017, ac-l6uagqo-shard-00-00.ofgdpxv.mongodb.net:27017], passives=[], arbiters=[], primary='ac-l6uagqo-shard-00-01.ofgdpxv.mongodb.net:27017', tagSet=TagSet{[Tag{name='availabilityZone', value='aps1-az2'}, Tag{name='diskState', value='READY'}, Tag{name='nodeType', value='ELECTABLE'}, Tag{name='provider', value='AWS'}, Tag{name='region', value='AP_SOUTH_1'}, Tag{name='workloadType', value='OPERATIONAL'}]}, electionId=null, setVersion=25, topologyVersion=TopologyVersion{processId=697249fc870135aae8859e2b, counter=3}, lastWriteDate=Sun Jan 25 14:26:59 IST 2026, lastUpdateTimeNanos=930011425356300}
14:27:00.845 [cluster-ClusterId{value='6975dadb0c74ef6fd05c310b', description='Cluster0'}-ac-l6uagqo-shard-00-00.ofgdpxv.mongodb.net:27017] INFO  org.mongodb.driver.cluster - Monitor thread successfully connected to server with description ServerDescription{address=ac-l6uagqo-shard-00-00.ofgdpxv.mongodb.net:27017, type=REPLICA_SET_SECONDARY, state=CONNECTED, ok=true, minWireVersion=0, maxWireVersion=25, maxDocumentSize=16777216, logicalSessionTimeoutMinutes=30, roundTripTimeNanos=536427200, setName='atlas-nbt1cq-shard-0', canonicalAddress=ac-l6uagqo-shard-00-00.ofgdpxv.mongodb.net:27017, hosts=[ac-l6uagqo-shard-00-02.ofgdpxv.mongodb.net:27017, ac-l6uagqo-shard-00-01.ofgdpxv.mongodb.net:27017, ac-l6uagqo-shard-00-00.ofgdpxv.mongodb.net:27017], passives=[], arbiters=[], primary='ac-l6uagqo-shard-00-01.ofgdpxv.mongodb.net:27017', tagSet=TagSet{[Tag{name='availabilityZone', value='aps1-az1'}, Tag{name='diskState', value='READY'}, Tag{name='nodeType', value='ELECTABLE'}, Tag{name='provider', value='AWS'}, Tag{name='region', value='AP_SOUTH_1'}, Tag{name='workloadType', value='OPERATIONAL'}]}, electionId=null, setVersion=25, topologyVersion=TopologyVersion{processId=69724970171d573d39dfaf2c, counter=4}, lastWriteDate=Sun Jan 25 14:26:59 IST 2026, lastUpdateTimeNanos=930011425126800}
14:27:00.845 [cluster-ClusterId{value='6975dadb0c74ef6fd05c310b', description='Cluster0'}-ac-l6uagqo-shard-00-01.ofgdpxv.mongodb.net:27017] INFO  org.mongodb.driver.cluster - Monitor thread successfully connected to server with description ServerDescription{address=ac-l6uagqo-shard-00-01.ofgdpxv.mongodb.net:27017, type=REPLICA_SET_PRIMARY, state=CONNECTED, ok=true, minWireVersion=0, maxWireVersion=25, maxDocumentSize=16777216, logicalSessionTimeoutMinutes=30, roundTripTimeNanos=536345600, setName='atlas-nbt1cq-shard-0', canonicalAddress=ac-l6uagqo-shard-00-01.ofgdpxv.mongodb.net:27017, hosts=[ac-l6uagqo-shard-00-02.ofgdpxv.mongodb.net:27017, ac-l6uagqo-shard-00-01.ofgdpxv.mongodb.net:27017, ac-l6uagqo-shard-00-00.ofgdpxv.mongodb.net:27017], passives=[], arbiters=[], primary='ac-l6uagqo-shard-00-01.ofgdpxv.mongodb.net:27017', tagSet=TagSet{[Tag{name='availabilityZone', value='aps1-az3'}, Tag{name='diskState', value='READY'}, Tag{name='nodeType', value='ELECTABLE'}, Tag{name='provider', value='AWS'}, Tag{name='region', value='AP_SOUTH_1'}, Tag{name='workloadType', value='OPERATIONAL'}]}, electionId=7fffffff0000000000000044, setVersion=25, topologyVersion=TopologyVersion{processId=697249b6ae5dd124968fcbef, counter=6}, lastWriteDate=Sun Jan 25 14:26:59 IST 2026, lastUpdateTimeNanos=930011425034000}
14:27:00.854 [cluster-ClusterId{value='6975dadb0c74ef6fd05c310b', description='Cluster0'}-ac-l6uagqo-shard-00-01.ofgdpxv.mongodb.net:27017] INFO  org.mongodb.driver.cluster - Discovered replica set primary ac-l6uagqo-shard-00-01.ofgdpxv.mongodb.net:27017 with max election id 7fffffff0000000000000044 and max set version 25
14:27:02.203 [main] WARN  o.s.s.c.a.a.c.InitializeUserDetailsBeanManagerConfigurer$InitializeUserDetailsManagerConfigurer - Global AuthenticationManager configured with an AuthenticationProvider bean. UserDetailsService beans will not be used for username/password login. Consider removing the AuthenticationProvider bean. Alternatively, consider using the UserDetailsService in a manually instantiated DaoAuthenticationProvider.
14:27:06.600 [main] INFO  o.a.coyote.http11.Http11NioProtocol - Starting ProtocolHandler ["http-nio-8080"]
14:27:06.640 [main] INFO  o.s.b.w.e.tomcat.TomcatWebServer - Tomcat started on port 8080 (http) with context path '/'
14:27:06.682 [main] INFO  n.e.journalApp.JournalApplication - Started JournalApplication in 13.456 seconds (process running for 14.947)
14:27:16.311 [http-nio-8080-exec-2] INFO  o.a.c.c.C.[Tomcat].[localhost].[/] - Initializing Spring DispatcherServlet 'dispatcherServlet'
14:27:16.312 [http-nio-8080-exec-2] INFO  o.s.web.servlet.DispatcherServlet - Initializing Servlet 'dispatcherServlet'
14:27:16.314 [http-nio-8080-exec-2] INFO  o.s.web.servlet.DispatcherServlet - Completed initialization in 2 ms
14:27:16.776 [http-nio-8080-exec-2] ERROR o.a.c.c.C.[.[.[.[dispatcherServlet] - Servlet.service() for servlet [dispatcherServlet] in context with path [] threw exception
io.jsonwebtoken.ExpiredJwtException: JWT expired 12474772 milliseconds ago at 2026-01-25T05:29:22.000Z. Current time: 2026-01-25T08:57:16.772Z. Allowed clock skew: 0 milliseconds.
	at io.jsonwebtoken.impl.DefaultJwtParser.parse(DefaultJwtParser.java:682)
	at io.jsonwebtoken.impl.DefaultJwtParser.parse(DefaultJwtParser.java:362)
	at io.jsonwebtoken.impl.DefaultJwtParser.parse(DefaultJwtParser.java:94)
	at io.jsonwebtoken.impl.io.AbstractParser.parse(AbstractParser.java:36)
	at io.jsonwebtoken.impl.io.AbstractParser.parse(AbstractParser.java:29)
	at io.jsonwebtoken.impl.DefaultJwtParser.parseSignedClaims(DefaultJwtParser.java:821)
	at net.engineeringdigest.journalApp.utils.JwtUtil.extractAllClaims(JwtUtil.java:34)
	at net.engineeringdigest.journalApp.utils.JwtUtil.extractUsername(JwtUtil.java:22)
	at net.engineeringdigest.journalApp.filter.JwtFilter.doFilterInternal(JwtFilter.java:33)
	at org.springframework.web.filter.OncePerRequestFilter.doFilter(OncePerRequestFilter.java:116)
	at org.springframework.security.web.FilterChainProxy$VirtualFilterChain.doFilter(FilterChainProxy.java:374)
	at org.springframework.security.web.authentication.logout.LogoutFilter.doFilter(LogoutFilter.java:107)
	at org.springframework.security.web.authentication.logout.LogoutFilter.doFilter(LogoutFilter.java:93)
	at org.springframework.security.web.FilterChainProxy$VirtualFilterChain.doFilter(FilterChainProxy.java:374)
	at org.springframework.web.filter.CorsFilter.doFilterInternal(CorsFilter.java:91)
	at org.springframework.web.filter.OncePerRequestFilter.doFilter(OncePerRequestFilter.java:116)
	at org.springframework.security.web.FilterChainProxy$VirtualFilterChain.doFilter(FilterChainProxy.java:374)
	at org.springframework.security.web.header.HeaderWriterFilter.doHeadersAfter(HeaderWriterFilter.java:90)
	at org.springframework.security.web.header.HeaderWriterFilter.doFilterInternal(HeaderWriterFilter.java:75)
	at org.springframework.web.filter.OncePerRequestFilter.doFilter(OncePerRequestFilter.java:116)
	at org.springframework.security.web.FilterChainProxy$VirtualFilterChain.doFilter(FilterChainProxy.java:374)
	at org.springframework.security.web.context.SecurityContextHolderFilter.doFilter(SecurityContextHolderFilter.java:82)
	at org.springframework.security.web.context.SecurityContextHolderFilter.doFilter(SecurityContextHolderFilter.java:69)
	at org.springframework.security.web.FilterChainProxy$VirtualFilterChain.doFilter(FilterChainProxy.java:374)
	at org.springframework.security.web.context.request.async.WebAsyncManagerIntegrationFilter.doFilterInternal(WebAsyncManagerIntegrationFilter.java:62)
	at org.springframework.web.filter.OncePerRequestFilter.doFilter(OncePerRequestFilter.java:116)
	at org.springframework.security.web.FilterChainProxy$VirtualFilterChain.doFilter(FilterChainProxy.java:374)
	at org.springframework.security.web.session.DisableEncodeUrlFilter.doFilterInternal(DisableEncodeUrlFilter.java:42)
	at org.springframework.web.filter.OncePerRequestFilter.doFilter(OncePerRequestFilter.java:116)
	at org.springframework.security.web.FilterChainProxy$VirtualFilterChain.doFilter(FilterChainProxy.java:374)
	at org.springframework.security.web.FilterChainProxy.doFilterInternal(FilterChainProxy.java:233)
	at org.springframework.security.web.FilterChainProxy.doFilter(FilterChainProxy.java:191)
	at org.springframework.web.filter.CompositeFilter$VirtualFilterChain.doFilter(CompositeFilter.java:113)
	at org.springframework.web.servlet.handler.HandlerMappingIntrospector.lambda$createCacheFilter$3(HandlerMappingIntrospector.java:195)
	at org.springframework.web.filter.CompositeFilter$VirtualFilterChain.doFilter(CompositeFilter.java:113)
	at org.springframework.web.filter.CompositeFilter.doFilter(CompositeFilter.java:74)
	at org.springframework.security.config.annotation.web.configuration.WebMvcSecurityConfiguration$CompositeFilterChainProxy.doFilter(WebMvcSecurityConfiguration.java:230)
	at org.springframework.web.filter.DelegatingFilterProxy.invokeDelegate(DelegatingFilterProxy.java:352)
	at org.springframework.web.filter.DelegatingFilterProxy.doFilter(DelegatingFilterProxy.java:268)
	at org.apache.catalina.core.ApplicationFilterChain.internalDoFilter(ApplicationFilterChain.java:164)
	at org.apache.catalina.core.ApplicationFilterChain.doFilter(ApplicationFilterChain.java:140)
	at org.springframework.web.filter.RequestContextFilter.doFilterInternal(RequestContextFilter.java:100)
	at org.springframework.web.filter.OncePerRequestFilter.doFilter(OncePerRequestFilter.java:116)
	at org.apache.catalina.core.ApplicationFilterChain.internalDoFilter(ApplicationFilterChain.java:164)
	at org.apache.catalina.core.ApplicationFilterChain.doFilter(ApplicationFilterChain.java:140)
	at org.springframework.web.filter.FormContentFilter.doFilterInternal(FormContentFilter.java:93)
	at org.springframework.web.filter.OncePerRequestFilter.doFilter(OncePerRequestFilter.java:116)
	at org.apache.catalina.core.ApplicationFilterChain.internalDoFilter(ApplicationFilterChain.java:164)
	at org.apache.catalina.core.ApplicationFilterChain.doFilter(ApplicationFilterChain.java:140)
	at org.springframework.web.filter.CharacterEncodingFilter.doFilterInternal(CharacterEncodingFilter.java:201)
	at org.springframework.web.filter.OncePerRequestFilter.doFilter(OncePerRequestFilter.java:116)
	at org.apache.catalina.core.ApplicationFilterChain.internalDoFilter(ApplicationFilterChain.java:164)
	at org.apache.catalina.core.ApplicationFilterChain.doFilter(ApplicationFilterChain.java:140)
	at org.apache.catalina.core.StandardWrapperValve.invoke(StandardWrapperValve.java:167)
	at org.apache.catalina.core.StandardContextValve.invoke(StandardContextValve.java:90)
	at org.apache.catalina.authenticator.AuthenticatorBase.invoke(AuthenticatorBase.java:483)
	at org.apache.catalina.core.StandardHostValve.invoke(StandardHostValve.java:115)
	at org.apache.catalina.valves.ErrorReportValve.invoke(ErrorReportValve.java:93)
	at org.apache.catalina.core.StandardEngineValve.invoke(StandardEngineValve.java:74)
	at org.apache.catalina.connector.CoyoteAdapter.service(CoyoteAdapter.java:344)
	at org.apache.coyote.http11.Http11Processor.service(Http11Processor.java:384)
	at org.apache.coyote.AbstractProcessorLight.process(AbstractProcessorLight.java:63)
	at org.apache.coyote.AbstractProtocol$ConnectionHandler.process(AbstractProtocol.java:905)
	at org.apache.tomcat.util.net.NioEndpoint$SocketProcessor.doRun(NioEndpoint.java:1741)
	at org.apache.tomcat.util.net.SocketProcessorBase.run(SocketProcessorBase.java:52)
	at org.apache.tomcat.util.threads.ThreadPoolExecutor.runWorker(ThreadPoolExecutor.java:1190)
	at org.apache.tomcat.util.threads.ThreadPoolExecutor$Worker.run(ThreadPoolExecutor.java:659)
	at org.apache.tomcat.util.threads.TaskThread$WrappingRunnable.run(TaskThread.java:63)
	at java.base/java.lang.Thread.run(Thread.java:840)
14:28:50.449 [main] INFO  n.e.journalApp.JournalApplication - Starting JournalApplication using Java 17.0.17 with PID 3808 (E:\flutter_windows_3.19.4-stable\journalApp\target\classes started by Yash in E:\flutter_windows_3.19.4-stable\journalApp)
14:28:50.456 [main] INFO  n.e.journalApp.JournalApplication - The following 1 profile is active: "dev"
14:28:53.249 [main] INFO  o.s.d.r.c.RepositoryConfigurationDelegate - Multiple Spring Data modules found, entering strict repository configuration mode
14:28:53.253 [main] INFO  o.s.d.r.c.RepositoryConfigurationDelegate - Bootstrapping Spring Data MongoDB repositories in DEFAULT mode.
14:28:53.680 [main] INFO  o.s.d.r.c.RepositoryConfigurationDelegate - Finished Spring Data repository scanning in 395 ms. Found 3 MongoDB repository interfaces.
14:28:53.728 [main] INFO  o.s.d.r.c.RepositoryConfigurationDelegate - Multiple Spring Data modules found, entering strict repository configuration mode
14:28:53.732 [main] INFO  o.s.d.r.c.RepositoryConfigurationDelegate - Bootstrapping Spring Data Redis repositories in DEFAULT mode.
14:28:53.772 [main] INFO  o.s.d.r.c.RepositoryConfigurationExtensionSupport - Spring Data Redis - Could not safely identify store assignment for repository candidate interface net.engineeringdigest.journalApp.repository.ConfigJournalAppRepository; If you want this repository to be a Redis repository, consider annotating your entities with one of these annotations: org.springframework.data.redis.core.RedisHash (preferred), or consider extending one of the following types with your repository: org.springframework.data.keyvalue.repository.KeyValueRepository
14:28:53.775 [main] INFO  o.s.d.r.c.RepositoryConfigurationExtensionSupport - Spring Data Redis - Could not safely identify store assignment for repository candidate interface net.engineeringdigest.journalApp.repository.JournalEntryRepository; If you want this repository to be a Redis repository, consider annotating your entities with one of these annotations: org.springframework.data.redis.core.RedisHash (preferred), or consider extending one of the following types with your repository: org.springframework.data.keyvalue.repository.KeyValueRepository
14:28:53.776 [main] INFO  o.s.d.r.c.RepositoryConfigurationExtensionSupport - Spring Data Redis - Could not safely identify store assignment for repository candidate interface net.engineeringdigest.journalApp.repository.UserRepository; If you want this repository to be a Redis repository, consider annotating your entities with one of these annotations: org.springframework.data.redis.core.RedisHash (preferred), or consider extending one of the following types with your repository: org.springframework.data.keyvalue.repository.KeyValueRepository
14:28:53.777 [main] INFO  o.s.d.r.c.RepositoryConfigurationDelegate - Finished Spring Data repository scanning in 23 ms. Found 0 Redis repository interfaces.
14:28:55.353 [main] INFO  o.s.b.w.e.tomcat.TomcatWebServer - Tomcat initialized with port 8080 (http)
14:28:55.377 [main] INFO  o.a.coyote.http11.Http11NioProtocol - Initializing ProtocolHandler ["http-nio-8080"]
14:28:55.387 [main] INFO  o.a.catalina.core.StandardService - Starting service [Tomcat]
14:28:55.389 [main] INFO  o.a.catalina.core.StandardEngine - Starting Servlet engine: [Apache Tomcat/10.1.30]
14:28:55.566 [main] INFO  o.a.c.c.C.[Tomcat].[localhost].[/] - Initializing Spring embedded WebApplicationContext
14:28:55.566 [main] INFO  o.s.b.w.s.c.ServletWebServerApplicationContext - Root WebApplicationContext: initialization completed in 4852 ms
14:28:55.997 [cluster-ClusterId{value='6975db4f30462b3c10d0333a', description='Cluster0'}-srv-cluster0.ofgdpxv.mongodb.net] INFO  org.mongodb.driver.cluster - Adding discovered server ac-l6uagqo-shard-00-02.ofgdpxv.mongodb.net:27017 to client view of cluster
14:28:56.068 [main] INFO  org.mongodb.driver.client - MongoClient with metadata {"application": {"name": "Cluster0"}, "driver": {"name": "mongo-java-driver|sync|spring-boot", "version": "5.0.1"}, "os": {"type": "Windows", "name": "Windows 10", "architecture": "amd64", "version": "10.0"}, "platform": "Java/Microsoft/17.0.17+10-LTS"} created with settings MongoClientSettings{readPreference=primary, writeConcern=WriteConcern{w=null, wTimeout=null ms, journal=null}, retryWrites=true, retryReads=true, readConcern=ReadConcern{level=null}, credential=MongoCredential{mechanism=null, userName='yashu17052000', source='admin', password=<hidden>, mechanismProperties=<hidden>}, transportSettings=null, commandListeners=[], codecRegistry=ProvidersCodecRegistry{codecProviders=[ValueCodecProvider{}, BsonValueCodecProvider{}, DBRefCodecProvider{}, DBObjectCodecProvider{}, DocumentCodecProvider{}, CollectionCodecProvider{}, IterableCodecProvider{}, MapCodecProvider{}, GeoJsonCodecProvider{}, GridFSFileCodecProvider{}, Jsr310CodecProvider{}, JsonObjectCodecProvider{}, BsonCodecProvider{}, EnumCodecProvider{}, com.mongodb.client.model.mql.ExpressionCodecProvider@17ec335a, com.mongodb.Jep395RecordCodecProvider@284990de, com.mongodb.KotlinCodecProvider@565d7d2f]}, loggerSettings=LoggerSettings{maxDocumentLength=1000}, clusterSettings={hosts=[127.0.0.1:27017], srvHost=cluster0.ofgdpxv.mongodb.net, srvServiceName=mongodb, mode=MULTIPLE, requiredClusterType=REPLICA_SET, requiredReplicaSetName='atlas-nbt1cq-shard-0', serverSelector='null', clusterListeners='[]', serverSelectionTimeout='30000 ms', localThreshold='15 ms'}, socketSettings=SocketSettings{connectTimeoutMS=10000, readTimeoutMS=0, receiveBufferSize=0, proxySettings=ProxySettings{host=null, port=null, username=null, password=null}}, heartbeatSocketSettings=SocketSettings{connectTimeoutMS=10000, readTimeoutMS=10000, receiveBufferSize=0, proxySettings=ProxySettings{host=null, port=null, username=null, password=null}}, connectionPoolSettings=ConnectionPoolSettings{maxSize=100, minSize=0, maxWaitTimeMS=120000, maxConnectionLifeTimeMS=0, maxConnectionIdleTimeMS=0, maintenanceInitialDelayMS=0, maintenanceFrequencyMS=60000, connectionPoolListeners=[], maxConnecting=2}, serverSettings=ServerSettings{heartbeatFrequencyMS=10000, minHeartbeatFrequencyMS=500, serverListeners='[]', serverMonitorListeners='[]'}, sslSettings=SslSettings{enabled=true, invalidHostNameAllowed=false, context=null}, applicationName='Cluster0', compressorList=[], uuidRepresentation=JAVA_LEGACY, serverApi=null, autoEncryptionSettings=null, dnsClient=null, inetAddressResolver=null, contextProvider=null}
14:28:56.084 [cluster-ClusterId{value='6975db4f30462b3c10d0333a', description='Cluster0'}-srv-cluster0.ofgdpxv.mongodb.net] INFO  org.mongodb.driver.cluster - Adding discovered server ac-l6uagqo-shard-00-00.ofgdpxv.mongodb.net:27017 to client view of cluster
14:28:56.095 [cluster-ClusterId{value='6975db4f30462b3c10d0333a', description='Cluster0'}-srv-cluster0.ofgdpxv.mongodb.net] INFO  org.mongodb.driver.cluster - Adding discovered server ac-l6uagqo-shard-00-01.ofgdpxv.mongodb.net:27017 to client view of cluster
14:28:57.157 [cluster-ClusterId{value='6975db4f30462b3c10d0333a', description='Cluster0'}-ac-l6uagqo-shard-00-01.ofgdpxv.mongodb.net:27017] INFO  org.mongodb.driver.cluster - Monitor thread successfully connected to server with description ServerDescription{address=ac-l6uagqo-shard-00-01.ofgdpxv.mongodb.net:27017, type=REPLICA_SET_PRIMARY, state=CONNECTED, ok=true, minWireVersion=0, maxWireVersion=25, maxDocumentSize=16777216, logicalSessionTimeoutMinutes=30, roundTripTimeNanos=526337300, setName='atlas-nbt1cq-shard-0', canonicalAddress=ac-l6uagqo-shard-00-01.ofgdpxv.mongodb.net:27017, hosts=[ac-l6uagqo-shard-00-02.ofgdpxv.mongodb.net:27017, ac-l6uagqo-shard-00-01.ofgdpxv.mongodb.net:27017, ac-l6uagqo-shard-00-00.ofgdpxv.mongodb.net:27017], passives=[], arbiters=[], primary='ac-l6uagqo-shard-00-01.ofgdpxv.mongodb.net:27017', tagSet=TagSet{[Tag{name='availabilityZone', value='aps1-az3'}, Tag{name='diskState', value='READY'}, Tag{name='nodeType', value='ELECTABLE'}, Tag{name='provider', value='AWS'}, Tag{name='region', value='AP_SOUTH_1'}, Tag{name='workloadType', value='OPERATIONAL'}]}, electionId=7fffffff0000000000000044, setVersion=25, topologyVersion=TopologyVersion{processId=697249b6ae5dd124968fcbef, counter=6}, lastWriteDate=Sun Jan 25 14:28:56 IST 2026, lastUpdateTimeNanos=930127740462100}
14:28:57.160 [cluster-ClusterId{value='6975db4f30462b3c10d0333a', description='Cluster0'}-ac-l6uagqo-shard-00-02.ofgdpxv.mongodb.net:27017] INFO  org.mongodb.driver.cluster - Monitor thread successfully connected to server with description ServerDescription{address=ac-l6uagqo-shard-00-02.ofgdpxv.mongodb.net:27017, type=REPLICA_SET_SECONDARY, state=CONNECTED, ok=true, minWireVersion=0, maxWireVersion=25, maxDocumentSize=16777216, logicalSessionTimeoutMinutes=30, roundTripTimeNanos=526365800, setName='atlas-nbt1cq-shard-0', canonicalAddress=ac-l6uagqo-shard-00-02.ofgdpxv.mongodb.net:27017, hosts=[ac-l6uagqo-shard-00-02.ofgdpxv.mongodb.net:27017, ac-l6uagqo-shard-00-01.ofgdpxv.mongodb.net:27017, ac-l6uagqo-shard-00-00.ofgdpxv.mongodb.net:27017], passives=[], arbiters=[], primary='ac-l6uagqo-shard-00-01.ofgdpxv.mongodb.net:27017', tagSet=TagSet{[Tag{name='availabilityZone', value='aps1-az2'}, Tag{name='diskState', value='READY'}, Tag{name='nodeType', value='ELECTABLE'}, Tag{name='provider', value='AWS'}, Tag{name='region', value='AP_SOUTH_1'}, Tag{name='workloadType', value='OPERATIONAL'}]}, electionId=null, setVersion=25, topologyVersion=TopologyVersion{processId=697249fc870135aae8859e2b, counter=3}, lastWriteDate=Sun Jan 25 14:28:56 GMT+05:30 2026, lastUpdateTimeNanos=930127740391400}
14:28:57.162 [cluster-ClusterId{value='6975db4f30462b3c10d0333a', description='Cluster0'}-ac-l6uagqo-shard-00-00.ofgdpxv.mongodb.net:27017] INFO  org.mongodb.driver.cluster - Monitor thread successfully connected to server with description ServerDescription{address=ac-l6uagqo-shard-00-00.ofgdpxv.mongodb.net:27017, type=REPLICA_SET_SECONDARY, state=CONNECTED, ok=true, minWireVersion=0, maxWireVersion=25, maxDocumentSize=16777216, logicalSessionTimeoutMinutes=30, roundTripTimeNanos=526144700, setName='atlas-nbt1cq-shard-0', canonicalAddress=ac-l6uagqo-shard-00-00.ofgdpxv.mongodb.net:27017, hosts=[ac-l6uagqo-shard-00-02.ofgdpxv.mongodb.net:27017, ac-l6uagqo-shard-00-01.ofgdpxv.mongodb.net:27017, ac-l6uagqo-shard-00-00.ofgdpxv.mongodb.net:27017], passives=[], arbiters=[], primary='ac-l6uagqo-shard-00-01.ofgdpxv.mongodb.net:27017', tagSet=TagSet{[Tag{name='availabilityZone', value='aps1-az1'}, Tag{name='diskState', value='READY'}, Tag{name='nodeType', value='ELECTABLE'}, Tag{name='provider', value='AWS'}, Tag{name='region', value='AP_SOUTH_1'}, Tag{name='workloadType', value='OPERATIONAL'}]}, electionId=null, setVersion=25, topologyVersion=TopologyVersion{processId=69724970171d573d39dfaf2c, counter=4}, lastWriteDate=Sun Jan 25 14:28:56 GMT+05:30 2026, lastUpdateTimeNanos=930127740241100}
14:28:57.166 [cluster-ClusterId{value='6975db4f30462b3c10d0333a', description='Cluster0'}-ac-l6uagqo-shard-00-01.ofgdpxv.mongodb.net:27017] INFO  org.mongodb.driver.cluster - Discovered replica set primary ac-l6uagqo-shard-00-01.ofgdpxv.mongodb.net:27017 with max election id 7fffffff0000000000000044 and max set version 25
14:28:58.639 [main] WARN  o.s.s.c.a.a.c.InitializeUserDetailsBeanManagerConfigurer$InitializeUserDetailsManagerConfigurer - Global AuthenticationManager configured with an AuthenticationProvider bean. UserDetailsService beans will not be used for username/password login. Consider removing the AuthenticationProvider bean. Alternatively, consider using the UserDetailsService in a manually instantiated DaoAuthenticationProvider.
14:29:03.628 [main] INFO  o.a.coyote.http11.Http11NioProtocol - Starting ProtocolHandler ["http-nio-8080"]
14:29:03.669 [main] INFO  o.s.b.w.e.tomcat.TomcatWebServer - Tomcat started on port 8080 (http) with context path '/'
14:29:03.715 [main] INFO  n.e.journalApp.JournalApplication - Started JournalApplication in 14.337 seconds (process running for 15.967)
14:29:08.508 [http-nio-8080-exec-2] INFO  o.a.c.c.C.[Tomcat].[localhost].[/] - Initializing Spring DispatcherServlet 'dispatcherServlet'
14:29:08.520 [http-nio-8080-exec-2] INFO  o.s.web.servlet.DispatcherServlet - Initializing Servlet 'dispatcherServlet'
14:29:08.525 [http-nio-8080-exec-2] INFO  o.s.web.servlet.DispatcherServlet - Completed initialization in 3 ms
14:29:08.971 [http-nio-8080-exec-2] WARN  o.a.c.util.SessionIdGeneratorBase - Creation of SecureRandom instance for session ID generation using [SHA1PRNG] took [101] milliseconds.
14:29:09.000 [http-nio-8080-exec-1] WARN  o.a.c.util.SessionIdGeneratorBase - Creation of SecureRandom instance for session ID generation using [SHA1PRNG] took [132] milliseconds.
14:29:44.017 [main] INFO  n.e.journalApp.JournalApplication - Starting JournalApplication using Java 17.0.17 with PID 2592 (E:\flutter_windows_3.19.4-stable\journalApp\target\classes started by Yash in E:\flutter_windows_3.19.4-stable\journalApp)
14:29:44.024 [main] INFO  n.e.journalApp.JournalApplication - The following 1 profile is active: "dev"
14:29:46.434 [main] INFO  o.s.d.r.c.RepositoryConfigurationDelegate - Multiple Spring Data modules found, entering strict repository configuration mode
14:29:46.438 [main] INFO  o.s.d.r.c.RepositoryConfigurationDelegate - Bootstrapping Spring Data MongoDB repositories in DEFAULT mode.
14:29:46.839 [main] INFO  o.s.d.r.c.RepositoryConfigurationDelegate - Finished Spring Data repository scanning in 390 ms. Found 3 MongoDB repository interfaces.
14:29:46.903 [main] INFO  o.s.d.r.c.RepositoryConfigurationDelegate - Multiple Spring Data modules found, entering strict repository configuration mode
14:29:46.905 [main] INFO  o.s.d.r.c.RepositoryConfigurationDelegate - Bootstrapping Spring Data Redis repositories in DEFAULT mode.
14:29:46.953 [main] INFO  o.s.d.r.c.RepositoryConfigurationExtensionSupport - Spring Data Redis - Could not safely identify store assignment for repository candidate interface net.engineeringdigest.journalApp.repository.ConfigJournalAppRepository; If you want this repository to be a Redis repository, consider annotating your entities with one of these annotations: org.springframework.data.redis.core.RedisHash (preferred), or consider extending one of the following types with your repository: org.springframework.data.keyvalue.repository.KeyValueRepository
14:29:46.953 [main] INFO  o.s.d.r.c.RepositoryConfigurationExtensionSupport - Spring Data Redis - Could not safely identify store assignment for repository candidate interface net.engineeringdigest.journalApp.repository.JournalEntryRepository; If you want this repository to be a Redis repository, consider annotating your entities with one of these annotations: org.springframework.data.redis.core.RedisHash (preferred), or consider extending one of the following types with your repository: org.springframework.data.keyvalue.repository.KeyValueRepository
14:29:46.954 [main] INFO  o.s.d.r.c.RepositoryConfigurationExtensionSupport - Spring Data Redis - Could not safely identify store assignment for repository candidate interface net.engineeringdigest.journalApp.repository.UserRepository; If you want this repository to be a Redis repository, consider annotating your entities with one of these annotations: org.springframework.data.redis.core.RedisHash (preferred), or consider extending one of the following types with your repository: org.springframework.data.keyvalue.repository.KeyValueRepository
14:29:46.954 [main] INFO  o.s.d.r.c.RepositoryConfigurationDelegate - Finished Spring Data repository scanning in 21 ms. Found 0 Redis repository interfaces.
14:29:48.625 [main] INFO  o.s.b.w.e.tomcat.TomcatWebServer - Tomcat initialized with port 8080 (http)
14:29:48.648 [main] INFO  o.a.coyote.http11.Http11NioProtocol - Initializing ProtocolHandler ["http-nio-8080"]
14:29:48.658 [main] INFO  o.a.catalina.core.StandardService - Starting service [Tomcat]
14:29:48.659 [main] INFO  o.a.catalina.core.StandardEngine - Starting Servlet engine: [Apache Tomcat/10.1.30]
14:29:48.865 [main] INFO  o.a.c.c.C.[Tomcat].[localhost].[/] - Initializing Spring embedded WebApplicationContext
14:29:48.867 [main] INFO  o.s.b.w.s.c.ServletWebServerApplicationContext - Root WebApplicationContext: initialization completed in 4681 ms
14:29:49.306 [cluster-ClusterId{value='6975db8535e58f5567a539eb', description='Cluster0'}-srv-cluster0.ofgdpxv.mongodb.net] INFO  org.mongodb.driver.cluster - Adding discovered server ac-l6uagqo-shard-00-02.ofgdpxv.mongodb.net:27017 to client view of cluster
14:29:49.379 [main] INFO  org.mongodb.driver.client - MongoClient with metadata {"application": {"name": "Cluster0"}, "driver": {"name": "mongo-java-driver|sync|spring-boot", "version": "5.0.1"}, "os": {"type": "Windows", "name": "Windows 10", "architecture": "amd64", "version": "10.0"}, "platform": "Java/Microsoft/17.0.17+10-LTS"} created with settings MongoClientSettings{readPreference=primary, writeConcern=WriteConcern{w=null, wTimeout=null ms, journal=null}, retryWrites=true, retryReads=true, readConcern=ReadConcern{level=null}, credential=MongoCredential{mechanism=null, userName='yashu17052000', source='admin', password=<hidden>, mechanismProperties=<hidden>}, transportSettings=null, commandListeners=[], codecRegistry=ProvidersCodecRegistry{codecProviders=[ValueCodecProvider{}, BsonValueCodecProvider{}, DBRefCodecProvider{}, DBObjectCodecProvider{}, DocumentCodecProvider{}, CollectionCodecProvider{}, IterableCodecProvider{}, MapCodecProvider{}, GeoJsonCodecProvider{}, GridFSFileCodecProvider{}, Jsr310CodecProvider{}, JsonObjectCodecProvider{}, BsonCodecProvider{}, EnumCodecProvider{}, com.mongodb.client.model.mql.ExpressionCodecProvider@7b9e25bd, com.mongodb.Jep395RecordCodecProvider@2d206a71, com.mongodb.KotlinCodecProvider@37e7c4cc]}, loggerSettings=LoggerSettings{maxDocumentLength=1000}, clusterSettings={hosts=[127.0.0.1:27017], srvHost=cluster0.ofgdpxv.mongodb.net, srvServiceName=mongodb, mode=MULTIPLE, requiredClusterType=REPLICA_SET, requiredReplicaSetName='atlas-nbt1cq-shard-0', serverSelector='null', clusterListeners='[]', serverSelectionTimeout='30000 ms', localThreshold='15 ms'}, socketSettings=SocketSettings{connectTimeoutMS=10000, readTimeoutMS=0, receiveBufferSize=0, proxySettings=ProxySettings{host=null, port=null, username=null, password=null}}, heartbeatSocketSettings=SocketSettings{connectTimeoutMS=10000, readTimeoutMS=10000, receiveBufferSize=0, proxySettings=ProxySettings{host=null, port=null, username=null, password=null}}, connectionPoolSettings=ConnectionPoolSettings{maxSize=100, minSize=0, maxWaitTimeMS=120000, maxConnectionLifeTimeMS=0, maxConnectionIdleTimeMS=0, maintenanceInitialDelayMS=0, maintenanceFrequencyMS=60000, connectionPoolListeners=[], maxConnecting=2}, serverSettings=ServerSettings{heartbeatFrequencyMS=10000, minHeartbeatFrequencyMS=500, serverListeners='[]', serverMonitorListeners='[]'}, sslSettings=SslSettings{enabled=true, invalidHostNameAllowed=false, context=null}, applicationName='Cluster0', compressorList=[], uuidRepresentation=JAVA_LEGACY, serverApi=null, autoEncryptionSettings=null, dnsClient=null, inetAddressResolver=null, contextProvider=null}
14:29:49.389 [cluster-ClusterId{value='6975db8535e58f5567a539eb', description='Cluster0'}-srv-cluster0.ofgdpxv.mongodb.net] INFO  org.mongodb.driver.cluster - Adding discovered server ac-l6uagqo-shard-00-00.ofgdpxv.mongodb.net:27017 to client view of cluster
14:29:49.395 [cluster-ClusterId{value='6975db8535e58f5567a539eb', description='Cluster0'}-srv-cluster0.ofgdpxv.mongodb.net] INFO  org.mongodb.driver.cluster - Adding discovered server ac-l6uagqo-shard-00-01.ofgdpxv.mongodb.net:27017 to client view of cluster
14:29:50.426 [cluster-ClusterId{value='6975db8535e58f5567a539eb', description='Cluster0'}-ac-l6uagqo-shard-00-00.ofgdpxv.mongodb.net:27017] INFO  org.mongodb.driver.cluster - Monitor thread successfully connected to server with description ServerDescription{address=ac-l6uagqo-shard-00-00.ofgdpxv.mongodb.net:27017, type=REPLICA_SET_SECONDARY, state=CONNECTED, ok=true, minWireVersion=0, maxWireVersion=25, maxDocumentSize=16777216, logicalSessionTimeoutMinutes=30, roundTripTimeNanos=503785700, setName='atlas-nbt1cq-shard-0', canonicalAddress=ac-l6uagqo-shard-00-00.ofgdpxv.mongodb.net:27017, hosts=[ac-l6uagqo-shard-00-02.ofgdpxv.mongodb.net:27017, ac-l6uagqo-shard-00-01.ofgdpxv.mongodb.net:27017, ac-l6uagqo-shard-00-00.ofgdpxv.mongodb.net:27017], passives=[], arbiters=[], primary='ac-l6uagqo-shard-00-01.ofgdpxv.mongodb.net:27017', tagSet=TagSet{[Tag{name='availabilityZone', value='aps1-az1'}, Tag{name='diskState', value='READY'}, Tag{name='nodeType', value='ELECTABLE'}, Tag{name='provider', value='AWS'}, Tag{name='region', value='AP_SOUTH_1'}, Tag{name='workloadType', value='OPERATIONAL'}]}, electionId=null, setVersion=25, topologyVersion=TopologyVersion{processId=69724970171d573d39dfaf2c, counter=4}, lastWriteDate=Sun Jan 25 14:29:49 IST 2026, lastUpdateTimeNanos=930181000322100}
14:29:50.428 [cluster-ClusterId{value='6975db8535e58f5567a539eb', description='Cluster0'}-ac-l6uagqo-shard-00-02.ofgdpxv.mongodb.net:27017] INFO  org.mongodb.driver.cluster - Monitor thread successfully connected to server with description ServerDescription{address=ac-l6uagqo-shard-00-02.ofgdpxv.mongodb.net:27017, type=REPLICA_SET_SECONDARY, state=CONNECTED, ok=true, minWireVersion=0, maxWireVersion=25, maxDocumentSize=16777216, logicalSessionTimeoutMinutes=30, roundTripTimeNanos=513140900, setName='atlas-nbt1cq-shard-0', canonicalAddress=ac-l6uagqo-shard-00-02.ofgdpxv.mongodb.net:27017, hosts=[ac-l6uagqo-shard-00-02.ofgdpxv.mongodb.net:27017, ac-l6uagqo-shard-00-01.ofgdpxv.mongodb.net:27017, ac-l6uagqo-shard-00-00.ofgdpxv.mongodb.net:27017], passives=[], arbiters=[], primary='ac-l6uagqo-shard-00-01.ofgdpxv.mongodb.net:27017', tagSet=TagSet{[Tag{name='availabilityZone', value='aps1-az2'}, Tag{name='diskState', value='READY'}, Tag{name='nodeType', value='ELECTABLE'}, Tag{name='provider', value='AWS'}, Tag{name='region', value='AP_SOUTH_1'}, Tag{name='workloadType', value='OPERATIONAL'}]}, electionId=null, setVersion=25, topologyVersion=TopologyVersion{processId=697249fc870135aae8859e2b, counter=3}, lastWriteDate=Sun Jan 25 14:29:49 IST 2026, lastUpdateTimeNanos=930181009574500}
14:29:50.475 [cluster-ClusterId{value='6975db8535e58f5567a539eb', description='Cluster0'}-ac-l6uagqo-shard-00-01.ofgdpxv.mongodb.net:27017] INFO  org.mongodb.driver.cluster - Monitor thread successfully connected to server with description ServerDescription{address=ac-l6uagqo-shard-00-01.ofgdpxv.mongodb.net:27017, type=REPLICA_SET_PRIMARY, state=CONNECTED, ok=true, minWireVersion=0, maxWireVersion=25, maxDocumentSize=16777216, logicalSessionTimeoutMinutes=30, roundTripTimeNanos=564657100, setName='atlas-nbt1cq-shard-0', canonicalAddress=ac-l6uagqo-shard-00-01.ofgdpxv.mongodb.net:27017, hosts=[ac-l6uagqo-shard-00-02.ofgdpxv.mongodb.net:27017, ac-l6uagqo-shard-00-01.ofgdpxv.mongodb.net:27017, ac-l6uagqo-shard-00-00.ofgdpxv.mongodb.net:27017], passives=[], arbiters=[], primary='ac-l6uagqo-shard-00-01.ofgdpxv.mongodb.net:27017', tagSet=TagSet{[Tag{name='availabilityZone', value='aps1-az3'}, Tag{name='diskState', value='READY'}, Tag{name='nodeType', value='ELECTABLE'}, Tag{name='provider', value='AWS'}, Tag{name='region', value='AP_SOUTH_1'}, Tag{name='workloadType', value='OPERATIONAL'}]}, electionId=7fffffff0000000000000044, setVersion=25, topologyVersion=TopologyVersion{processId=697249b6ae5dd124968fcbef, counter=6}, lastWriteDate=Sun Jan 25 14:29:49 IST 2026, lastUpdateTimeNanos=930181059335500}
14:29:50.476 [cluster-ClusterId{value='6975db8535e58f5567a539eb', description='Cluster0'}-ac-l6uagqo-shard-00-01.ofgdpxv.mongodb.net:27017] INFO  org.mongodb.driver.cluster - Discovered replica set primary ac-l6uagqo-shard-00-01.ofgdpxv.mongodb.net:27017 with max election id 7fffffff0000000000000044 and max set version 25
14:29:51.836 [main] WARN  o.s.s.c.a.a.c.InitializeUserDetailsBeanManagerConfigurer$InitializeUserDetailsManagerConfigurer - Global AuthenticationManager configured with an AuthenticationProvider bean. UserDetailsService beans will not be used for username/password login. Consider removing the AuthenticationProvider bean. Alternatively, consider using the UserDetailsService in a manually instantiated DaoAuthenticationProvider.
14:29:56.912 [main] INFO  o.a.coyote.http11.Http11NioProtocol - Starting ProtocolHandler ["http-nio-8080"]
14:29:56.986 [main] INFO  o.s.b.w.e.tomcat.TomcatWebServer - Tomcat started on port 8080 (http) with context path '/'
14:29:57.064 [main] INFO  n.e.journalApp.JournalApplication - Started JournalApplication in 14.008 seconds (process running for 15.52)
14:30:03.327 [http-nio-8080-exec-2] INFO  o.a.c.c.C.[Tomcat].[localhost].[/] - Initializing Spring DispatcherServlet 'dispatcherServlet'
14:30:03.329 [http-nio-8080-exec-2] INFO  o.s.web.servlet.DispatcherServlet - Initializing Servlet 'dispatcherServlet'
14:30:03.333 [http-nio-8080-exec-2] INFO  o.s.web.servlet.DispatcherServlet - Completed initialization in 4 ms
14:30:03.879 [http-nio-8080-exec-1] WARN  o.a.c.util.SessionIdGeneratorBase - Creation of SecureRandom instance for session ID generation using [SHA1PRNG] took [275] milliseconds.
14:30:03.881 [http-nio-8080-exec-2] WARN  o.a.c.util.SessionIdGeneratorBase - Creation of SecureRandom instance for session ID generation using [SHA1PRNG] took [290] milliseconds.
14:30:45.676 [main] INFO  n.e.journalApp.JournalApplication - Starting JournalApplication using Java 17.0.17 with PID 5748 (E:\flutter_windows_3.19.4-stable\journalApp\target\classes started by Yash in E:\flutter_windows_3.19.4-stable\journalApp)
14:30:45.681 [main] INFO  n.e.journalApp.JournalApplication - The following 1 profile is active: "dev"
14:30:48.182 [main] INFO  o.s.d.r.c.RepositoryConfigurationDelegate - Multiple Spring Data modules found, entering strict repository configuration mode
14:30:48.185 [main] INFO  o.s.d.r.c.RepositoryConfigurationDelegate - Bootstrapping Spring Data MongoDB repositories in DEFAULT mode.
14:30:48.716 [main] INFO  o.s.d.r.c.RepositoryConfigurationDelegate - Finished Spring Data repository scanning in 518 ms. Found 3 MongoDB repository interfaces.
14:30:48.770 [main] INFO  o.s.d.r.c.RepositoryConfigurationDelegate - Multiple Spring Data modules found, entering strict repository configuration mode
14:30:48.773 [main] INFO  o.s.d.r.c.RepositoryConfigurationDelegate - Bootstrapping Spring Data Redis repositories in DEFAULT mode.
14:30:48.816 [main] INFO  o.s.d.r.c.RepositoryConfigurationExtensionSupport - Spring Data Redis - Could not safely identify store assignment for repository candidate interface net.engineeringdigest.journalApp.repository.ConfigJournalAppRepository; If you want this repository to be a Redis repository, consider annotating your entities with one of these annotations: org.springframework.data.redis.core.RedisHash (preferred), or consider extending one of the following types with your repository: org.springframework.data.keyvalue.repository.KeyValueRepository
14:30:48.817 [main] INFO  o.s.d.r.c.RepositoryConfigurationExtensionSupport - Spring Data Redis - Could not safely identify store assignment for repository candidate interface net.engineeringdigest.journalApp.repository.JournalEntryRepository; If you want this repository to be a Redis repository, consider annotating your entities with one of these annotations: org.springframework.data.redis.core.RedisHash (preferred), or consider extending one of the following types with your repository: org.springframework.data.keyvalue.repository.KeyValueRepository
14:30:48.817 [main] INFO  o.s.d.r.c.RepositoryConfigurationExtensionSupport - Spring Data Redis - Could not safely identify store assignment for repository candidate interface net.engineeringdigest.journalApp.repository.UserRepository; If you want this repository to be a Redis repository, consider annotating your entities with one of these annotations: org.springframework.data.redis.core.RedisHash (preferred), or consider extending one of the following types with your repository: org.springframework.data.keyvalue.repository.KeyValueRepository
14:30:48.817 [main] INFO  o.s.d.r.c.RepositoryConfigurationDelegate - Finished Spring Data repository scanning in 22 ms. Found 0 Redis repository interfaces.
14:30:50.627 [main] INFO  o.s.b.w.e.tomcat.TomcatWebServer - Tomcat initialized with port 8080 (http)
14:30:50.659 [main] INFO  o.a.coyote.http11.Http11NioProtocol - Initializing ProtocolHandler ["http-nio-8080"]
14:30:50.675 [main] INFO  o.a.catalina.core.StandardService - Starting service [Tomcat]
14:30:50.693 [main] INFO  o.a.catalina.core.StandardEngine - Starting Servlet engine: [Apache Tomcat/10.1.30]
14:30:50.978 [main] INFO  o.a.c.c.C.[Tomcat].[localhost].[/] - Initializing Spring embedded WebApplicationContext
14:30:50.979 [main] INFO  o.s.b.w.s.c.ServletWebServerApplicationContext - Root WebApplicationContext: initialization completed in 5128 ms
14:30:51.625 [cluster-ClusterId{value='6975dbc393815258ee4153e7', description='Cluster0'}-srv-cluster0.ofgdpxv.mongodb.net] INFO  org.mongodb.driver.cluster - Adding discovered server ac-l6uagqo-shard-00-02.ofgdpxv.mongodb.net:27017 to client view of cluster
14:30:51.661 [main] INFO  org.mongodb.driver.client - MongoClient with metadata {"application": {"name": "Cluster0"}, "driver": {"name": "mongo-java-driver|sync|spring-boot", "version": "5.0.1"}, "os": {"type": "Windows", "name": "Windows 10", "architecture": "amd64", "version": "10.0"}, "platform": "Java/Microsoft/17.0.17+10-LTS"} created with settings MongoClientSettings{readPreference=primary, writeConcern=WriteConcern{w=null, wTimeout=null ms, journal=null}, retryWrites=true, retryReads=true, readConcern=ReadConcern{level=null}, credential=MongoCredential{mechanism=null, userName='yashu17052000', source='admin', password=<hidden>, mechanismProperties=<hidden>}, transportSettings=null, commandListeners=[], codecRegistry=ProvidersCodecRegistry{codecProviders=[ValueCodecProvider{}, BsonValueCodecProvider{}, DBRefCodecProvider{}, DBObjectCodecProvider{}, DocumentCodecProvider{}, CollectionCodecProvider{}, IterableCodecProvider{}, MapCodecProvider{}, GeoJsonCodecProvider{}, GridFSFileCodecProvider{}, Jsr310CodecProvider{}, JsonObjectCodecProvider{}, BsonCodecProvider{}, EnumCodecProvider{}, com.mongodb.client.model.mql.ExpressionCodecProvider@124eb83d, com.mongodb.Jep395RecordCodecProvider@6885ed19, com.mongodb.KotlinCodecProvider@10817f46]}, loggerSettings=LoggerSettings{maxDocumentLength=1000}, clusterSettings={hosts=[127.0.0.1:27017], srvHost=cluster0.ofgdpxv.mongodb.net, srvServiceName=mongodb, mode=MULTIPLE, requiredClusterType=REPLICA_SET, requiredReplicaSetName='atlas-nbt1cq-shard-0', serverSelector='null', clusterListeners='[]', serverSelectionTimeout='30000 ms', localThreshold='15 ms'}, socketSettings=SocketSettings{connectTimeoutMS=10000, readTimeoutMS=0, receiveBufferSize=0, proxySettings=ProxySettings{host=null, port=null, username=null, password=null}}, heartbeatSocketSettings=SocketSettings{connectTimeoutMS=10000, readTimeoutMS=10000, receiveBufferSize=0, proxySettings=ProxySettings{host=null, port=null, username=null, password=null}}, connectionPoolSettings=ConnectionPoolSettings{maxSize=100, minSize=0, maxWaitTimeMS=120000, maxConnectionLifeTimeMS=0, maxConnectionIdleTimeMS=0, maintenanceInitialDelayMS=0, maintenanceFrequencyMS=60000, connectionPoolListeners=[], maxConnecting=2}, serverSettings=ServerSettings{heartbeatFrequencyMS=10000, minHeartbeatFrequencyMS=500, serverListeners='[]', serverMonitorListeners='[]'}, sslSettings=SslSettings{enabled=true, invalidHostNameAllowed=false, context=null}, applicationName='Cluster0', compressorList=[], uuidRepresentation=JAVA_LEGACY, serverApi=null, autoEncryptionSettings=null, dnsClient=null, inetAddressResolver=null, contextProvider=null}
14:30:51.721 [cluster-ClusterId{value='6975dbc393815258ee4153e7', description='Cluster0'}-srv-cluster0.ofgdpxv.mongodb.net] INFO  org.mongodb.driver.cluster - Adding discovered server ac-l6uagqo-shard-00-00.ofgdpxv.mongodb.net:27017 to client view of cluster
14:30:51.730 [cluster-ClusterId{value='6975dbc393815258ee4153e7', description='Cluster0'}-srv-cluster0.ofgdpxv.mongodb.net] INFO  org.mongodb.driver.cluster - Adding discovered server ac-l6uagqo-shard-00-01.ofgdpxv.mongodb.net:27017 to client view of cluster
14:30:53.636 [cluster-ClusterId{value='6975dbc393815258ee4153e7', description='Cluster0'}-ac-l6uagqo-shard-00-02.ofgdpxv.mongodb.net:27017] INFO  org.mongodb.driver.cluster - Monitor thread successfully connected to server with description ServerDescription{address=ac-l6uagqo-shard-00-02.ofgdpxv.mongodb.net:27017, type=REPLICA_SET_SECONDARY, state=CONNECTED, ok=true, minWireVersion=0, maxWireVersion=25, maxDocumentSize=16777216, logicalSessionTimeoutMinutes=30, roundTripTimeNanos=1113656100, setName='atlas-nbt1cq-shard-0', canonicalAddress=ac-l6uagqo-shard-00-02.ofgdpxv.mongodb.net:27017, hosts=[ac-l6uagqo-shard-00-02.ofgdpxv.mongodb.net:27017, ac-l6uagqo-shard-00-01.ofgdpxv.mongodb.net:27017, ac-l6uagqo-shard-00-00.ofgdpxv.mongodb.net:27017], passives=[], arbiters=[], primary='ac-l6uagqo-shard-00-01.ofgdpxv.mongodb.net:27017', tagSet=TagSet{[Tag{name='availabilityZone', value='aps1-az2'}, Tag{name='diskState', value='READY'}, Tag{name='nodeType', value='ELECTABLE'}, Tag{name='provider', value='AWS'}, Tag{name='region', value='AP_SOUTH_1'}, Tag{name='workloadType', value='OPERATIONAL'}]}, electionId=null, setVersion=25, topologyVersion=TopologyVersion{processId=697249fc870135aae8859e2b, counter=3}, lastWriteDate=Sun Jan 25 14:30:52 IST 2026, lastUpdateTimeNanos=930244207178200}
14:30:53.639 [cluster-ClusterId{value='6975dbc393815258ee4153e7', description='Cluster0'}-ac-l6uagqo-shard-00-00.ofgdpxv.mongodb.net:27017] INFO  org.mongodb.driver.cluster - Monitor thread successfully connected to server with description ServerDescription{address=ac-l6uagqo-shard-00-00.ofgdpxv.mongodb.net:27017, type=REPLICA_SET_SECONDARY, state=CONNECTED, ok=true, minWireVersion=0, maxWireVersion=25, maxDocumentSize=16777216, logicalSessionTimeoutMinutes=30, roundTripTimeNanos=1113139400, setName='atlas-nbt1cq-shard-0', canonicalAddress=ac-l6uagqo-shard-00-00.ofgdpxv.mongodb.net:27017, hosts=[ac-l6uagqo-shard-00-02.ofgdpxv.mongodb.net:27017, ac-l6uagqo-shard-00-01.ofgdpxv.mongodb.net:27017, ac-l6uagqo-shard-00-00.ofgdpxv.mongodb.net:27017], passives=[], arbiters=[], primary='ac-l6uagqo-shard-00-01.ofgdpxv.mongodb.net:27017', tagSet=TagSet{[Tag{name='availabilityZone', value='aps1-az1'}, Tag{name='diskState', value='READY'}, Tag{name='nodeType', value='ELECTABLE'}, Tag{name='provider', value='AWS'}, Tag{name='region', value='AP_SOUTH_1'}, Tag{name='workloadType', value='OPERATIONAL'}]}, electionId=null, setVersion=25, topologyVersion=TopologyVersion{processId=69724970171d573d39dfaf2c, counter=4}, lastWriteDate=Sun Jan 25 14:30:52 IST 2026, lastUpdateTimeNanos=930244206730100}
14:30:53.643 [cluster-ClusterId{value='6975dbc393815258ee4153e7', description='Cluster0'}-ac-l6uagqo-shard-00-01.ofgdpxv.mongodb.net:27017] INFO  org.mongodb.driver.cluster - Monitor thread successfully connected to server with description ServerDescription{address=ac-l6uagqo-shard-00-01.ofgdpxv.mongodb.net:27017, type=REPLICA_SET_PRIMARY, state=CONNECTED, ok=true, minWireVersion=0, maxWireVersion=25, maxDocumentSize=16777216, logicalSessionTimeoutMinutes=30, roundTripTimeNanos=1121053600, setName='atlas-nbt1cq-shard-0', canonicalAddress=ac-l6uagqo-shard-00-01.ofgdpxv.mongodb.net:27017, hosts=[ac-l6uagqo-shard-00-02.ofgdpxv.mongodb.net:27017, ac-l6uagqo-shard-00-01.ofgdpxv.mongodb.net:27017, ac-l6uagqo-shard-00-00.ofgdpxv.mongodb.net:27017], passives=[], arbiters=[], primary='ac-l6uagqo-shard-00-01.ofgdpxv.mongodb.net:27017', tagSet=TagSet{[Tag{name='availabilityZone', value='aps1-az3'}, Tag{name='diskState', value='READY'}, Tag{name='nodeType', value='ELECTABLE'}, Tag{name='provider', value='AWS'}, Tag{name='region', value='AP_SOUTH_1'}, Tag{name='workloadType', value='OPERATIONAL'}]}, electionId=7fffffff0000000000000044, setVersion=25, topologyVersion=TopologyVersion{processId=697249b6ae5dd124968fcbef, counter=6}, lastWriteDate=Sun Jan 25 14:30:52 IST 2026, lastUpdateTimeNanos=930244214576300}
14:30:53.674 [cluster-ClusterId{value='6975dbc393815258ee4153e7', description='Cluster0'}-ac-l6uagqo-shard-00-01.ofgdpxv.mongodb.net:27017] INFO  org.mongodb.driver.cluster - Discovered replica set primary ac-l6uagqo-shard-00-01.ofgdpxv.mongodb.net:27017 with max election id 7fffffff0000000000000044 and max set version 25
14:30:56.161 [main] WARN  o.s.s.c.a.a.c.InitializeUserDetailsBeanManagerConfigurer$InitializeUserDetailsManagerConfigurer - Global AuthenticationManager configured with an AuthenticationProvider bean. UserDetailsService beans will not be used for username/password login. Consider removing the AuthenticationProvider bean. Alternatively, consider using the UserDetailsService in a manually instantiated DaoAuthenticationProvider.
14:31:04.312 [main] INFO  o.a.coyote.http11.Http11NioProtocol - Starting ProtocolHandler ["http-nio-8080"]
14:31:04.366 [main] INFO  o.s.b.w.e.tomcat.TomcatWebServer - Tomcat started on port 8080 (http) with context path '/'
14:31:04.416 [main] INFO  n.e.journalApp.JournalApplication - Started JournalApplication in 19.692 seconds (process running for 21.173)
14:31:31.362 [main] INFO  n.e.journalApp.JournalApplication - Starting JournalApplication using Java 17.0.17 with PID 13544 (E:\flutter_windows_3.19.4-stable\journalApp\target\classes started by Yash in E:\flutter_windows_3.19.4-stable\journalApp)
14:31:31.367 [main] INFO  n.e.journalApp.JournalApplication - The following 1 profile is active: "dev"
14:31:33.427 [main] INFO  o.s.d.r.c.RepositoryConfigurationDelegate - Multiple Spring Data modules found, entering strict repository configuration mode
14:31:33.429 [main] INFO  o.s.d.r.c.RepositoryConfigurationDelegate - Bootstrapping Spring Data MongoDB repositories in DEFAULT mode.
14:31:33.786 [main] INFO  o.s.d.r.c.RepositoryConfigurationDelegate - Finished Spring Data repository scanning in 346 ms. Found 3 MongoDB repository interfaces.
14:31:33.834 [main] INFO  o.s.d.r.c.RepositoryConfigurationDelegate - Multiple Spring Data modules found, entering strict repository configuration mode
14:31:33.837 [main] INFO  o.s.d.r.c.RepositoryConfigurationDelegate - Bootstrapping Spring Data Redis repositories in DEFAULT mode.
14:31:33.871 [main] INFO  o.s.d.r.c.RepositoryConfigurationExtensionSupport - Spring Data Redis - Could not safely identify store assignment for repository candidate interface net.engineeringdigest.journalApp.repository.ConfigJournalAppRepository; If you want this repository to be a Redis repository, consider annotating your entities with one of these annotations: org.springframework.data.redis.core.RedisHash (preferred), or consider extending one of the following types with your repository: org.springframework.data.keyvalue.repository.KeyValueRepository
14:31:33.872 [main] INFO  o.s.d.r.c.RepositoryConfigurationExtensionSupport - Spring Data Redis - Could not safely identify store assignment for repository candidate interface net.engineeringdigest.journalApp.repository.JournalEntryRepository; If you want this repository to be a Redis repository, consider annotating your entities with one of these annotations: org.springframework.data.redis.core.RedisHash (preferred), or consider extending one of the following types with your repository: org.springframework.data.keyvalue.repository.KeyValueRepository
14:31:33.873 [main] INFO  o.s.d.r.c.RepositoryConfigurationExtensionSupport - Spring Data Redis - Could not safely identify store assignment for repository candidate interface net.engineeringdigest.journalApp.repository.UserRepository; If you want this repository to be a Redis repository, consider annotating your entities with one of these annotations: org.springframework.data.redis.core.RedisHash (preferred), or consider extending one of the following types with your repository: org.springframework.data.keyvalue.repository.KeyValueRepository
14:31:33.873 [main] INFO  o.s.d.r.c.RepositoryConfigurationDelegate - Finished Spring Data repository scanning in 17 ms. Found 0 Redis repository interfaces.
14:31:35.471 [main] INFO  o.s.b.w.e.tomcat.TomcatWebServer - Tomcat initialized with port 8080 (http)
14:31:35.497 [main] INFO  o.a.coyote.http11.Http11NioProtocol - Initializing ProtocolHandler ["http-nio-8080"]
14:31:35.513 [main] INFO  o.a.catalina.core.StandardService - Starting service [Tomcat]
14:31:35.515 [main] INFO  o.a.catalina.core.StandardEngine - Starting Servlet engine: [Apache Tomcat/10.1.30]
14:31:35.749 [main] INFO  o.a.c.c.C.[Tomcat].[localhost].[/] - Initializing Spring embedded WebApplicationContext
14:31:35.750 [main] INFO  o.s.b.w.s.c.ServletWebServerApplicationContext - Root WebApplicationContext: initialization completed in 4243 ms
14:31:36.170 [cluster-ClusterId{value='6975dbf07bb4e21bc0ad2df7', description='Cluster0'}-srv-cluster0.ofgdpxv.mongodb.net] INFO  org.mongodb.driver.cluster - Adding discovered server ac-l6uagqo-shard-00-02.ofgdpxv.mongodb.net:27017 to client view of cluster
14:31:36.251 [main] INFO  org.mongodb.driver.client - MongoClient with metadata {"application": {"name": "Cluster0"}, "driver": {"name": "mongo-java-driver|sync|spring-boot", "version": "5.0.1"}, "os": {"type": "Windows", "name": "Windows 10", "architecture": "amd64", "version": "10.0"}, "platform": "Java/Microsoft/17.0.17+10-LTS"} created with settings MongoClientSettings{readPreference=primary, writeConcern=WriteConcern{w=null, wTimeout=null ms, journal=null}, retryWrites=true, retryReads=true, readConcern=ReadConcern{level=null}, credential=MongoCredential{mechanism=null, userName='yashu17052000', source='admin', password=<hidden>, mechanismProperties=<hidden>}, transportSettings=null, commandListeners=[], codecRegistry=ProvidersCodecRegistry{codecProviders=[ValueCodecProvider{}, BsonValueCodecProvider{}, DBRefCodecProvider{}, DBObjectCodecProvider{}, DocumentCodecProvider{}, CollectionCodecProvider{}, IterableCodecProvider{}, MapCodecProvider{}, GeoJsonCodecProvider{}, GridFSFileCodecProvider{}, Jsr310CodecProvider{}, JsonObjectCodecProvider{}, BsonCodecProvider{}, EnumCodecProvider{}, com.mongodb.client.model.mql.ExpressionCodecProvider@703e8050, com.mongodb.Jep395RecordCodecProvider@49c1e294, com.mongodb.KotlinCodecProvider@7741ae1b]}, loggerSettings=LoggerSettings{maxDocumentLength=1000}, clusterSettings={hosts=[127.0.0.1:27017], srvHost=cluster0.ofgdpxv.mongodb.net, srvServiceName=mongodb, mode=MULTIPLE, requiredClusterType=REPLICA_SET, requiredReplicaSetName='atlas-nbt1cq-shard-0', serverSelector='null', clusterListeners='[]', serverSelectionTimeout='30000 ms', localThreshold='15 ms'}, socketSettings=SocketSettings{connectTimeoutMS=10000, readTimeoutMS=0, receiveBufferSize=0, proxySettings=ProxySettings{host=null, port=null, username=null, password=null}}, heartbeatSocketSettings=SocketSettings{connectTimeoutMS=10000, readTimeoutMS=10000, receiveBufferSize=0, proxySettings=ProxySettings{host=null, port=null, username=null, password=null}}, connectionPoolSettings=ConnectionPoolSettings{maxSize=100, minSize=0, maxWaitTimeMS=120000, maxConnectionLifeTimeMS=0, maxConnectionIdleTimeMS=0, maintenanceInitialDelayMS=0, maintenanceFrequencyMS=60000, connectionPoolListeners=[], maxConnecting=2}, serverSettings=ServerSettings{heartbeatFrequencyMS=10000, minHeartbeatFrequencyMS=500, serverListeners='[]', serverMonitorListeners='[]'}, sslSettings=SslSettings{enabled=true, invalidHostNameAllowed=false, context=null}, applicationName='Cluster0', compressorList=[], uuidRepresentation=JAVA_LEGACY, serverApi=null, autoEncryptionSettings=null, dnsClient=null, inetAddressResolver=null, contextProvider=null}
14:31:36.267 [cluster-ClusterId{value='6975dbf07bb4e21bc0ad2df7', description='Cluster0'}-srv-cluster0.ofgdpxv.mongodb.net] INFO  org.mongodb.driver.cluster - Adding discovered server ac-l6uagqo-shard-00-00.ofgdpxv.mongodb.net:27017 to client view of cluster
14:31:36.275 [cluster-ClusterId{value='6975dbf07bb4e21bc0ad2df7', description='Cluster0'}-srv-cluster0.ofgdpxv.mongodb.net] INFO  org.mongodb.driver.cluster - Adding discovered server ac-l6uagqo-shard-00-01.ofgdpxv.mongodb.net:27017 to client view of cluster
14:31:37.279 [cluster-ClusterId{value='6975dbf07bb4e21bc0ad2df7', description='Cluster0'}-ac-l6uagqo-shard-00-00.ofgdpxv.mongodb.net:27017] INFO  org.mongodb.driver.cluster - Monitor thread successfully connected to server with description ServerDescription{address=ac-l6uagqo-shard-00-00.ofgdpxv.mongodb.net:27017, type=REPLICA_SET_SECONDARY, state=CONNECTED, ok=true, minWireVersion=0, maxWireVersion=25, maxDocumentSize=16777216, logicalSessionTimeoutMinutes=30, roundTripTimeNanos=485050700, setName='atlas-nbt1cq-shard-0', canonicalAddress=ac-l6uagqo-shard-00-00.ofgdpxv.mongodb.net:27017, hosts=[ac-l6uagqo-shard-00-02.ofgdpxv.mongodb.net:27017, ac-l6uagqo-shard-00-01.ofgdpxv.mongodb.net:27017, ac-l6uagqo-shard-00-00.ofgdpxv.mongodb.net:27017], passives=[], arbiters=[], primary='ac-l6uagqo-shard-00-01.ofgdpxv.mongodb.net:27017', tagSet=TagSet{[Tag{name='availabilityZone', value='aps1-az1'}, Tag{name='diskState', value='READY'}, Tag{name='nodeType', value='ELECTABLE'}, Tag{name='provider', value='AWS'}, Tag{name='region', value='AP_SOUTH_1'}, Tag{name='workloadType', value='OPERATIONAL'}]}, electionId=null, setVersion=25, topologyVersion=TopologyVersion{processId=69724970171d573d39dfaf2c, counter=4}, lastWriteDate=Sun Jan 25 14:31:36 IST 2026, lastUpdateTimeNanos=930287862029900}
14:31:37.280 [cluster-ClusterId{value='6975dbf07bb4e21bc0ad2df7', description='Cluster0'}-ac-l6uagqo-shard-00-01.ofgdpxv.mongodb.net:27017] INFO  org.mongodb.driver.cluster - Monitor thread successfully connected to server with description ServerDescription{address=ac-l6uagqo-shard-00-01.ofgdpxv.mongodb.net:27017, type=REPLICA_SET_PRIMARY, state=CONNECTED, ok=true, minWireVersion=0, maxWireVersion=25, maxDocumentSize=16777216, logicalSessionTimeoutMinutes=30, roundTripTimeNanos=482005300, setName='atlas-nbt1cq-shard-0', canonicalAddress=ac-l6uagqo-shard-00-01.ofgdpxv.mongodb.net:27017, hosts=[ac-l6uagqo-shard-00-02.ofgdpxv.mongodb.net:27017, ac-l6uagqo-shard-00-01.ofgdpxv.mongodb.net:27017, ac-l6uagqo-shard-00-00.ofgdpxv.mongodb.net:27017], passives=[], arbiters=[], primary='ac-l6uagqo-shard-00-01.ofgdpxv.mongodb.net:27017', tagSet=TagSet{[Tag{name='availabilityZone', value='aps1-az3'}, Tag{name='diskState', value='READY'}, Tag{name='nodeType', value='ELECTABLE'}, Tag{name='provider', value='AWS'}, Tag{name='region', value='AP_SOUTH_1'}, Tag{name='workloadType', value='OPERATIONAL'}]}, electionId=7fffffff0000000000000044, setVersion=25, topologyVersion=TopologyVersion{processId=697249b6ae5dd124968fcbef, counter=6}, lastWriteDate=Sun Jan 25 14:31:36 IST 2026, lastUpdateTimeNanos=930287859004800}
14:31:37.287 [cluster-ClusterId{value='6975dbf07bb4e21bc0ad2df7', description='Cluster0'}-ac-l6uagqo-shard-00-01.ofgdpxv.mongodb.net:27017] INFO  org.mongodb.driver.cluster - Discovered replica set primary ac-l6uagqo-shard-00-01.ofgdpxv.mongodb.net:27017 with max election id 7fffffff0000000000000044 and max set version 25
14:31:37.291 [cluster-ClusterId{value='6975dbf07bb4e21bc0ad2df7', description='Cluster0'}-ac-l6uagqo-shard-00-02.ofgdpxv.mongodb.net:27017] INFO  org.mongodb.driver.cluster - Monitor thread successfully connected to server with description ServerDescription{address=ac-l6uagqo-shard-00-02.ofgdpxv.mongodb.net:27017, type=REPLICA_SET_SECONDARY, state=CONNECTED, ok=true, minWireVersion=0, maxWireVersion=25, maxDocumentSize=16777216, logicalSessionTimeoutMinutes=30, roundTripTimeNanos=498337300, setName='atlas-nbt1cq-shard-0', canonicalAddress=ac-l6uagqo-shard-00-02.ofgdpxv.mongodb.net:27017, hosts=[ac-l6uagqo-shard-00-02.ofgdpxv.mongodb.net:27017, ac-l6uagqo-shard-00-01.ofgdpxv.mongodb.net:27017, ac-l6uagqo-shard-00-00.ofgdpxv.mongodb.net:27017], passives=[], arbiters=[], primary='ac-l6uagqo-shard-00-01.ofgdpxv.mongodb.net:27017', tagSet=TagSet{[Tag{name='availabilityZone', value='aps1-az2'}, Tag{name='diskState', value='READY'}, Tag{name='nodeType', value='ELECTABLE'}, Tag{name='provider', value='AWS'}, Tag{name='region', value='AP_SOUTH_1'}, Tag{name='workloadType', value='OPERATIONAL'}]}, electionId=null, setVersion=25, topologyVersion=TopologyVersion{processId=697249fc870135aae8859e2b, counter=3}, lastWriteDate=Sun Jan 25 14:31:36 IST 2026, lastUpdateTimeNanos=930287875256400}
14:31:38.786 [main] WARN  o.s.s.c.a.a.c.InitializeUserDetailsBeanManagerConfigurer$InitializeUserDetailsManagerConfigurer - Global AuthenticationManager configured with an AuthenticationProvider bean. UserDetailsService beans will not be used for username/password login. Consider removing the AuthenticationProvider bean. Alternatively, consider using the UserDetailsService in a manually instantiated DaoAuthenticationProvider.
14:31:43.271 [main] INFO  o.a.coyote.http11.Http11NioProtocol - Starting ProtocolHandler ["http-nio-8080"]
14:31:43.313 [main] INFO  o.s.b.w.e.tomcat.TomcatWebServer - Tomcat started on port 8080 (http) with context path '/'
14:31:43.355 [main] INFO  n.e.journalApp.JournalApplication - Started JournalApplication in 12.813 seconds (process running for 14.157)
14:31:49.503 [http-nio-8080-exec-1] INFO  o.a.c.c.C.[Tomcat].[localhost].[/] - Initializing Spring DispatcherServlet 'dispatcherServlet'
14:31:49.504 [http-nio-8080-exec-1] INFO  o.s.web.servlet.DispatcherServlet - Initializing Servlet 'dispatcherServlet'
14:31:49.508 [http-nio-8080-exec-1] INFO  o.s.web.servlet.DispatcherServlet - Completed initialization in 2 ms
14:37:28.570 [main] INFO  n.e.journalApp.JournalApplication - Starting JournalApplication using Java 17.0.17 with PID 1256 (E:\flutter_windows_3.19.4-stable\journalApp\target\classes started by Yash in E:\flutter_windows_3.19.4-stable\journalApp)
14:37:28.574 [main] INFO  n.e.journalApp.JournalApplication - The following 1 profile is active: "dev"
14:37:31.111 [main] INFO  o.s.d.r.c.RepositoryConfigurationDelegate - Multiple Spring Data modules found, entering strict repository configuration mode
14:37:31.115 [main] INFO  o.s.d.r.c.RepositoryConfigurationDelegate - Bootstrapping Spring Data MongoDB repositories in DEFAULT mode.
14:37:31.512 [main] INFO  o.s.d.r.c.RepositoryConfigurationDelegate - Finished Spring Data repository scanning in 372 ms. Found 3 MongoDB repository interfaces.
14:37:31.565 [main] INFO  o.s.d.r.c.RepositoryConfigurationDelegate - Multiple Spring Data modules found, entering strict repository configuration mode
14:37:31.568 [main] INFO  o.s.d.r.c.RepositoryConfigurationDelegate - Bootstrapping Spring Data Redis repositories in DEFAULT mode.
14:37:31.609 [main] INFO  o.s.d.r.c.RepositoryConfigurationExtensionSupport - Spring Data Redis - Could not safely identify store assignment for repository candidate interface net.engineeringdigest.journalApp.repository.ConfigJournalAppRepository; If you want this repository to be a Redis repository, consider annotating your entities with one of these annotations: org.springframework.data.redis.core.RedisHash (preferred), or consider extending one of the following types with your repository: org.springframework.data.keyvalue.repository.KeyValueRepository
14:37:31.610 [main] INFO  o.s.d.r.c.RepositoryConfigurationExtensionSupport - Spring Data Redis - Could not safely identify store assignment for repository candidate interface net.engineeringdigest.journalApp.repository.JournalEntryRepository; If you want this repository to be a Redis repository, consider annotating your entities with one of these annotations: org.springframework.data.redis.core.RedisHash (preferred), or consider extending one of the following types with your repository: org.springframework.data.keyvalue.repository.KeyValueRepository
14:37:31.611 [main] INFO  o.s.d.r.c.RepositoryConfigurationExtensionSupport - Spring Data Redis - Could not safely identify store assignment for repository candidate interface net.engineeringdigest.journalApp.repository.UserRepository; If you want this repository to be a Redis repository, consider annotating your entities with one of these annotations: org.springframework.data.redis.core.RedisHash (preferred), or consider extending one of the following types with your repository: org.springframework.data.keyvalue.repository.KeyValueRepository
14:37:31.612 [main] INFO  o.s.d.r.c.RepositoryConfigurationDelegate - Finished Spring Data repository scanning in 21 ms. Found 0 Redis repository interfaces.
14:37:33.623 [main] INFO  o.s.b.w.e.tomcat.TomcatWebServer - Tomcat initialized with port 8080 (http)
14:37:33.656 [main] INFO  o.a.coyote.http11.Http11NioProtocol - Initializing ProtocolHandler ["http-nio-8080"]
14:37:33.668 [main] INFO  o.a.catalina.core.StandardService - Starting service [Tomcat]
14:37:33.669 [main] INFO  o.a.catalina.core.StandardEngine - Starting Servlet engine: [Apache Tomcat/10.1.30]
14:37:34.023 [main] INFO  o.a.c.c.C.[Tomcat].[localhost].[/] - Initializing Spring embedded WebApplicationContext
14:37:34.024 [main] INFO  o.s.b.w.s.c.ServletWebServerApplicationContext - Root WebApplicationContext: initialization completed in 5304 ms
14:37:34.559 [cluster-ClusterId{value='6975dd56189c2b2004219e47', description='Cluster0'}-srv-cluster0.ofgdpxv.mongodb.net] INFO  org.mongodb.driver.cluster - Adding discovered server ac-l6uagqo-shard-00-02.ofgdpxv.mongodb.net:27017 to client view of cluster
14:37:34.638 [main] INFO  org.mongodb.driver.client - MongoClient with metadata {"application": {"name": "Cluster0"}, "driver": {"name": "mongo-java-driver|sync|spring-boot", "version": "5.0.1"}, "os": {"type": "Windows", "name": "Windows 10", "architecture": "amd64", "version": "10.0"}, "platform": "Java/Microsoft/17.0.17+10-LTS"} created with settings MongoClientSettings{readPreference=primary, writeConcern=WriteConcern{w=null, wTimeout=null ms, journal=null}, retryWrites=true, retryReads=true, readConcern=ReadConcern{level=null}, credential=MongoCredential{mechanism=null, userName='yashu17052000', source='admin', password=<hidden>, mechanismProperties=<hidden>}, transportSettings=null, commandListeners=[], codecRegistry=ProvidersCodecRegistry{codecProviders=[ValueCodecProvider{}, BsonValueCodecProvider{}, DBRefCodecProvider{}, DBObjectCodecProvider{}, DocumentCodecProvider{}, CollectionCodecProvider{}, IterableCodecProvider{}, MapCodecProvider{}, GeoJsonCodecProvider{}, GridFSFileCodecProvider{}, Jsr310CodecProvider{}, JsonObjectCodecProvider{}, BsonCodecProvider{}, EnumCodecProvider{}, com.mongodb.client.model.mql.ExpressionCodecProvider@325162e9, com.mongodb.Jep395RecordCodecProvider@1ee40b5c, com.mongodb.KotlinCodecProvider@5c448ef]}, loggerSettings=LoggerSettings{maxDocumentLength=1000}, clusterSettings={hosts=[127.0.0.1:27017], srvHost=cluster0.ofgdpxv.mongodb.net, srvServiceName=mongodb, mode=MULTIPLE, requiredClusterType=REPLICA_SET, requiredReplicaSetName='atlas-nbt1cq-shard-0', serverSelector='null', clusterListeners='[]', serverSelectionTimeout='30000 ms', localThreshold='15 ms'}, socketSettings=SocketSettings{connectTimeoutMS=10000, readTimeoutMS=0, receiveBufferSize=0, proxySettings=ProxySettings{host=null, port=null, username=null, password=null}}, heartbeatSocketSettings=SocketSettings{connectTimeoutMS=10000, readTimeoutMS=10000, receiveBufferSize=0, proxySettings=ProxySettings{host=null, port=null, username=null, password=null}}, connectionPoolSettings=ConnectionPoolSettings{maxSize=100, minSize=0, maxWaitTimeMS=120000, maxConnectionLifeTimeMS=0, maxConnectionIdleTimeMS=0, maintenanceInitialDelayMS=0, maintenanceFrequencyMS=60000, connectionPoolListeners=[], maxConnecting=2}, serverSettings=ServerSettings{heartbeatFrequencyMS=10000, minHeartbeatFrequencyMS=500, serverListeners='[]', serverMonitorListeners='[]'}, sslSettings=SslSettings{enabled=true, invalidHostNameAllowed=false, context=null}, applicationName='Cluster0', compressorList=[], uuidRepresentation=JAVA_LEGACY, serverApi=null, autoEncryptionSettings=null, dnsClient=null, inetAddressResolver=null, contextProvider=null}
14:37:34.658 [cluster-ClusterId{value='6975dd56189c2b2004219e47', description='Cluster0'}-srv-cluster0.ofgdpxv.mongodb.net] INFO  org.mongodb.driver.cluster - Adding discovered server ac-l6uagqo-shard-00-00.ofgdpxv.mongodb.net:27017 to client view of cluster
14:37:34.667 [cluster-ClusterId{value='6975dd56189c2b2004219e47', description='Cluster0'}-srv-cluster0.ofgdpxv.mongodb.net] INFO  org.mongodb.driver.cluster - Adding discovered server ac-l6uagqo-shard-00-01.ofgdpxv.mongodb.net:27017 to client view of cluster
14:37:35.928 [cluster-ClusterId{value='6975dd56189c2b2004219e47', description='Cluster0'}-ac-l6uagqo-shard-00-00.ofgdpxv.mongodb.net:27017] INFO  org.mongodb.driver.cluster - Monitor thread successfully connected to server with description ServerDescription{address=ac-l6uagqo-shard-00-00.ofgdpxv.mongodb.net:27017, type=REPLICA_SET_SECONDARY, state=CONNECTED, ok=true, minWireVersion=0, maxWireVersion=25, maxDocumentSize=16777216, logicalSessionTimeoutMinutes=30, roundTripTimeNanos=531817600, setName='atlas-nbt1cq-shard-0', canonicalAddress=ac-l6uagqo-shard-00-00.ofgdpxv.mongodb.net:27017, hosts=[ac-l6uagqo-shard-00-02.ofgdpxv.mongodb.net:27017, ac-l6uagqo-shard-00-01.ofgdpxv.mongodb.net:27017, ac-l6uagqo-shard-00-00.ofgdpxv.mongodb.net:27017], passives=[], arbiters=[], primary='ac-l6uagqo-shard-00-01.ofgdpxv.mongodb.net:27017', tagSet=TagSet{[Tag{name='availabilityZone', value='aps1-az1'}, Tag{name='diskState', value='READY'}, Tag{name='nodeType', value='ELECTABLE'}, Tag{name='provider', value='AWS'}, Tag{name='region', value='AP_SOUTH_1'}, Tag{name='workloadType', value='OPERATIONAL'}]}, electionId=null, setVersion=25, topologyVersion=TopologyVersion{processId=69724970171d573d39dfaf2c, counter=4}, lastWriteDate=Sun Jan 25 14:37:34 IST 2026, lastUpdateTimeNanos=930646506304000}
14:37:35.931 [cluster-ClusterId{value='6975dd56189c2b2004219e47', description='Cluster0'}-ac-l6uagqo-shard-00-02.ofgdpxv.mongodb.net:27017] INFO  org.mongodb.driver.cluster - Monitor thread successfully connected to server with description ServerDescription{address=ac-l6uagqo-shard-00-02.ofgdpxv.mongodb.net:27017, type=REPLICA_SET_SECONDARY, state=CONNECTED, ok=true, minWireVersion=0, maxWireVersion=25, maxDocumentSize=16777216, logicalSessionTimeoutMinutes=30, roundTripTimeNanos=532187600, setName='atlas-nbt1cq-shard-0', canonicalAddress=ac-l6uagqo-shard-00-02.ofgdpxv.mongodb.net:27017, hosts=[ac-l6uagqo-shard-00-02.ofgdpxv.mongodb.net:27017, ac-l6uagqo-shard-00-01.ofgdpxv.mongodb.net:27017, ac-l6uagqo-shard-00-00.ofgdpxv.mongodb.net:27017], passives=[], arbiters=[], primary='ac-l6uagqo-shard-00-01.ofgdpxv.mongodb.net:27017', tagSet=TagSet{[Tag{name='availabilityZone', value='aps1-az2'}, Tag{name='diskState', value='READY'}, Tag{name='nodeType', value='ELECTABLE'}, Tag{name='provider', value='AWS'}, Tag{name='region', value='AP_SOUTH_1'}, Tag{name='workloadType', value='OPERATIONAL'}]}, electionId=null, setVersion=25, topologyVersion=TopologyVersion{processId=697249fc870135aae8859e2b, counter=3}, lastWriteDate=Sun Jan 25 14:37:34 IST 2026, lastUpdateTimeNanos=930646506469000}
14:37:35.931 [cluster-ClusterId{value='6975dd56189c2b2004219e47', description='Cluster0'}-ac-l6uagqo-shard-00-01.ofgdpxv.mongodb.net:27017] INFO  org.mongodb.driver.cluster - Monitor thread successfully connected to server with description ServerDescription{address=ac-l6uagqo-shard-00-01.ofgdpxv.mongodb.net:27017, type=REPLICA_SET_PRIMARY, state=CONNECTED, ok=true, minWireVersion=0, maxWireVersion=25, maxDocumentSize=16777216, logicalSessionTimeoutMinutes=30, roundTripTimeNanos=531202600, setName='atlas-nbt1cq-shard-0', canonicalAddress=ac-l6uagqo-shard-00-01.ofgdpxv.mongodb.net:27017, hosts=[ac-l6uagqo-shard-00-02.ofgdpxv.mongodb.net:27017, ac-l6uagqo-shard-00-01.ofgdpxv.mongodb.net:27017, ac-l6uagqo-shard-00-00.ofgdpxv.mongodb.net:27017], passives=[], arbiters=[], primary='ac-l6uagqo-shard-00-01.ofgdpxv.mongodb.net:27017', tagSet=TagSet{[Tag{name='availabilityZone', value='aps1-az3'}, Tag{name='diskState', value='READY'}, Tag{name='nodeType', value='ELECTABLE'}, Tag{name='provider', value='AWS'}, Tag{name='region', value='AP_SOUTH_1'}, Tag{name='workloadType', value='OPERATIONAL'}]}, electionId=7fffffff0000000000000044, setVersion=25, topologyVersion=TopologyVersion{processId=697249b6ae5dd124968fcbef, counter=6}, lastWriteDate=Sun Jan 25 14:37:34 IST 2026, lastUpdateTimeNanos=930646505741300}
14:37:35.939 [cluster-ClusterId{value='6975dd56189c2b2004219e47', description='Cluster0'}-ac-l6uagqo-shard-00-01.ofgdpxv.mongodb.net:27017] INFO  org.mongodb.driver.cluster - Discovered replica set primary ac-l6uagqo-shard-00-01.ofgdpxv.mongodb.net:27017 with max election id 7fffffff0000000000000044 and max set version 25
14:37:37.433 [main] WARN  o.s.s.c.a.a.c.InitializeUserDetailsBeanManagerConfigurer$InitializeUserDetailsManagerConfigurer - Global AuthenticationManager configured with an AuthenticationProvider bean. UserDetailsService beans will not be used for username/password login. Consider removing the AuthenticationProvider bean. Alternatively, consider using the UserDetailsService in a manually instantiated DaoAuthenticationProvider.
14:37:41.998 [main] INFO  o.a.coyote.http11.Http11NioProtocol - Starting ProtocolHandler ["http-nio-8080"]
14:37:42.039 [main] INFO  o.s.b.w.e.tomcat.TomcatWebServer - Tomcat started on port 8080 (http) with context path '/'
14:37:42.077 [main] INFO  n.e.journalApp.JournalApplication - Started JournalApplication in 14.335 seconds (process running for 15.593)
14:37:47.488 [http-nio-8080-exec-1] INFO  o.a.c.c.C.[Tomcat].[localhost].[/] - Initializing Spring DispatcherServlet 'dispatcherServlet'
14:37:47.492 [http-nio-8080-exec-1] INFO  o.s.web.servlet.DispatcherServlet - Initializing Servlet 'dispatcherServlet'
14:37:47.498 [http-nio-8080-exec-1] INFO  o.s.web.servlet.DispatcherServlet - Completed initialization in 4 ms
14:38:19.022 [main] INFO  n.e.journalApp.JournalApplication - Starting JournalApplication using Java 17.0.17 with PID 1564 (E:\flutter_windows_3.19.4-stable\journalApp\target\classes started by Yash in E:\flutter_windows_3.19.4-stable\journalApp)
14:38:19.027 [main] INFO  n.e.journalApp.JournalApplication - The following 1 profile is active: "dev"
14:38:22.777 [main] INFO  o.s.d.r.c.RepositoryConfigurationDelegate - Multiple Spring Data modules found, entering strict repository configuration mode
14:38:22.780 [main] INFO  o.s.d.r.c.RepositoryConfigurationDelegate - Bootstrapping Spring Data MongoDB repositories in DEFAULT mode.
14:38:23.218 [main] INFO  o.s.d.r.c.RepositoryConfigurationDelegate - Finished Spring Data repository scanning in 411 ms. Found 3 MongoDB repository interfaces.
14:38:23.265 [main] INFO  o.s.d.r.c.RepositoryConfigurationDelegate - Multiple Spring Data modules found, entering strict repository configuration mode
14:38:23.270 [main] INFO  o.s.d.r.c.RepositoryConfigurationDelegate - Bootstrapping Spring Data Redis repositories in DEFAULT mode.
14:38:23.309 [main] INFO  o.s.d.r.c.RepositoryConfigurationExtensionSupport - Spring Data Redis - Could not safely identify store assignment for repository candidate interface net.engineeringdigest.journalApp.repository.ConfigJournalAppRepository; If you want this repository to be a Redis repository, consider annotating your entities with one of these annotations: org.springframework.data.redis.core.RedisHash (preferred), or consider extending one of the following types with your repository: org.springframework.data.keyvalue.repository.KeyValueRepository
14:38:23.310 [main] INFO  o.s.d.r.c.RepositoryConfigurationExtensionSupport - Spring Data Redis - Could not safely identify store assignment for repository candidate interface net.engineeringdigest.journalApp.repository.JournalEntryRepository; If you want this repository to be a Redis repository, consider annotating your entities with one of these annotations: org.springframework.data.redis.core.RedisHash (preferred), or consider extending one of the following types with your repository: org.springframework.data.keyvalue.repository.KeyValueRepository
14:38:23.311 [main] INFO  o.s.d.r.c.RepositoryConfigurationExtensionSupport - Spring Data Redis - Could not safely identify store assignment for repository candidate interface net.engineeringdigest.journalApp.repository.UserRepository; If you want this repository to be a Redis repository, consider annotating your entities with one of these annotations: org.springframework.data.redis.core.RedisHash (preferred), or consider extending one of the following types with your repository: org.springframework.data.keyvalue.repository.KeyValueRepository
14:38:23.311 [main] INFO  o.s.d.r.c.RepositoryConfigurationDelegate - Finished Spring Data repository scanning in 21 ms. Found 0 Redis repository interfaces.
14:38:24.865 [main] INFO  o.s.b.w.e.tomcat.TomcatWebServer - Tomcat initialized with port 8080 (http)
14:38:24.887 [main] INFO  o.a.coyote.http11.Http11NioProtocol - Initializing ProtocolHandler ["http-nio-8080"]
14:38:24.895 [main] INFO  o.a.catalina.core.StandardService - Starting service [Tomcat]
14:38:24.896 [main] INFO  o.a.catalina.core.StandardEngine - Starting Servlet engine: [Apache Tomcat/10.1.30]
14:38:25.085 [main] INFO  o.a.c.c.C.[Tomcat].[localhost].[/] - Initializing Spring embedded WebApplicationContext
14:38:25.094 [main] INFO  o.s.b.w.s.c.ServletWebServerApplicationContext - Root WebApplicationContext: initialization completed in 5893 ms
14:38:25.518 [cluster-ClusterId{value='6975dd89d609172e8b77880e', description='Cluster0'}-srv-cluster0.ofgdpxv.mongodb.net] INFO  org.mongodb.driver.cluster - Adding discovered server ac-l6uagqo-shard-00-02.ofgdpxv.mongodb.net:27017 to client view of cluster
14:38:25.611 [main] INFO  org.mongodb.driver.client - MongoClient with metadata {"application": {"name": "Cluster0"}, "driver": {"name": "mongo-java-driver|sync|spring-boot", "version": "5.0.1"}, "os": {"type": "Windows", "name": "Windows 10", "architecture": "amd64", "version": "10.0"}, "platform": "Java/Microsoft/17.0.17+10-LTS"} created with settings MongoClientSettings{readPreference=primary, writeConcern=WriteConcern{w=null, wTimeout=null ms, journal=null}, retryWrites=true, retryReads=true, readConcern=ReadConcern{level=null}, credential=MongoCredential{mechanism=null, userName='yashu17052000', source='admin', password=<hidden>, mechanismProperties=<hidden>}, transportSettings=null, commandListeners=[], codecRegistry=ProvidersCodecRegistry{codecProviders=[ValueCodecProvider{}, BsonValueCodecProvider{}, DBRefCodecProvider{}, DBObjectCodecProvider{}, DocumentCodecProvider{}, CollectionCodecProvider{}, IterableCodecProvider{}, MapCodecProvider{}, GeoJsonCodecProvider{}, GridFSFileCodecProvider{}, Jsr310CodecProvider{}, JsonObjectCodecProvider{}, BsonCodecProvider{}, EnumCodecProvider{}, com.mongodb.client.model.mql.ExpressionCodecProvider@3b5a19ed, com.mongodb.Jep395RecordCodecProvider@15d236fd, com.mongodb.KotlinCodecProvider@6b9c42bd]}, loggerSettings=LoggerSettings{maxDocumentLength=1000}, clusterSettings={hosts=[127.0.0.1:27017], srvHost=cluster0.ofgdpxv.mongodb.net, srvServiceName=mongodb, mode=MULTIPLE, requiredClusterType=REPLICA_SET, requiredReplicaSetName='atlas-nbt1cq-shard-0', serverSelector='null', clusterListeners='[]', serverSelectionTimeout='30000 ms', localThreshold='15 ms'}, socketSettings=SocketSettings{connectTimeoutMS=10000, readTimeoutMS=0, receiveBufferSize=0, proxySettings=ProxySettings{host=null, port=null, username=null, password=null}}, heartbeatSocketSettings=SocketSettings{connectTimeoutMS=10000, readTimeoutMS=10000, receiveBufferSize=0, proxySettings=ProxySettings{host=null, port=null, username=null, password=null}}, connectionPoolSettings=ConnectionPoolSettings{maxSize=100, minSize=0, maxWaitTimeMS=120000, maxConnectionLifeTimeMS=0, maxConnectionIdleTimeMS=0, maintenanceInitialDelayMS=0, maintenanceFrequencyMS=60000, connectionPoolListeners=[], maxConnecting=2}, serverSettings=ServerSettings{heartbeatFrequencyMS=10000, minHeartbeatFrequencyMS=500, serverListeners='[]', serverMonitorListeners='[]'}, sslSettings=SslSettings{enabled=true, invalidHostNameAllowed=false, context=null}, applicationName='Cluster0', compressorList=[], uuidRepresentation=JAVA_LEGACY, serverApi=null, autoEncryptionSettings=null, dnsClient=null, inetAddressResolver=null, contextProvider=null}
14:38:25.624 [cluster-ClusterId{value='6975dd89d609172e8b77880e', description='Cluster0'}-srv-cluster0.ofgdpxv.mongodb.net] INFO  org.mongodb.driver.cluster - Adding discovered server ac-l6uagqo-shard-00-01.ofgdpxv.mongodb.net:27017 to client view of cluster
14:38:25.634 [cluster-ClusterId{value='6975dd89d609172e8b77880e', description='Cluster0'}-srv-cluster0.ofgdpxv.mongodb.net] INFO  org.mongodb.driver.cluster - Adding discovered server ac-l6uagqo-shard-00-00.ofgdpxv.mongodb.net:27017 to client view of cluster
14:38:26.678 [cluster-ClusterId{value='6975dd89d609172e8b77880e', description='Cluster0'}-ac-l6uagqo-shard-00-01.ofgdpxv.mongodb.net:27017] INFO  org.mongodb.driver.cluster - Monitor thread successfully connected to server with description ServerDescription{address=ac-l6uagqo-shard-00-01.ofgdpxv.mongodb.net:27017, type=REPLICA_SET_PRIMARY, state=CONNECTED, ok=true, minWireVersion=0, maxWireVersion=25, maxDocumentSize=16777216, logicalSessionTimeoutMinutes=30, roundTripTimeNanos=522621500, setName='atlas-nbt1cq-shard-0', canonicalAddress=ac-l6uagqo-shard-00-01.ofgdpxv.mongodb.net:27017, hosts=[ac-l6uagqo-shard-00-02.ofgdpxv.mongodb.net:27017, ac-l6uagqo-shard-00-01.ofgdpxv.mongodb.net:27017, ac-l6uagqo-shard-00-00.ofgdpxv.mongodb.net:27017], passives=[], arbiters=[], primary='ac-l6uagqo-shard-00-01.ofgdpxv.mongodb.net:27017', tagSet=TagSet{[Tag{name='availabilityZone', value='aps1-az3'}, Tag{name='diskState', value='READY'}, Tag{name='nodeType', value='ELECTABLE'}, Tag{name='provider', value='AWS'}, Tag{name='region', value='AP_SOUTH_1'}, Tag{name='workloadType', value='OPERATIONAL'}]}, electionId=7fffffff0000000000000044, setVersion=25, topologyVersion=TopologyVersion{processId=697249b6ae5dd124968fcbef, counter=6}, lastWriteDate=Sun Jan 25 14:38:25 IST 2026, lastUpdateTimeNanos=930697258100500}
14:38:26.679 [cluster-ClusterId{value='6975dd89d609172e8b77880e', description='Cluster0'}-ac-l6uagqo-shard-00-00.ofgdpxv.mongodb.net:27017] INFO  org.mongodb.driver.cluster - Monitor thread successfully connected to server with description ServerDescription{address=ac-l6uagqo-shard-00-00.ofgdpxv.mongodb.net:27017, type=REPLICA_SET_SECONDARY, state=CONNECTED, ok=true, minWireVersion=0, maxWireVersion=25, maxDocumentSize=16777216, logicalSessionTimeoutMinutes=30, roundTripTimeNanos=522586300, setName='atlas-nbt1cq-shard-0', canonicalAddress=ac-l6uagqo-shard-00-00.ofgdpxv.mongodb.net:27017, hosts=[ac-l6uagqo-shard-00-02.ofgdpxv.mongodb.net:27017, ac-l6uagqo-shard-00-01.ofgdpxv.mongodb.net:27017, ac-l6uagqo-shard-00-00.ofgdpxv.mongodb.net:27017], passives=[], arbiters=[], primary='ac-l6uagqo-shard-00-01.ofgdpxv.mongodb.net:27017', tagSet=TagSet{[Tag{name='availabilityZone', value='aps1-az1'}, Tag{name='diskState', value='READY'}, Tag{name='nodeType', value='ELECTABLE'}, Tag{name='provider', value='AWS'}, Tag{name='region', value='AP_SOUTH_1'}, Tag{name='workloadType', value='OPERATIONAL'}]}, electionId=null, setVersion=25, topologyVersion=TopologyVersion{processId=69724970171d573d39dfaf2c, counter=4}, lastWriteDate=Sun Jan 25 14:38:25 IST 2026, lastUpdateTimeNanos=930697258054600}
14:38:26.680 [cluster-ClusterId{value='6975dd89d609172e8b77880e', description='Cluster0'}-ac-l6uagqo-shard-00-02.ofgdpxv.mongodb.net:27017] INFO  org.mongodb.driver.cluster - Monitor thread successfully connected to server with description ServerDescription{address=ac-l6uagqo-shard-00-02.ofgdpxv.mongodb.net:27017, type=REPLICA_SET_SECONDARY, state=CONNECTED, ok=true, minWireVersion=0, maxWireVersion=25, maxDocumentSize=16777216, logicalSessionTimeoutMinutes=30, roundTripTimeNanos=522654200, setName='atlas-nbt1cq-shard-0', canonicalAddress=ac-l6uagqo-shard-00-02.ofgdpxv.mongodb.net:27017, hosts=[ac-l6uagqo-shard-00-02.ofgdpxv.mongodb.net:27017, ac-l6uagqo-shard-00-01.ofgdpxv.mongodb.net:27017, ac-l6uagqo-shard-00-00.ofgdpxv.mongodb.net:27017], passives=[], arbiters=[], primary='ac-l6uagqo-shard-00-01.ofgdpxv.mongodb.net:27017', tagSet=TagSet{[Tag{name='availabilityZone', value='aps1-az2'}, Tag{name='diskState', value='READY'}, Tag{name='nodeType', value='ELECTABLE'}, Tag{name='provider', value='AWS'}, Tag{name='region', value='AP_SOUTH_1'}, Tag{name='workloadType', value='OPERATIONAL'}]}, electionId=null, setVersion=25, topologyVersion=TopologyVersion{processId=697249fc870135aae8859e2b, counter=3}, lastWriteDate=Sun Jan 25 14:38:25 IST 2026, lastUpdateTimeNanos=930697258054600}
14:38:26.685 [cluster-ClusterId{value='6975dd89d609172e8b77880e', description='Cluster0'}-ac-l6uagqo-shard-00-01.ofgdpxv.mongodb.net:27017] INFO  org.mongodb.driver.cluster - Discovered replica set primary ac-l6uagqo-shard-00-01.ofgdpxv.mongodb.net:27017 with max election id 7fffffff0000000000000044 and max set version 25
14:38:28.136 [main] WARN  o.s.s.c.a.a.c.InitializeUserDetailsBeanManagerConfigurer$InitializeUserDetailsManagerConfigurer - Global AuthenticationManager configured with an AuthenticationProvider bean. UserDetailsService beans will not be used for username/password login. Consider removing the AuthenticationProvider bean. Alternatively, consider using the UserDetailsService in a manually instantiated DaoAuthenticationProvider.
14:38:34.003 [main] INFO  o.a.coyote.http11.Http11NioProtocol - Starting ProtocolHandler ["http-nio-8080"]
14:38:34.044 [main] INFO  o.s.b.w.e.tomcat.TomcatWebServer - Tomcat started on port 8080 (http) with context path '/'
14:38:34.083 [main] INFO  n.e.journalApp.JournalApplication - Started JournalApplication in 16.067 seconds (process running for 17.607)
14:38:43.136 [http-nio-8080-exec-2] INFO  o.a.c.c.C.[Tomcat].[localhost].[/] - Initializing Spring DispatcherServlet 'dispatcherServlet'
14:38:43.137 [http-nio-8080-exec-2] INFO  o.s.web.servlet.DispatcherServlet - Initializing Servlet 'dispatcherServlet'
14:38:43.145 [http-nio-8080-exec-2] INFO  o.s.web.servlet.DispatcherServlet - Completed initialization in 8 ms
14:38:43.636 [http-nio-8080-exec-2] ERROR o.a.c.c.C.[.[.[.[dispatcherServlet] - Servlet.service() for servlet [dispatcherServlet] in context with path [] threw exception
io.jsonwebtoken.ExpiredJwtException: JWT expired 620630 milliseconds ago at 2026-01-25T08:58:23.000Z. Current time: 2026-01-25T09:08:43.630Z. Allowed clock skew: 0 milliseconds.
	at io.jsonwebtoken.impl.DefaultJwtParser.parse(DefaultJwtParser.java:682)
	at io.jsonwebtoken.impl.DefaultJwtParser.parse(DefaultJwtParser.java:362)
	at io.jsonwebtoken.impl.DefaultJwtParser.parse(DefaultJwtParser.java:94)
	at io.jsonwebtoken.impl.io.AbstractParser.parse(AbstractParser.java:36)
	at io.jsonwebtoken.impl.io.AbstractParser.parse(AbstractParser.java:29)
	at io.jsonwebtoken.impl.DefaultJwtParser.parseSignedClaims(DefaultJwtParser.java:821)
	at net.engineeringdigest.journalApp.utils.JwtUtil.extractAllClaims(JwtUtil.java:34)
	at net.engineeringdigest.journalApp.utils.JwtUtil.extractUsername(JwtUtil.java:22)
	at net.engineeringdigest.journalApp.filter.JwtFilter.doFilterInternal(JwtFilter.java:33)
	at org.springframework.web.filter.OncePerRequestFilter.doFilter(OncePerRequestFilter.java:116)
	at org.springframework.security.web.FilterChainProxy$VirtualFilterChain.doFilter(FilterChainProxy.java:374)
	at org.springframework.security.web.authentication.logout.LogoutFilter.doFilter(LogoutFilter.java:107)
	at org.springframework.security.web.authentication.logout.LogoutFilter.doFilter(LogoutFilter.java:93)
	at org.springframework.security.web.FilterChainProxy$VirtualFilterChain.doFilter(FilterChainProxy.java:374)
	at org.springframework.web.filter.CorsFilter.doFilterInternal(CorsFilter.java:91)
	at org.springframework.web.filter.OncePerRequestFilter.doFilter(OncePerRequestFilter.java:116)
	at org.springframework.security.web.FilterChainProxy$VirtualFilterChain.doFilter(FilterChainProxy.java:374)
	at org.springframework.security.web.header.HeaderWriterFilter.doHeadersAfter(HeaderWriterFilter.java:90)
	at org.springframework.security.web.header.HeaderWriterFilter.doFilterInternal(HeaderWriterFilter.java:75)
	at org.springframework.web.filter.OncePerRequestFilter.doFilter(OncePerRequestFilter.java:116)
	at org.springframework.security.web.FilterChainProxy$VirtualFilterChain.doFilter(FilterChainProxy.java:374)
	at org.springframework.security.web.context.SecurityContextHolderFilter.doFilter(SecurityContextHolderFilter.java:82)
	at org.springframework.security.web.context.SecurityContextHolderFilter.doFilter(SecurityContextHolderFilter.java:69)
	at org.springframework.security.web.FilterChainProxy$VirtualFilterChain.doFilter(FilterChainProxy.java:374)
	at org.springframework.security.web.context.request.async.WebAsyncManagerIntegrationFilter.doFilterInternal(WebAsyncManagerIntegrationFilter.java:62)
	at org.springframework.web.filter.OncePerRequestFilter.doFilter(OncePerRequestFilter.java:116)
	at org.springframework.security.web.FilterChainProxy$VirtualFilterChain.doFilter(FilterChainProxy.java:374)
	at org.springframework.security.web.session.DisableEncodeUrlFilter.doFilterInternal(DisableEncodeUrlFilter.java:42)
	at org.springframework.web.filter.OncePerRequestFilter.doFilter(OncePerRequestFilter.java:116)
	at org.springframework.security.web.FilterChainProxy$VirtualFilterChain.doFilter(FilterChainProxy.java:374)
	at org.springframework.security.web.FilterChainProxy.doFilterInternal(FilterChainProxy.java:233)
	at org.springframework.security.web.FilterChainProxy.doFilter(FilterChainProxy.java:191)
	at org.springframework.web.filter.CompositeFilter$VirtualFilterChain.doFilter(CompositeFilter.java:113)
	at org.springframework.web.servlet.handler.HandlerMappingIntrospector.lambda$createCacheFilter$3(HandlerMappingIntrospector.java:195)
	at org.springframework.web.filter.CompositeFilter$VirtualFilterChain.doFilter(CompositeFilter.java:113)
	at org.springframework.web.filter.CompositeFilter.doFilter(CompositeFilter.java:74)
	at org.springframework.security.config.annotation.web.configuration.WebMvcSecurityConfiguration$CompositeFilterChainProxy.doFilter(WebMvcSecurityConfiguration.java:230)
	at org.springframework.web.filter.DelegatingFilterProxy.invokeDelegate(DelegatingFilterProxy.java:352)
	at org.springframework.web.filter.DelegatingFilterProxy.doFilter(DelegatingFilterProxy.java:268)
	at org.apache.catalina.core.ApplicationFilterChain.internalDoFilter(ApplicationFilterChain.java:164)
	at org.apache.catalina.core.ApplicationFilterChain.doFilter(ApplicationFilterChain.java:140)
	at org.springframework.web.filter.RequestContextFilter.doFilterInternal(RequestContextFilter.java:100)
	at org.springframework.web.filter.OncePerRequestFilter.doFilter(OncePerRequestFilter.java:116)
	at org.apache.catalina.core.ApplicationFilterChain.internalDoFilter(ApplicationFilterChain.java:164)
	at org.apache.catalina.core.ApplicationFilterChain.doFilter(ApplicationFilterChain.java:140)
	at org.springframework.web.filter.FormContentFilter.doFilterInternal(FormContentFilter.java:93)
	at org.springframework.web.filter.OncePerRequestFilter.doFilter(OncePerRequestFilter.java:116)
	at org.apache.catalina.core.ApplicationFilterChain.internalDoFilter(ApplicationFilterChain.java:164)
	at org.apache.catalina.core.ApplicationFilterChain.doFilter(ApplicationFilterChain.java:140)
	at org.springframework.web.filter.CharacterEncodingFilter.doFilterInternal(CharacterEncodingFilter.java:201)
	at org.springframework.web.filter.OncePerRequestFilter.doFilter(OncePerRequestFilter.java:116)
	at org.apache.catalina.core.ApplicationFilterChain.internalDoFilter(ApplicationFilterChain.java:164)
	at org.apache.catalina.core.ApplicationFilterChain.doFilter(ApplicationFilterChain.java:140)
	at org.apache.catalina.core.StandardWrapperValve.invoke(StandardWrapperValve.java:167)
	at org.apache.catalina.core.StandardContextValve.invoke(StandardContextValve.java:90)
	at org.apache.catalina.authenticator.AuthenticatorBase.invoke(AuthenticatorBase.java:483)
	at org.apache.catalina.core.StandardHostValve.invoke(StandardHostValve.java:115)
	at org.apache.catalina.valves.ErrorReportValve.invoke(ErrorReportValve.java:93)
	at org.apache.catalina.core.StandardEngineValve.invoke(StandardEngineValve.java:74)
	at org.apache.catalina.connector.CoyoteAdapter.service(CoyoteAdapter.java:344)
	at org.apache.coyote.http11.Http11Processor.service(Http11Processor.java:384)
	at org.apache.coyote.AbstractProcessorLight.process(AbstractProcessorLight.java:63)
	at org.apache.coyote.AbstractProtocol$ConnectionHandler.process(AbstractProtocol.java:905)
	at org.apache.tomcat.util.net.NioEndpoint$SocketProcessor.doRun(NioEndpoint.java:1741)
	at org.apache.tomcat.util.net.SocketProcessorBase.run(SocketProcessorBase.java:52)
	at org.apache.tomcat.util.threads.ThreadPoolExecutor.runWorker(ThreadPoolExecutor.java:1190)
	at org.apache.tomcat.util.threads.ThreadPoolExecutor$Worker.run(ThreadPoolExecutor.java:659)
	at org.apache.tomcat.util.threads.TaskThread$WrappingRunnable.run(TaskThread.java:63)
	at java.base/java.lang.Thread.run(Thread.java:840)
14:38:54.994 [main] INFO  n.e.journalApp.JournalApplication - Starting JournalApplication using Java 17.0.17 with PID 12072 (E:\flutter_windows_3.19.4-stable\journalApp\target\classes started by Yash in E:\flutter_windows_3.19.4-stable\journalApp)
14:38:54.998 [main] INFO  n.e.journalApp.JournalApplication - The following 1 profile is active: "dev"
14:38:57.525 [main] INFO  o.s.d.r.c.RepositoryConfigurationDelegate - Multiple Spring Data modules found, entering strict repository configuration mode
14:38:57.529 [main] INFO  o.s.d.r.c.RepositoryConfigurationDelegate - Bootstrapping Spring Data MongoDB repositories in DEFAULT mode.
14:38:58.044 [main] INFO  o.s.d.r.c.RepositoryConfigurationDelegate - Finished Spring Data repository scanning in 502 ms. Found 3 MongoDB repository interfaces.
14:38:58.096 [main] INFO  o.s.d.r.c.RepositoryConfigurationDelegate - Multiple Spring Data modules found, entering strict repository configuration mode
14:38:58.100 [main] INFO  o.s.d.r.c.RepositoryConfigurationDelegate - Bootstrapping Spring Data Redis repositories in DEFAULT mode.
14:38:58.141 [main] INFO  o.s.d.r.c.RepositoryConfigurationExtensionSupport - Spring Data Redis - Could not safely identify store assignment for repository candidate interface net.engineeringdigest.journalApp.repository.ConfigJournalAppRepository; If you want this repository to be a Redis repository, consider annotating your entities with one of these annotations: org.springframework.data.redis.core.RedisHash (preferred), or consider extending one of the following types with your repository: org.springframework.data.keyvalue.repository.KeyValueRepository
14:38:58.143 [main] INFO  o.s.d.r.c.RepositoryConfigurationExtensionSupport - Spring Data Redis - Could not safely identify store assignment for repository candidate interface net.engineeringdigest.journalApp.repository.JournalEntryRepository; If you want this repository to be a Redis repository, consider annotating your entities with one of these annotations: org.springframework.data.redis.core.RedisHash (preferred), or consider extending one of the following types with your repository: org.springframework.data.keyvalue.repository.KeyValueRepository
14:38:58.144 [main] INFO  o.s.d.r.c.RepositoryConfigurationExtensionSupport - Spring Data Redis - Could not safely identify store assignment for repository candidate interface net.engineeringdigest.journalApp.repository.UserRepository; If you want this repository to be a Redis repository, consider annotating your entities with one of these annotations: org.springframework.data.redis.core.RedisHash (preferred), or consider extending one of the following types with your repository: org.springframework.data.keyvalue.repository.KeyValueRepository
14:38:58.144 [main] INFO  o.s.d.r.c.RepositoryConfigurationDelegate - Finished Spring Data repository scanning in 22 ms. Found 0 Redis repository interfaces.
14:39:00.638 [main] INFO  o.s.b.w.e.tomcat.TomcatWebServer - Tomcat initialized with port 8080 (http)
14:39:00.671 [main] INFO  o.a.coyote.http11.Http11NioProtocol - Initializing ProtocolHandler ["http-nio-8080"]
14:39:00.683 [main] INFO  o.a.catalina.core.StandardService - Starting service [Tomcat]
14:39:00.684 [main] INFO  o.a.catalina.core.StandardEngine - Starting Servlet engine: [Apache Tomcat/10.1.30]
14:39:00.976 [main] INFO  o.a.c.c.C.[Tomcat].[localhost].[/] - Initializing Spring embedded WebApplicationContext
14:39:00.977 [main] INFO  o.s.b.w.s.c.ServletWebServerApplicationContext - Root WebApplicationContext: initialization completed in 5838 ms
14:39:01.403 [cluster-ClusterId{value='6975ddadb7f7aa0949b250d4', description='Cluster0'}-srv-cluster0.ofgdpxv.mongodb.net] INFO  org.mongodb.driver.cluster - Adding discovered server ac-l6uagqo-shard-00-02.ofgdpxv.mongodb.net:27017 to client view of cluster
14:39:01.527 [main] INFO  org.mongodb.driver.client - MongoClient with metadata {"application": {"name": "Cluster0"}, "driver": {"name": "mongo-java-driver|sync|spring-boot", "version": "5.0.1"}, "os": {"type": "Windows", "name": "Windows 10", "architecture": "amd64", "version": "10.0"}, "platform": "Java/Microsoft/17.0.17+10-LTS"} created with settings MongoClientSettings{readPreference=primary, writeConcern=WriteConcern{w=null, wTimeout=null ms, journal=null}, retryWrites=true, retryReads=true, readConcern=ReadConcern{level=null}, credential=MongoCredential{mechanism=null, userName='yashu17052000', source='admin', password=<hidden>, mechanismProperties=<hidden>}, transportSettings=null, commandListeners=[], codecRegistry=ProvidersCodecRegistry{codecProviders=[ValueCodecProvider{}, BsonValueCodecProvider{}, DBRefCodecProvider{}, DBObjectCodecProvider{}, DocumentCodecProvider{}, CollectionCodecProvider{}, IterableCodecProvider{}, MapCodecProvider{}, GeoJsonCodecProvider{}, GridFSFileCodecProvider{}, Jsr310CodecProvider{}, JsonObjectCodecProvider{}, BsonCodecProvider{}, EnumCodecProvider{}, com.mongodb.client.model.mql.ExpressionCodecProvider@39c87b42, com.mongodb.Jep395RecordCodecProvider@47fcefb3, com.mongodb.KotlinCodecProvider@236c098]}, loggerSettings=LoggerSettings{maxDocumentLength=1000}, clusterSettings={hosts=[127.0.0.1:27017], srvHost=cluster0.ofgdpxv.mongodb.net, srvServiceName=mongodb, mode=MULTIPLE, requiredClusterType=REPLICA_SET, requiredReplicaSetName='atlas-nbt1cq-shard-0', serverSelector='null', clusterListeners='[]', serverSelectionTimeout='30000 ms', localThreshold='15 ms'}, socketSettings=SocketSettings{connectTimeoutMS=10000, readTimeoutMS=0, receiveBufferSize=0, proxySettings=ProxySettings{host=null, port=null, username=null, password=null}}, heartbeatSocketSettings=SocketSettings{connectTimeoutMS=10000, readTimeoutMS=10000, receiveBufferSize=0, proxySettings=ProxySettings{host=null, port=null, username=null, password=null}}, connectionPoolSettings=ConnectionPoolSettings{maxSize=100, minSize=0, maxWaitTimeMS=120000, maxConnectionLifeTimeMS=0, maxConnectionIdleTimeMS=0, maintenanceInitialDelayMS=0, maintenanceFrequencyMS=60000, connectionPoolListeners=[], maxConnecting=2}, serverSettings=ServerSettings{heartbeatFrequencyMS=10000, minHeartbeatFrequencyMS=500, serverListeners='[]', serverMonitorListeners='[]'}, sslSettings=SslSettings{enabled=true, invalidHostNameAllowed=false, context=null}, applicationName='Cluster0', compressorList=[], uuidRepresentation=JAVA_LEGACY, serverApi=null, autoEncryptionSettings=null, dnsClient=null, inetAddressResolver=null, contextProvider=null}
14:39:01.547 [cluster-ClusterId{value='6975ddadb7f7aa0949b250d4', description='Cluster0'}-srv-cluster0.ofgdpxv.mongodb.net] INFO  org.mongodb.driver.cluster - Adding discovered server ac-l6uagqo-shard-00-00.ofgdpxv.mongodb.net:27017 to client view of cluster
14:39:01.556 [cluster-ClusterId{value='6975ddadb7f7aa0949b250d4', description='Cluster0'}-srv-cluster0.ofgdpxv.mongodb.net] INFO  org.mongodb.driver.cluster - Adding discovered server ac-l6uagqo-shard-00-01.ofgdpxv.mongodb.net:27017 to client view of cluster
14:39:02.720 [cluster-ClusterId{value='6975ddadb7f7aa0949b250d4', description='Cluster0'}-ac-l6uagqo-shard-00-01.ofgdpxv.mongodb.net:27017] INFO  org.mongodb.driver.cluster - Monitor thread successfully connected to server with description ServerDescription{address=ac-l6uagqo-shard-00-01.ofgdpxv.mongodb.net:27017, type=REPLICA_SET_PRIMARY, state=CONNECTED, ok=true, minWireVersion=0, maxWireVersion=25, maxDocumentSize=16777216, logicalSessionTimeoutMinutes=30, roundTripTimeNanos=564775900, setName='atlas-nbt1cq-shard-0', canonicalAddress=ac-l6uagqo-shard-00-01.ofgdpxv.mongodb.net:27017, hosts=[ac-l6uagqo-shard-00-02.ofgdpxv.mongodb.net:27017, ac-l6uagqo-shard-00-01.ofgdpxv.mongodb.net:27017, ac-l6uagqo-shard-00-00.ofgdpxv.mongodb.net:27017], passives=[], arbiters=[], primary='ac-l6uagqo-shard-00-01.ofgdpxv.mongodb.net:27017', tagSet=TagSet{[Tag{name='availabilityZone', value='aps1-az3'}, Tag{name='diskState', value='READY'}, Tag{name='nodeType', value='ELECTABLE'}, Tag{name='provider', value='AWS'}, Tag{name='region', value='AP_SOUTH_1'}, Tag{name='workloadType', value='OPERATIONAL'}]}, electionId=7fffffff0000000000000044, setVersion=25, topologyVersion=TopologyVersion{processId=697249b6ae5dd124968fcbef, counter=6}, lastWriteDate=Sun Jan 25 14:39:01 IST 2026, lastUpdateTimeNanos=930733299829700}
14:39:02.722 [cluster-ClusterId{value='6975ddadb7f7aa0949b250d4', description='Cluster0'}-ac-l6uagqo-shard-00-02.ofgdpxv.mongodb.net:27017] INFO  org.mongodb.driver.cluster - Monitor thread successfully connected to server with description ServerDescription{address=ac-l6uagqo-shard-00-02.ofgdpxv.mongodb.net:27017, type=REPLICA_SET_SECONDARY, state=CONNECTED, ok=true, minWireVersion=0, maxWireVersion=25, maxDocumentSize=16777216, logicalSessionTimeoutMinutes=30, roundTripTimeNanos=566856100, setName='atlas-nbt1cq-shard-0', canonicalAddress=ac-l6uagqo-shard-00-02.ofgdpxv.mongodb.net:27017, hosts=[ac-l6uagqo-shard-00-02.ofgdpxv.mongodb.net:27017, ac-l6uagqo-shard-00-01.ofgdpxv.mongodb.net:27017, ac-l6uagqo-shard-00-00.ofgdpxv.mongodb.net:27017], passives=[], arbiters=[], primary='ac-l6uagqo-shard-00-01.ofgdpxv.mongodb.net:27017', tagSet=TagSet{[Tag{name='availabilityZone', value='aps1-az2'}, Tag{name='diskState', value='READY'}, Tag{name='nodeType', value='ELECTABLE'}, Tag{name='provider', value='AWS'}, Tag{name='region', value='AP_SOUTH_1'}, Tag{name='workloadType', value='OPERATIONAL'}]}, electionId=null, setVersion=25, topologyVersion=TopologyVersion{processId=697249fc870135aae8859e2b, counter=3}, lastWriteDate=Sun Jan 25 14:39:01 IST 2026, lastUpdateTimeNanos=930733300581400}
14:39:02.723 [cluster-ClusterId{value='6975ddadb7f7aa0949b250d4', description='Cluster0'}-ac-l6uagqo-shard-00-00.ofgdpxv.mongodb.net:27017] INFO  org.mongodb.driver.cluster - Monitor thread successfully connected to server with description ServerDescription{address=ac-l6uagqo-shard-00-00.ofgdpxv.mongodb.net:27017, type=REPLICA_SET_SECONDARY, state=CONNECTED, ok=true, minWireVersion=0, maxWireVersion=25, maxDocumentSize=16777216, logicalSessionTimeoutMinutes=30, roundTripTimeNanos=565056400, setName='atlas-nbt1cq-shard-0', canonicalAddress=ac-l6uagqo-shard-00-00.ofgdpxv.mongodb.net:27017, hosts=[ac-l6uagqo-shard-00-02.ofgdpxv.mongodb.net:27017, ac-l6uagqo-shard-00-01.ofgdpxv.mongodb.net:27017, ac-l6uagqo-shard-00-00.ofgdpxv.mongodb.net:27017], passives=[], arbiters=[], primary='ac-l6uagqo-shard-00-01.ofgdpxv.mongodb.net:27017', tagSet=TagSet{[Tag{name='availabilityZone', value='aps1-az1'}, Tag{name='diskState', value='READY'}, Tag{name='nodeType', value='ELECTABLE'}, Tag{name='provider', value='AWS'}, Tag{name='region', value='AP_SOUTH_1'}, Tag{name='workloadType', value='OPERATIONAL'}]}, electionId=null, setVersion=25, topologyVersion=TopologyVersion{processId=69724970171d573d39dfaf2c, counter=4}, lastWriteDate=Sun Jan 25 14:39:01 IST 2026, lastUpdateTimeNanos=930733298838000}
14:39:02.730 [cluster-ClusterId{value='6975ddadb7f7aa0949b250d4', description='Cluster0'}-ac-l6uagqo-shard-00-01.ofgdpxv.mongodb.net:27017] INFO  org.mongodb.driver.cluster - Discovered replica set primary ac-l6uagqo-shard-00-01.ofgdpxv.mongodb.net:27017 with max election id 7fffffff0000000000000044 and max set version 25
14:39:04.316 [main] WARN  o.s.s.c.a.a.c.InitializeUserDetailsBeanManagerConfigurer$InitializeUserDetailsManagerConfigurer - Global AuthenticationManager configured with an AuthenticationProvider bean. UserDetailsService beans will not be used for username/password login. Consider removing the AuthenticationProvider bean. Alternatively, consider using the UserDetailsService in a manually instantiated DaoAuthenticationProvider.
14:39:09.340 [main] INFO  o.a.coyote.http11.Http11NioProtocol - Starting ProtocolHandler ["http-nio-8080"]
14:39:09.385 [main] INFO  o.s.b.w.e.tomcat.TomcatWebServer - Tomcat started on port 8080 (http) with context path '/'
14:39:09.424 [main] INFO  n.e.journalApp.JournalApplication - Started JournalApplication in 15.229 seconds (process running for 16.547)
14:39:14.004 [http-nio-8080-exec-2] INFO  o.a.c.c.C.[Tomcat].[localhost].[/] - Initializing Spring DispatcherServlet 'dispatcherServlet'
14:39:14.007 [http-nio-8080-exec-2] INFO  o.s.web.servlet.DispatcherServlet - Initializing Servlet 'dispatcherServlet'
14:39:14.011 [http-nio-8080-exec-2] INFO  o.s.web.servlet.DispatcherServlet - Completed initialization in 3 ms
14:39:14.461 [http-nio-8080-exec-2] ERROR o.a.c.c.C.[.[.[.[dispatcherServlet] - Servlet.service() for servlet [dispatcherServlet] in context with path [] threw exception
io.jsonwebtoken.ExpiredJwtException: JWT expired 651459 milliseconds ago at 2026-01-25T08:58:23.000Z. Current time: 2026-01-25T09:09:14.459Z. Allowed clock skew: 0 milliseconds.
	at io.jsonwebtoken.impl.DefaultJwtParser.parse(DefaultJwtParser.java:682)
	at io.jsonwebtoken.impl.DefaultJwtParser.parse(DefaultJwtParser.java:362)
	at io.jsonwebtoken.impl.DefaultJwtParser.parse(DefaultJwtParser.java:94)
	at io.jsonwebtoken.impl.io.AbstractParser.parse(AbstractParser.java:36)
	at io.jsonwebtoken.impl.io.AbstractParser.parse(AbstractParser.java:29)
	at io.jsonwebtoken.impl.DefaultJwtParser.parseSignedClaims(DefaultJwtParser.java:821)
	at net.engineeringdigest.journalApp.utils.JwtUtil.extractAllClaims(JwtUtil.java:34)
	at net.engineeringdigest.journalApp.utils.JwtUtil.extractUsername(JwtUtil.java:22)
	at net.engineeringdigest.journalApp.filter.JwtFilter.doFilterInternal(JwtFilter.java:33)
	at org.springframework.web.filter.OncePerRequestFilter.doFilter(OncePerRequestFilter.java:116)
	at org.springframework.security.web.FilterChainProxy$VirtualFilterChain.doFilter(FilterChainProxy.java:374)
	at org.springframework.security.web.authentication.logout.LogoutFilter.doFilter(LogoutFilter.java:107)
	at org.springframework.security.web.authentication.logout.LogoutFilter.doFilter(LogoutFilter.java:93)
	at org.springframework.security.web.FilterChainProxy$VirtualFilterChain.doFilter(FilterChainProxy.java:374)
	at org.springframework.web.filter.CorsFilter.doFilterInternal(CorsFilter.java:91)
	at org.springframework.web.filter.OncePerRequestFilter.doFilter(OncePerRequestFilter.java:116)
	at org.springframework.security.web.FilterChainProxy$VirtualFilterChain.doFilter(FilterChainProxy.java:374)
	at org.springframework.security.web.header.HeaderWriterFilter.doHeadersAfter(HeaderWriterFilter.java:90)
	at org.springframework.security.web.header.HeaderWriterFilter.doFilterInternal(HeaderWriterFilter.java:75)
	at org.springframework.web.filter.OncePerRequestFilter.doFilter(OncePerRequestFilter.java:116)
	at org.springframework.security.web.FilterChainProxy$VirtualFilterChain.doFilter(FilterChainProxy.java:374)
	at org.springframework.security.web.context.SecurityContextHolderFilter.doFilter(SecurityContextHolderFilter.java:82)
	at org.springframework.security.web.context.SecurityContextHolderFilter.doFilter(SecurityContextHolderFilter.java:69)
	at org.springframework.security.web.FilterChainProxy$VirtualFilterChain.doFilter(FilterChainProxy.java:374)
	at org.springframework.security.web.context.request.async.WebAsyncManagerIntegrationFilter.doFilterInternal(WebAsyncManagerIntegrationFilter.java:62)
	at org.springframework.web.filter.OncePerRequestFilter.doFilter(OncePerRequestFilter.java:116)
	at org.springframework.security.web.FilterChainProxy$VirtualFilterChain.doFilter(FilterChainProxy.java:374)
	at org.springframework.security.web.session.DisableEncodeUrlFilter.doFilterInternal(DisableEncodeUrlFilter.java:42)
	at org.springframework.web.filter.OncePerRequestFilter.doFilter(OncePerRequestFilter.java:116)
	at org.springframework.security.web.FilterChainProxy$VirtualFilterChain.doFilter(FilterChainProxy.java:374)
	at org.springframework.security.web.FilterChainProxy.doFilterInternal(FilterChainProxy.java:233)
	at org.springframework.security.web.FilterChainProxy.doFilter(FilterChainProxy.java:191)
	at org.springframework.web.filter.CompositeFilter$VirtualFilterChain.doFilter(CompositeFilter.java:113)
	at org.springframework.web.servlet.handler.HandlerMappingIntrospector.lambda$createCacheFilter$3(HandlerMappingIntrospector.java:195)
	at org.springframework.web.filter.CompositeFilter$VirtualFilterChain.doFilter(CompositeFilter.java:113)
	at org.springframework.web.filter.CompositeFilter.doFilter(CompositeFilter.java:74)
	at org.springframework.security.config.annotation.web.configuration.WebMvcSecurityConfiguration$CompositeFilterChainProxy.doFilter(WebMvcSecurityConfiguration.java:230)
	at org.springframework.web.filter.DelegatingFilterProxy.invokeDelegate(DelegatingFilterProxy.java:352)
	at org.springframework.web.filter.DelegatingFilterProxy.doFilter(DelegatingFilterProxy.java:268)
	at org.apache.catalina.core.ApplicationFilterChain.internalDoFilter(ApplicationFilterChain.java:164)
	at org.apache.catalina.core.ApplicationFilterChain.doFilter(ApplicationFilterChain.java:140)
	at org.springframework.web.filter.RequestContextFilter.doFilterInternal(RequestContextFilter.java:100)
	at org.springframework.web.filter.OncePerRequestFilter.doFilter(OncePerRequestFilter.java:116)
	at org.apache.catalina.core.ApplicationFilterChain.internalDoFilter(ApplicationFilterChain.java:164)
	at org.apache.catalina.core.ApplicationFilterChain.doFilter(ApplicationFilterChain.java:140)
	at org.springframework.web.filter.FormContentFilter.doFilterInternal(FormContentFilter.java:93)
	at org.springframework.web.filter.OncePerRequestFilter.doFilter(OncePerRequestFilter.java:116)
	at org.apache.catalina.core.ApplicationFilterChain.internalDoFilter(ApplicationFilterChain.java:164)
	at org.apache.catalina.core.ApplicationFilterChain.doFilter(ApplicationFilterChain.java:140)
	at org.springframework.web.filter.CharacterEncodingFilter.doFilterInternal(CharacterEncodingFilter.java:201)
	at org.springframework.web.filter.OncePerRequestFilter.doFilter(OncePerRequestFilter.java:116)
	at org.apache.catalina.core.ApplicationFilterChain.internalDoFilter(ApplicationFilterChain.java:164)
	at org.apache.catalina.core.ApplicationFilterChain.doFilter(ApplicationFilterChain.java:140)
	at org.apache.catalina.core.StandardWrapperValve.invoke(StandardWrapperValve.java:167)
	at org.apache.catalina.core.StandardContextValve.invoke(StandardContextValve.java:90)
	at org.apache.catalina.authenticator.AuthenticatorBase.invoke(AuthenticatorBase.java:483)
	at org.apache.catalina.core.StandardHostValve.invoke(StandardHostValve.java:115)
	at org.apache.catalina.valves.ErrorReportValve.invoke(ErrorReportValve.java:93)
	at org.apache.catalina.core.StandardEngineValve.invoke(StandardEngineValve.java:74)
	at org.apache.catalina.connector.CoyoteAdapter.service(CoyoteAdapter.java:344)
	at org.apache.coyote.http11.Http11Processor.service(Http11Processor.java:384)
	at org.apache.coyote.AbstractProcessorLight.process(AbstractProcessorLight.java:63)
	at org.apache.coyote.AbstractProtocol$ConnectionHandler.process(AbstractProtocol.java:905)
	at org.apache.tomcat.util.net.NioEndpoint$SocketProcessor.doRun(NioEndpoint.java:1741)
	at org.apache.tomcat.util.net.SocketProcessorBase.run(SocketProcessorBase.java:52)
	at org.apache.tomcat.util.threads.ThreadPoolExecutor.runWorker(ThreadPoolExecutor.java:1190)
	at org.apache.tomcat.util.threads.ThreadPoolExecutor$Worker.run(ThreadPoolExecutor.java:659)
	at org.apache.tomcat.util.threads.TaskThread$WrappingRunnable.run(TaskThread.java:63)
	at java.base/java.lang.Thread.run(Thread.java:840)
14:39:48.886 [main] INFO  n.e.journalApp.JournalApplication - Starting JournalApplication using Java 17.0.17 with PID 8708 (E:\flutter_windows_3.19.4-stable\journalApp\target\classes started by Yash in E:\flutter_windows_3.19.4-stable\journalApp)
14:39:48.895 [main] INFO  n.e.journalApp.JournalApplication - The following 1 profile is active: "dev"
14:39:51.312 [main] INFO  o.s.d.r.c.RepositoryConfigurationDelegate - Multiple Spring Data modules found, entering strict repository configuration mode
14:39:51.315 [main] INFO  o.s.d.r.c.RepositoryConfigurationDelegate - Bootstrapping Spring Data MongoDB repositories in DEFAULT mode.
14:39:51.740 [main] INFO  o.s.d.r.c.RepositoryConfigurationDelegate - Finished Spring Data repository scanning in 414 ms. Found 3 MongoDB repository interfaces.
14:39:51.790 [main] INFO  o.s.d.r.c.RepositoryConfigurationDelegate - Multiple Spring Data modules found, entering strict repository configuration mode
14:39:51.793 [main] INFO  o.s.d.r.c.RepositoryConfigurationDelegate - Bootstrapping Spring Data Redis repositories in DEFAULT mode.
14:39:51.837 [main] INFO  o.s.d.r.c.RepositoryConfigurationExtensionSupport - Spring Data Redis - Could not safely identify store assignment for repository candidate interface net.engineeringdigest.journalApp.repository.ConfigJournalAppRepository; If you want this repository to be a Redis repository, consider annotating your entities with one of these annotations: org.springframework.data.redis.core.RedisHash (preferred), or consider extending one of the following types with your repository: org.springframework.data.keyvalue.repository.KeyValueRepository
14:39:51.838 [main] INFO  o.s.d.r.c.RepositoryConfigurationExtensionSupport - Spring Data Redis - Could not safely identify store assignment for repository candidate interface net.engineeringdigest.journalApp.repository.JournalEntryRepository; If you want this repository to be a Redis repository, consider annotating your entities with one of these annotations: org.springframework.data.redis.core.RedisHash (preferred), or consider extending one of the following types with your repository: org.springframework.data.keyvalue.repository.KeyValueRepository
14:39:51.838 [main] INFO  o.s.d.r.c.RepositoryConfigurationExtensionSupport - Spring Data Redis - Could not safely identify store assignment for repository candidate interface net.engineeringdigest.journalApp.repository.UserRepository; If you want this repository to be a Redis repository, consider annotating your entities with one of these annotations: org.springframework.data.redis.core.RedisHash (preferred), or consider extending one of the following types with your repository: org.springframework.data.keyvalue.repository.KeyValueRepository
14:39:51.839 [main] INFO  o.s.d.r.c.RepositoryConfigurationDelegate - Finished Spring Data repository scanning in 24 ms. Found 0 Redis repository interfaces.
14:39:53.481 [main] INFO  o.s.b.w.e.tomcat.TomcatWebServer - Tomcat initialized with port 8080 (http)
14:39:53.522 [main] INFO  o.a.coyote.http11.Http11NioProtocol - Initializing ProtocolHandler ["http-nio-8080"]
14:39:53.531 [main] INFO  o.a.catalina.core.StandardService - Starting service [Tomcat]
14:39:53.533 [main] INFO  o.a.catalina.core.StandardEngine - Starting Servlet engine: [Apache Tomcat/10.1.30]
14:39:53.729 [main] INFO  o.a.c.c.C.[Tomcat].[localhost].[/] - Initializing Spring embedded WebApplicationContext
14:39:53.731 [main] INFO  o.s.b.w.s.c.ServletWebServerApplicationContext - Root WebApplicationContext: initialization completed in 4648 ms
14:39:54.129 [cluster-ClusterId{value='6975dde2ed31027360dc3cb4', description='Cluster0'}-srv-cluster0.ofgdpxv.mongodb.net] INFO  org.mongodb.driver.cluster - Adding discovered server ac-l6uagqo-shard-00-02.ofgdpxv.mongodb.net:27017 to client view of cluster
14:39:54.212 [main] INFO  org.mongodb.driver.client - MongoClient with metadata {"application": {"name": "Cluster0"}, "driver": {"name": "mongo-java-driver|sync|spring-boot", "version": "5.0.1"}, "os": {"type": "Windows", "name": "Windows 10", "architecture": "amd64", "version": "10.0"}, "platform": "Java/Microsoft/17.0.17+10-LTS"} created with settings MongoClientSettings{readPreference=primary, writeConcern=WriteConcern{w=null, wTimeout=null ms, journal=null}, retryWrites=true, retryReads=true, readConcern=ReadConcern{level=null}, credential=MongoCredential{mechanism=null, userName='yashu17052000', source='admin', password=<hidden>, mechanismProperties=<hidden>}, transportSettings=null, commandListeners=[], codecRegistry=ProvidersCodecRegistry{codecProviders=[ValueCodecProvider{}, BsonValueCodecProvider{}, DBRefCodecProvider{}, DBObjectCodecProvider{}, DocumentCodecProvider{}, CollectionCodecProvider{}, IterableCodecProvider{}, MapCodecProvider{}, GeoJsonCodecProvider{}, GridFSFileCodecProvider{}, Jsr310CodecProvider{}, JsonObjectCodecProvider{}, BsonCodecProvider{}, EnumCodecProvider{}, com.mongodb.client.model.mql.ExpressionCodecProvider@5fb54740, com.mongodb.Jep395RecordCodecProvider@325162e9, com.mongodb.KotlinCodecProvider@1ee40b5c]}, loggerSettings=LoggerSettings{maxDocumentLength=1000}, clusterSettings={hosts=[127.0.0.1:27017], srvHost=cluster0.ofgdpxv.mongodb.net, srvServiceName=mongodb, mode=MULTIPLE, requiredClusterType=REPLICA_SET, requiredReplicaSetName='atlas-nbt1cq-shard-0', serverSelector='null', clusterListeners='[]', serverSelectionTimeout='30000 ms', localThreshold='15 ms'}, socketSettings=SocketSettings{connectTimeoutMS=10000, readTimeoutMS=0, receiveBufferSize=0, proxySettings=ProxySettings{host=null, port=null, username=null, password=null}}, heartbeatSocketSettings=SocketSettings{connectTimeoutMS=10000, readTimeoutMS=10000, receiveBufferSize=0, proxySettings=ProxySettings{host=null, port=null, username=null, password=null}}, connectionPoolSettings=ConnectionPoolSettings{maxSize=100, minSize=0, maxWaitTimeMS=120000, maxConnectionLifeTimeMS=0, maxConnectionIdleTimeMS=0, maintenanceInitialDelayMS=0, maintenanceFrequencyMS=60000, connectionPoolListeners=[], maxConnecting=2}, serverSettings=ServerSettings{heartbeatFrequencyMS=10000, minHeartbeatFrequencyMS=500, serverListeners='[]', serverMonitorListeners='[]'}, sslSettings=SslSettings{enabled=true, invalidHostNameAllowed=false, context=null}, applicationName='Cluster0', compressorList=[], uuidRepresentation=JAVA_LEGACY, serverApi=null, autoEncryptionSettings=null, dnsClient=null, inetAddressResolver=null, contextProvider=null}
14:39:54.223 [cluster-ClusterId{value='6975dde2ed31027360dc3cb4', description='Cluster0'}-srv-cluster0.ofgdpxv.mongodb.net] INFO  org.mongodb.driver.cluster - Adding discovered server ac-l6uagqo-shard-00-00.ofgdpxv.mongodb.net:27017 to client view of cluster
14:39:54.239 [cluster-ClusterId{value='6975dde2ed31027360dc3cb4', description='Cluster0'}-srv-cluster0.ofgdpxv.mongodb.net] INFO  org.mongodb.driver.cluster - Adding discovered server ac-l6uagqo-shard-00-01.ofgdpxv.mongodb.net:27017 to client view of cluster
14:39:55.302 [cluster-ClusterId{value='6975dde2ed31027360dc3cb4', description='Cluster0'}-ac-l6uagqo-shard-00-00.ofgdpxv.mongodb.net:27017] INFO  org.mongodb.driver.cluster - Monitor thread successfully connected to server with description ServerDescription{address=ac-l6uagqo-shard-00-00.ofgdpxv.mongodb.net:27017, type=REPLICA_SET_SECONDARY, state=CONNECTED, ok=true, minWireVersion=0, maxWireVersion=25, maxDocumentSize=16777216, logicalSessionTimeoutMinutes=30, roundTripTimeNanos=516099700, setName='atlas-nbt1cq-shard-0', canonicalAddress=ac-l6uagqo-shard-00-00.ofgdpxv.mongodb.net:27017, hosts=[ac-l6uagqo-shard-00-02.ofgdpxv.mongodb.net:27017, ac-l6uagqo-shard-00-01.ofgdpxv.mongodb.net:27017, ac-l6uagqo-shard-00-00.ofgdpxv.mongodb.net:27017], passives=[], arbiters=[], primary='ac-l6uagqo-shard-00-01.ofgdpxv.mongodb.net:27017', tagSet=TagSet{[Tag{name='availabilityZone', value='aps1-az1'}, Tag{name='diskState', value='READY'}, Tag{name='nodeType', value='ELECTABLE'}, Tag{name='provider', value='AWS'}, Tag{name='region', value='AP_SOUTH_1'}, Tag{name='workloadType', value='OPERATIONAL'}]}, electionId=null, setVersion=25, topologyVersion=TopologyVersion{processId=69724970171d573d39dfaf2c, counter=4}, lastWriteDate=Sun Jan 25 14:39:54 IST 2026, lastUpdateTimeNanos=930785883314800}
14:39:55.304 [cluster-ClusterId{value='6975dde2ed31027360dc3cb4', description='Cluster0'}-ac-l6uagqo-shard-00-01.ofgdpxv.mongodb.net:27017] INFO  org.mongodb.driver.cluster - Monitor thread successfully connected to server with description ServerDescription{address=ac-l6uagqo-shard-00-01.ofgdpxv.mongodb.net:27017, type=REPLICA_SET_PRIMARY, state=CONNECTED, ok=true, minWireVersion=0, maxWireVersion=25, maxDocumentSize=16777216, logicalSessionTimeoutMinutes=30, roundTripTimeNanos=516945200, setName='atlas-nbt1cq-shard-0', canonicalAddress=ac-l6uagqo-shard-00-01.ofgdpxv.mongodb.net:27017, hosts=[ac-l6uagqo-shard-00-02.ofgdpxv.mongodb.net:27017, ac-l6uagqo-shard-00-01.ofgdpxv.mongodb.net:27017, ac-l6uagqo-shard-00-00.ofgdpxv.mongodb.net:27017], passives=[], arbiters=[], primary='ac-l6uagqo-shard-00-01.ofgdpxv.mongodb.net:27017', tagSet=TagSet{[Tag{name='availabilityZone', value='aps1-az3'}, Tag{name='diskState', value='READY'}, Tag{name='nodeType', value='ELECTABLE'}, Tag{name='provider', value='AWS'}, Tag{name='region', value='AP_SOUTH_1'}, Tag{name='workloadType', value='OPERATIONAL'}]}, electionId=7fffffff0000000000000044, setVersion=25, topologyVersion=TopologyVersion{processId=697249b6ae5dd124968fcbef, counter=6}, lastWriteDate=Sun Jan 25 14:39:54 IST 2026, lastUpdateTimeNanos=930785884222000}
14:39:55.306 [cluster-ClusterId{value='6975dde2ed31027360dc3cb4', description='Cluster0'}-ac-l6uagqo-shard-00-02.ofgdpxv.mongodb.net:27017] INFO  org.mongodb.driver.cluster - Monitor thread successfully connected to server with description ServerDescription{address=ac-l6uagqo-shard-00-02.ofgdpxv.mongodb.net:27017, type=REPLICA_SET_SECONDARY, state=CONNECTED, ok=true, minWireVersion=0, maxWireVersion=25, maxDocumentSize=16777216, logicalSessionTimeoutMinutes=30, roundTripTimeNanos=518007400, setName='atlas-nbt1cq-shard-0', canonicalAddress=ac-l6uagqo-shard-00-02.ofgdpxv.mongodb.net:27017, hosts=[ac-l6uagqo-shard-00-02.ofgdpxv.mongodb.net:27017, ac-l6uagqo-shard-00-01.ofgdpxv.mongodb.net:27017, ac-l6uagqo-shard-00-00.ofgdpxv.mongodb.net:27017], passives=[], arbiters=[], primary='ac-l6uagqo-shard-00-01.ofgdpxv.mongodb.net:27017', tagSet=TagSet{[Tag{name='availabilityZone', value='aps1-az2'}, Tag{name='diskState', value='READY'}, Tag{name='nodeType', value='ELECTABLE'}, Tag{name='provider', value='AWS'}, Tag{name='region', value='AP_SOUTH_1'}, Tag{name='workloadType', value='OPERATIONAL'}]}, electionId=null, setVersion=25, topologyVersion=TopologyVersion{processId=697249fc870135aae8859e2b, counter=3}, lastWriteDate=Sun Jan 25 14:39:54 IST 2026, lastUpdateTimeNanos=930785885263200}
14:39:55.311 [cluster-ClusterId{value='6975dde2ed31027360dc3cb4', description='Cluster0'}-ac-l6uagqo-shard-00-01.ofgdpxv.mongodb.net:27017] INFO  org.mongodb.driver.cluster - Discovered replica set primary ac-l6uagqo-shard-00-01.ofgdpxv.mongodb.net:27017 with max election id 7fffffff0000000000000044 and max set version 25
14:39:56.706 [main] WARN  o.s.s.c.a.a.c.InitializeUserDetailsBeanManagerConfigurer$InitializeUserDetailsManagerConfigurer - Global AuthenticationManager configured with an AuthenticationProvider bean. UserDetailsService beans will not be used for username/password login. Consider removing the AuthenticationProvider bean. Alternatively, consider using the UserDetailsService in a manually instantiated DaoAuthenticationProvider.
14:40:01.257 [main] INFO  o.a.coyote.http11.Http11NioProtocol - Starting ProtocolHandler ["http-nio-8080"]
14:40:01.299 [main] INFO  o.s.b.w.e.tomcat.TomcatWebServer - Tomcat started on port 8080 (http) with context path '/'
14:40:01.338 [main] INFO  n.e.journalApp.JournalApplication - Started JournalApplication in 13.421 seconds (process running for 15.048)
14:40:40.716 [http-nio-8080-exec-2] INFO  o.a.c.c.C.[Tomcat].[localhost].[/] - Initializing Spring DispatcherServlet 'dispatcherServlet'
14:40:40.719 [http-nio-8080-exec-2] INFO  o.s.web.servlet.DispatcherServlet - Initializing Servlet 'dispatcherServlet'
14:40:40.721 [http-nio-8080-exec-2] INFO  o.s.web.servlet.DispatcherServlet - Completed initialization in 1 ms
14:42:15.900 [main] INFO  n.e.journalApp.JournalApplication - Starting JournalApplication using Java 17.0.17 with PID 7784 (E:\flutter_windows_3.19.4-stable\journalApp\target\classes started by Yash in E:\flutter_windows_3.19.4-stable\journalApp)
14:42:15.905 [main] INFO  n.e.journalApp.JournalApplication - The following 1 profile is active: "dev"
14:42:18.335 [main] INFO  o.s.d.r.c.RepositoryConfigurationDelegate - Multiple Spring Data modules found, entering strict repository configuration mode
14:42:18.339 [main] INFO  o.s.d.r.c.RepositoryConfigurationDelegate - Bootstrapping Spring Data MongoDB repositories in DEFAULT mode.
14:42:18.739 [main] INFO  o.s.d.r.c.RepositoryConfigurationDelegate - Finished Spring Data repository scanning in 389 ms. Found 3 MongoDB repository interfaces.
14:42:18.785 [main] INFO  o.s.d.r.c.RepositoryConfigurationDelegate - Multiple Spring Data modules found, entering strict repository configuration mode
14:42:18.788 [main] INFO  o.s.d.r.c.RepositoryConfigurationDelegate - Bootstrapping Spring Data Redis repositories in DEFAULT mode.
14:42:18.830 [main] INFO  o.s.d.r.c.RepositoryConfigurationExtensionSupport - Spring Data Redis - Could not safely identify store assignment for repository candidate interface net.engineeringdigest.journalApp.repository.ConfigJournalAppRepository; If you want this repository to be a Redis repository, consider annotating your entities with one of these annotations: org.springframework.data.redis.core.RedisHash (preferred), or consider extending one of the following types with your repository: org.springframework.data.keyvalue.repository.KeyValueRepository
14:42:18.831 [main] INFO  o.s.d.r.c.RepositoryConfigurationExtensionSupport - Spring Data Redis - Could not safely identify store assignment for repository candidate interface net.engineeringdigest.journalApp.repository.JournalEntryRepository; If you want this repository to be a Redis repository, consider annotating your entities with one of these annotations: org.springframework.data.redis.core.RedisHash (preferred), or consider extending one of the following types with your repository: org.springframework.data.keyvalue.repository.KeyValueRepository
14:42:18.832 [main] INFO  o.s.d.r.c.RepositoryConfigurationExtensionSupport - Spring Data Redis - Could not safely identify store assignment for repository candidate interface net.engineeringdigest.journalApp.repository.UserRepository; If you want this repository to be a Redis repository, consider annotating your entities with one of these annotations: org.springframework.data.redis.core.RedisHash (preferred), or consider extending one of the following types with your repository: org.springframework.data.keyvalue.repository.KeyValueRepository
14:42:18.832 [main] INFO  o.s.d.r.c.RepositoryConfigurationDelegate - Finished Spring Data repository scanning in 23 ms. Found 0 Redis repository interfaces.
14:42:20.418 [main] INFO  o.s.b.w.e.tomcat.TomcatWebServer - Tomcat initialized with port 8080 (http)
14:42:20.438 [main] INFO  o.a.coyote.http11.Http11NioProtocol - Initializing ProtocolHandler ["http-nio-8080"]
14:42:20.447 [main] INFO  o.a.catalina.core.StandardService - Starting service [Tomcat]
14:42:20.448 [main] INFO  o.a.catalina.core.StandardEngine - Starting Servlet engine: [Apache Tomcat/10.1.30]
14:42:20.640 [main] INFO  o.a.c.c.C.[Tomcat].[localhost].[/] - Initializing Spring embedded WebApplicationContext
14:42:20.642 [main] INFO  o.s.b.w.s.c.ServletWebServerApplicationContext - Root WebApplicationContext: initialization completed in 4580 ms
14:42:21.118 [cluster-ClusterId{value='6975de748ea09b0ad1c7b0a9', description='Cluster0'}-srv-cluster0.ofgdpxv.mongodb.net] INFO  org.mongodb.driver.cluster - Adding discovered server ac-l6uagqo-shard-00-02.ofgdpxv.mongodb.net:27017 to client view of cluster
14:42:21.172 [main] INFO  org.mongodb.driver.client - MongoClient with metadata {"application": {"name": "Cluster0"}, "driver": {"name": "mongo-java-driver|sync|spring-boot", "version": "5.0.1"}, "os": {"type": "Windows", "name": "Windows 10", "architecture": "amd64", "version": "10.0"}, "platform": "Java/Microsoft/17.0.17+10-LTS"} created with settings MongoClientSettings{readPreference=primary, writeConcern=WriteConcern{w=null, wTimeout=null ms, journal=null}, retryWrites=true, retryReads=true, readConcern=ReadConcern{level=null}, credential=MongoCredential{mechanism=null, userName='yashu17052000', source='admin', password=<hidden>, mechanismProperties=<hidden>}, transportSettings=null, commandListeners=[], codecRegistry=ProvidersCodecRegistry{codecProviders=[ValueCodecProvider{}, BsonValueCodecProvider{}, DBRefCodecProvider{}, DBObjectCodecProvider{}, DocumentCodecProvider{}, CollectionCodecProvider{}, IterableCodecProvider{}, MapCodecProvider{}, GeoJsonCodecProvider{}, GridFSFileCodecProvider{}, Jsr310CodecProvider{}, JsonObjectCodecProvider{}, BsonCodecProvider{}, EnumCodecProvider{}, com.mongodb.client.model.mql.ExpressionCodecProvider@3079c26a, com.mongodb.Jep395RecordCodecProvider@1e2445f6, com.mongodb.KotlinCodecProvider@17ec335a]}, loggerSettings=LoggerSettings{maxDocumentLength=1000}, clusterSettings={hosts=[127.0.0.1:27017], srvHost=cluster0.ofgdpxv.mongodb.net, srvServiceName=mongodb, mode=MULTIPLE, requiredClusterType=REPLICA_SET, requiredReplicaSetName='atlas-nbt1cq-shard-0', serverSelector='null', clusterListeners='[]', serverSelectionTimeout='30000 ms', localThreshold='15 ms'}, socketSettings=SocketSettings{connectTimeoutMS=10000, readTimeoutMS=0, receiveBufferSize=0, proxySettings=ProxySettings{host=null, port=null, username=null, password=null}}, heartbeatSocketSettings=SocketSettings{connectTimeoutMS=10000, readTimeoutMS=10000, receiveBufferSize=0, proxySettings=ProxySettings{host=null, port=null, username=null, password=null}}, connectionPoolSettings=ConnectionPoolSettings{maxSize=100, minSize=0, maxWaitTimeMS=120000, maxConnectionLifeTimeMS=0, maxConnectionIdleTimeMS=0, maintenanceInitialDelayMS=0, maintenanceFrequencyMS=60000, connectionPoolListeners=[], maxConnecting=2}, serverSettings=ServerSettings{heartbeatFrequencyMS=10000, minHeartbeatFrequencyMS=500, serverListeners='[]', serverMonitorListeners='[]'}, sslSettings=SslSettings{enabled=true, invalidHostNameAllowed=false, context=null}, applicationName='Cluster0', compressorList=[], uuidRepresentation=JAVA_LEGACY, serverApi=null, autoEncryptionSettings=null, dnsClient=null, inetAddressResolver=null, contextProvider=null}
14:42:21.196 [cluster-ClusterId{value='6975de748ea09b0ad1c7b0a9', description='Cluster0'}-srv-cluster0.ofgdpxv.mongodb.net] INFO  org.mongodb.driver.cluster - Adding discovered server ac-l6uagqo-shard-00-00.ofgdpxv.mongodb.net:27017 to client view of cluster
14:42:21.207 [cluster-ClusterId{value='6975de748ea09b0ad1c7b0a9', description='Cluster0'}-srv-cluster0.ofgdpxv.mongodb.net] INFO  org.mongodb.driver.cluster - Adding discovered server ac-l6uagqo-shard-00-01.ofgdpxv.mongodb.net:27017 to client view of cluster
14:42:22.319 [cluster-ClusterId{value='6975de748ea09b0ad1c7b0a9', description='Cluster0'}-ac-l6uagqo-shard-00-01.ofgdpxv.mongodb.net:27017] INFO  org.mongodb.driver.cluster - Monitor thread successfully connected to server with description ServerDescription{address=ac-l6uagqo-shard-00-01.ofgdpxv.mongodb.net:27017, type=REPLICA_SET_PRIMARY, state=CONNECTED, ok=true, minWireVersion=0, maxWireVersion=25, maxDocumentSize=16777216, logicalSessionTimeoutMinutes=30, roundTripTimeNanos=532111000, setName='atlas-nbt1cq-shard-0', canonicalAddress=ac-l6uagqo-shard-00-01.ofgdpxv.mongodb.net:27017, hosts=[ac-l6uagqo-shard-00-02.ofgdpxv.mongodb.net:27017, ac-l6uagqo-shard-00-01.ofgdpxv.mongodb.net:27017, ac-l6uagqo-shard-00-00.ofgdpxv.mongodb.net:27017], passives=[], arbiters=[], primary='ac-l6uagqo-shard-00-01.ofgdpxv.mongodb.net:27017', tagSet=TagSet{[Tag{name='availabilityZone', value='aps1-az3'}, Tag{name='diskState', value='READY'}, Tag{name='nodeType', value='ELECTABLE'}, Tag{name='provider', value='AWS'}, Tag{name='region', value='AP_SOUTH_1'}, Tag{name='workloadType', value='OPERATIONAL'}]}, electionId=7fffffff0000000000000044, setVersion=25, topologyVersion=TopologyVersion{processId=697249b6ae5dd124968fcbef, counter=6}, lastWriteDate=Sun Jan 25 14:42:21 IST 2026, lastUpdateTimeNanos=930932903217200}
14:42:22.321 [cluster-ClusterId{value='6975de748ea09b0ad1c7b0a9', description='Cluster0'}-ac-l6uagqo-shard-00-02.ofgdpxv.mongodb.net:27017] INFO  org.mongodb.driver.cluster - Monitor thread successfully connected to server with description ServerDescription{address=ac-l6uagqo-shard-00-02.ofgdpxv.mongodb.net:27017, type=REPLICA_SET_SECONDARY, state=CONNECTED, ok=true, minWireVersion=0, maxWireVersion=25, maxDocumentSize=16777216, logicalSessionTimeoutMinutes=30, roundTripTimeNanos=526416300, setName='atlas-nbt1cq-shard-0', canonicalAddress=ac-l6uagqo-shard-00-02.ofgdpxv.mongodb.net:27017, hosts=[ac-l6uagqo-shard-00-02.ofgdpxv.mongodb.net:27017, ac-l6uagqo-shard-00-01.ofgdpxv.mongodb.net:27017, ac-l6uagqo-shard-00-00.ofgdpxv.mongodb.net:27017], passives=[], arbiters=[], primary='ac-l6uagqo-shard-00-01.ofgdpxv.mongodb.net:27017', tagSet=TagSet{[Tag{name='availabilityZone', value='aps1-az2'}, Tag{name='diskState', value='READY'}, Tag{name='nodeType', value='ELECTABLE'}, Tag{name='provider', value='AWS'}, Tag{name='region', value='AP_SOUTH_1'}, Tag{name='workloadType', value='OPERATIONAL'}]}, electionId=null, setVersion=25, topologyVersion=TopologyVersion{processId=697249fc870135aae8859e2b, counter=3}, lastWriteDate=Sun Jan 25 14:42:21 IST 2026, lastUpdateTimeNanos=930932897541500}
14:42:22.321 [cluster-ClusterId{value='6975de748ea09b0ad1c7b0a9', description='Cluster0'}-ac-l6uagqo-shard-00-00.ofgdpxv.mongodb.net:27017] INFO  org.mongodb.driver.cluster - Monitor thread successfully connected to server with description ServerDescription{address=ac-l6uagqo-shard-00-00.ofgdpxv.mongodb.net:27017, type=REPLICA_SET_SECONDARY, state=CONNECTED, ok=true, minWireVersion=0, maxWireVersion=25, maxDocumentSize=16777216, logicalSessionTimeoutMinutes=30, roundTripTimeNanos=526468000, setName='atlas-nbt1cq-shard-0', canonicalAddress=ac-l6uagqo-shard-00-00.ofgdpxv.mongodb.net:27017, hosts=[ac-l6uagqo-shard-00-02.ofgdpxv.mongodb.net:27017, ac-l6uagqo-shard-00-01.ofgdpxv.mongodb.net:27017, ac-l6uagqo-shard-00-00.ofgdpxv.mongodb.net:27017], passives=[], arbiters=[], primary='ac-l6uagqo-shard-00-01.ofgdpxv.mongodb.net:27017', tagSet=TagSet{[Tag{name='availabilityZone', value='aps1-az1'}, Tag{name='diskState', value='READY'}, Tag{name='nodeType', value='ELECTABLE'}, Tag{name='provider', value='AWS'}, Tag{name='region', value='AP_SOUTH_1'}, Tag{name='workloadType', value='OPERATIONAL'}]}, electionId=null, setVersion=25, topologyVersion=TopologyVersion{processId=69724970171d573d39dfaf2c, counter=4}, lastWriteDate=Sun Jan 25 14:42:21 IST 2026, lastUpdateTimeNanos=930932897541500}
14:42:22.327 [cluster-ClusterId{value='6975de748ea09b0ad1c7b0a9', description='Cluster0'}-ac-l6uagqo-shard-00-01.ofgdpxv.mongodb.net:27017] INFO  org.mongodb.driver.cluster - Discovered replica set primary ac-l6uagqo-shard-00-01.ofgdpxv.mongodb.net:27017 with max election id 7fffffff0000000000000044 and max set version 25
14:42:23.933 [main] WARN  o.s.s.c.a.a.c.InitializeUserDetailsBeanManagerConfigurer$InitializeUserDetailsManagerConfigurer - Global AuthenticationManager configured with an AuthenticationProvider bean. UserDetailsService beans will not be used for username/password login. Consider removing the AuthenticationProvider bean. Alternatively, consider using the UserDetailsService in a manually instantiated DaoAuthenticationProvider.
14:42:28.760 [main] INFO  o.a.coyote.http11.Http11NioProtocol - Starting ProtocolHandler ["http-nio-8080"]
14:42:28.821 [main] INFO  o.s.b.w.e.tomcat.TomcatWebServer - Tomcat started on port 8080 (http) with context path '/'
14:42:28.881 [main] INFO  n.e.journalApp.JournalApplication - Started JournalApplication in 13.791 seconds (process running for 15.058)
14:43:27.682 [http-nio-8080-exec-2] INFO  o.a.c.c.C.[Tomcat].[localhost].[/] - Initializing Spring DispatcherServlet 'dispatcherServlet'
14:43:27.683 [http-nio-8080-exec-2] INFO  o.s.web.servlet.DispatcherServlet - Initializing Servlet 'dispatcherServlet'
14:43:27.684 [http-nio-8080-exec-2] INFO  o.s.web.servlet.DispatcherServlet - Completed initialization in 1 ms
14:43:27.952 [http-nio-8080-exec-2] WARN  o.a.c.util.SessionIdGeneratorBase - Creation of SecureRandom instance for session ID generation using [SHA1PRNG] took [114] milliseconds.
14:43:27.977 [http-nio-8080-exec-1] WARN  o.a.c.util.SessionIdGeneratorBase - Creation of SecureRandom instance for session ID generation using [SHA1PRNG] took [148] milliseconds.
14:46:44.455 [main] INFO  n.e.journalApp.JournalApplication - Starting JournalApplication using Java 17.0.17 with PID 13044 (E:\flutter_windows_3.19.4-stable\journalApp\target\classes started by Yash in E:\flutter_windows_3.19.4-stable\journalApp)
14:46:44.459 [main] INFO  n.e.journalApp.JournalApplication - The following 1 profile is active: "dev"
14:46:46.842 [main] INFO  o.s.d.r.c.RepositoryConfigurationDelegate - Multiple Spring Data modules found, entering strict repository configuration mode
14:46:46.845 [main] INFO  o.s.d.r.c.RepositoryConfigurationDelegate - Bootstrapping Spring Data MongoDB repositories in DEFAULT mode.
14:46:47.255 [main] INFO  o.s.d.r.c.RepositoryConfigurationDelegate - Finished Spring Data repository scanning in 399 ms. Found 3 MongoDB repository interfaces.
14:46:47.306 [main] INFO  o.s.d.r.c.RepositoryConfigurationDelegate - Multiple Spring Data modules found, entering strict repository configuration mode
14:46:47.310 [main] INFO  o.s.d.r.c.RepositoryConfigurationDelegate - Bootstrapping Spring Data Redis repositories in DEFAULT mode.
14:46:47.356 [main] INFO  o.s.d.r.c.RepositoryConfigurationExtensionSupport - Spring Data Redis - Could not safely identify store assignment for repository candidate interface net.engineeringdigest.journalApp.repository.ConfigJournalAppRepository; If you want this repository to be a Redis repository, consider annotating your entities with one of these annotations: org.springframework.data.redis.core.RedisHash (preferred), or consider extending one of the following types with your repository: org.springframework.data.keyvalue.repository.KeyValueRepository
14:46:47.357 [main] INFO  o.s.d.r.c.RepositoryConfigurationExtensionSupport - Spring Data Redis - Could not safely identify store assignment for repository candidate interface net.engineeringdigest.journalApp.repository.JournalEntryRepository; If you want this repository to be a Redis repository, consider annotating your entities with one of these annotations: org.springframework.data.redis.core.RedisHash (preferred), or consider extending one of the following types with your repository: org.springframework.data.keyvalue.repository.KeyValueRepository
14:46:47.358 [main] INFO  o.s.d.r.c.RepositoryConfigurationExtensionSupport - Spring Data Redis - Could not safely identify store assignment for repository candidate interface net.engineeringdigest.journalApp.repository.UserRepository; If you want this repository to be a Redis repository, consider annotating your entities with one of these annotations: org.springframework.data.redis.core.RedisHash (preferred), or consider extending one of the following types with your repository: org.springframework.data.keyvalue.repository.KeyValueRepository
14:46:47.358 [main] INFO  o.s.d.r.c.RepositoryConfigurationDelegate - Finished Spring Data repository scanning in 24 ms. Found 0 Redis repository interfaces.
14:46:48.902 [main] INFO  o.s.b.w.e.tomcat.TomcatWebServer - Tomcat initialized with port 8080 (http)
14:46:48.941 [main] INFO  o.a.coyote.http11.Http11NioProtocol - Initializing ProtocolHandler ["http-nio-8080"]
14:46:48.949 [main] INFO  o.a.catalina.core.StandardService - Starting service [Tomcat]
14:46:48.950 [main] INFO  o.a.catalina.core.StandardEngine - Starting Servlet engine: [Apache Tomcat/10.1.30]
14:46:49.163 [main] INFO  o.a.c.c.C.[Tomcat].[localhost].[/] - Initializing Spring embedded WebApplicationContext
14:46:49.164 [main] INFO  o.s.b.w.s.c.ServletWebServerApplicationContext - Root WebApplicationContext: initialization completed in 4557 ms
14:46:49.603 [cluster-ClusterId{value='6975df8175d2096bc692fc17', description='Cluster0'}-srv-cluster0.ofgdpxv.mongodb.net] INFO  org.mongodb.driver.cluster - Adding discovered server ac-l6uagqo-shard-00-02.ofgdpxv.mongodb.net:27017 to client view of cluster
14:46:49.674 [main] INFO  org.mongodb.driver.client - MongoClient with metadata {"application": {"name": "Cluster0"}, "driver": {"name": "mongo-java-driver|sync|spring-boot", "version": "5.0.1"}, "os": {"type": "Windows", "name": "Windows 10", "architecture": "amd64", "version": "10.0"}, "platform": "Java/Microsoft/17.0.17+10-LTS"} created with settings MongoClientSettings{readPreference=primary, writeConcern=WriteConcern{w=null, wTimeout=null ms, journal=null}, retryWrites=true, retryReads=true, readConcern=ReadConcern{level=null}, credential=MongoCredential{mechanism=null, userName='yashu17052000', source='admin', password=<hidden>, mechanismProperties=<hidden>}, transportSettings=null, commandListeners=[], codecRegistry=ProvidersCodecRegistry{codecProviders=[ValueCodecProvider{}, BsonValueCodecProvider{}, DBRefCodecProvider{}, DBObjectCodecProvider{}, DocumentCodecProvider{}, CollectionCodecProvider{}, IterableCodecProvider{}, MapCodecProvider{}, GeoJsonCodecProvider{}, GridFSFileCodecProvider{}, Jsr310CodecProvider{}, JsonObjectCodecProvider{}, BsonCodecProvider{}, EnumCodecProvider{}, com.mongodb.client.model.mql.ExpressionCodecProvider@5c448ef, com.mongodb.Jep395RecordCodecProvider@703e8050, com.mongodb.KotlinCodecProvider@49c1e294]}, loggerSettings=LoggerSettings{maxDocumentLength=1000}, clusterSettings={hosts=[127.0.0.1:27017], srvHost=cluster0.ofgdpxv.mongodb.net, srvServiceName=mongodb, mode=MULTIPLE, requiredClusterType=REPLICA_SET, requiredReplicaSetName='atlas-nbt1cq-shard-0', serverSelector='null', clusterListeners='[]', serverSelectionTimeout='30000 ms', localThreshold='15 ms'}, socketSettings=SocketSettings{connectTimeoutMS=10000, readTimeoutMS=0, receiveBufferSize=0, proxySettings=ProxySettings{host=null, port=null, username=null, password=null}}, heartbeatSocketSettings=SocketSettings{connectTimeoutMS=10000, readTimeoutMS=10000, receiveBufferSize=0, proxySettings=ProxySettings{host=null, port=null, username=null, password=null}}, connectionPoolSettings=ConnectionPoolSettings{maxSize=100, minSize=0, maxWaitTimeMS=120000, maxConnectionLifeTimeMS=0, maxConnectionIdleTimeMS=0, maintenanceInitialDelayMS=0, maintenanceFrequencyMS=60000, connectionPoolListeners=[], maxConnecting=2}, serverSettings=ServerSettings{heartbeatFrequencyMS=10000, minHeartbeatFrequencyMS=500, serverListeners='[]', serverMonitorListeners='[]'}, sslSettings=SslSettings{enabled=true, invalidHostNameAllowed=false, context=null}, applicationName='Cluster0', compressorList=[], uuidRepresentation=JAVA_LEGACY, serverApi=null, autoEncryptionSettings=null, dnsClient=null, inetAddressResolver=null, contextProvider=null}
14:46:49.685 [cluster-ClusterId{value='6975df8175d2096bc692fc17', description='Cluster0'}-srv-cluster0.ofgdpxv.mongodb.net] INFO  org.mongodb.driver.cluster - Adding discovered server ac-l6uagqo-shard-00-00.ofgdpxv.mongodb.net:27017 to client view of cluster
14:46:49.698 [cluster-ClusterId{value='6975df8175d2096bc692fc17', description='Cluster0'}-srv-cluster0.ofgdpxv.mongodb.net] INFO  org.mongodb.driver.cluster - Adding discovered server ac-l6uagqo-shard-00-01.ofgdpxv.mongodb.net:27017 to client view of cluster
14:46:50.815 [cluster-ClusterId{value='6975df8175d2096bc692fc17', description='Cluster0'}-ac-l6uagqo-shard-00-02.ofgdpxv.mongodb.net:27017] INFO  org.mongodb.driver.cluster - Monitor thread successfully connected to server with description ServerDescription{address=ac-l6uagqo-shard-00-02.ofgdpxv.mongodb.net:27017, type=REPLICA_SET_SECONDARY, state=CONNECTED, ok=true, minWireVersion=0, maxWireVersion=25, maxDocumentSize=16777216, logicalSessionTimeoutMinutes=30, roundTripTimeNanos=526268600, setName='atlas-nbt1cq-shard-0', canonicalAddress=ac-l6uagqo-shard-00-02.ofgdpxv.mongodb.net:27017, hosts=[ac-l6uagqo-shard-00-02.ofgdpxv.mongodb.net:27017, ac-l6uagqo-shard-00-01.ofgdpxv.mongodb.net:27017, ac-l6uagqo-shard-00-00.ofgdpxv.mongodb.net:27017], passives=[], arbiters=[], primary='ac-l6uagqo-shard-00-01.ofgdpxv.mongodb.net:27017', tagSet=TagSet{[Tag{name='availabilityZone', value='aps1-az2'}, Tag{name='diskState', value='READY'}, Tag{name='nodeType', value='ELECTABLE'}, Tag{name='provider', value='AWS'}, Tag{name='region', value='AP_SOUTH_1'}, Tag{name='workloadType', value='OPERATIONAL'}]}, electionId=null, setVersion=25, topologyVersion=TopologyVersion{processId=697249fc870135aae8859e2b, counter=3}, lastWriteDate=Sun Jan 25 14:46:49 IST 2026, lastUpdateTimeNanos=931201396445700}
14:46:50.819 [cluster-ClusterId{value='6975df8175d2096bc692fc17', description='Cluster0'}-ac-l6uagqo-shard-00-00.ofgdpxv.mongodb.net:27017] INFO  org.mongodb.driver.cluster - Monitor thread successfully connected to server with description ServerDescription{address=ac-l6uagqo-shard-00-00.ofgdpxv.mongodb.net:27017, type=REPLICA_SET_SECONDARY, state=CONNECTED, ok=true, minWireVersion=0, maxWireVersion=25, maxDocumentSize=16777216, logicalSessionTimeoutMinutes=30, roundTripTimeNanos=532479300, setName='atlas-nbt1cq-shard-0', canonicalAddress=ac-l6uagqo-shard-00-00.ofgdpxv.mongodb.net:27017, hosts=[ac-l6uagqo-shard-00-02.ofgdpxv.mongodb.net:27017, ac-l6uagqo-shard-00-01.ofgdpxv.mongodb.net:27017, ac-l6uagqo-shard-00-00.ofgdpxv.mongodb.net:27017], passives=[], arbiters=[], primary='ac-l6uagqo-shard-00-01.ofgdpxv.mongodb.net:27017', tagSet=TagSet{[Tag{name='availabilityZone', value='aps1-az1'}, Tag{name='diskState', value='READY'}, Tag{name='nodeType', value='ELECTABLE'}, Tag{name='provider', value='AWS'}, Tag{name='region', value='AP_SOUTH_1'}, Tag{name='workloadType', value='OPERATIONAL'}]}, electionId=null, setVersion=25, topologyVersion=TopologyVersion{processId=69724970171d573d39dfaf2c, counter=4}, lastWriteDate=Sun Jan 25 14:46:49 IST 2026, lastUpdateTimeNanos=931201402639500}
14:46:50.823 [cluster-ClusterId{value='6975df8175d2096bc692fc17', description='Cluster0'}-ac-l6uagqo-shard-00-01.ofgdpxv.mongodb.net:27017] INFO  org.mongodb.driver.cluster - Monitor thread successfully connected to server with description ServerDescription{address=ac-l6uagqo-shard-00-01.ofgdpxv.mongodb.net:27017, type=REPLICA_SET_PRIMARY, state=CONNECTED, ok=true, minWireVersion=0, maxWireVersion=25, maxDocumentSize=16777216, logicalSessionTimeoutMinutes=30, roundTripTimeNanos=535961200, setName='atlas-nbt1cq-shard-0', canonicalAddress=ac-l6uagqo-shard-00-01.ofgdpxv.mongodb.net:27017, hosts=[ac-l6uagqo-shard-00-02.ofgdpxv.mongodb.net:27017, ac-l6uagqo-shard-00-01.ofgdpxv.mongodb.net:27017, ac-l6uagqo-shard-00-00.ofgdpxv.mongodb.net:27017], passives=[], arbiters=[], primary='ac-l6uagqo-shard-00-01.ofgdpxv.mongodb.net:27017', tagSet=TagSet{[Tag{name='availabilityZone', value='aps1-az3'}, Tag{name='diskState', value='READY'}, Tag{name='nodeType', value='ELECTABLE'}, Tag{name='provider', value='AWS'}, Tag{name='region', value='AP_SOUTH_1'}, Tag{name='workloadType', value='OPERATIONAL'}]}, electionId=7fffffff0000000000000044, setVersion=25, topologyVersion=TopologyVersion{processId=697249b6ae5dd124968fcbef, counter=6}, lastWriteDate=Sun Jan 25 14:46:49 IST 2026, lastUpdateTimeNanos=931201405805100}
14:46:50.826 [cluster-ClusterId{value='6975df8175d2096bc692fc17', description='Cluster0'}-ac-l6uagqo-shard-00-01.ofgdpxv.mongodb.net:27017] INFO  org.mongodb.driver.cluster - Discovered replica set primary ac-l6uagqo-shard-00-01.ofgdpxv.mongodb.net:27017 with max election id 7fffffff0000000000000044 and max set version 25
14:46:52.119 [main] WARN  o.s.s.c.a.a.c.InitializeUserDetailsBeanManagerConfigurer$InitializeUserDetailsManagerConfigurer - Global AuthenticationManager configured with an AuthenticationProvider bean. UserDetailsService beans will not be used for username/password login. Consider removing the AuthenticationProvider bean. Alternatively, consider using the UserDetailsService in a manually instantiated DaoAuthenticationProvider.
14:46:56.693 [main] INFO  o.a.coyote.http11.Http11NioProtocol - Starting ProtocolHandler ["http-nio-8080"]
14:46:56.735 [main] INFO  o.s.b.w.e.tomcat.TomcatWebServer - Tomcat started on port 8080 (http) with context path '/'
14:46:56.778 [main] INFO  n.e.journalApp.JournalApplication - Started JournalApplication in 13.232 seconds (process running for 14.462)
14:47:30.666 [http-nio-8080-exec-1] INFO  o.a.c.c.C.[Tomcat].[localhost].[/] - Initializing Spring DispatcherServlet 'dispatcherServlet'
14:47:30.666 [http-nio-8080-exec-1] INFO  o.s.web.servlet.DispatcherServlet - Initializing Servlet 'dispatcherServlet'
14:47:30.666 [http-nio-8080-exec-1] INFO  o.s.web.servlet.DispatcherServlet - Completed initialization in 0 ms
14:47:30.984 [http-nio-8080-exec-1] ERROR o.a.c.c.C.[.[.[.[dispatcherServlet] - Servlet.service() for servlet [dispatcherServlet] in context with path [] threw exception
io.jsonwebtoken.ExpiredJwtException: JWT expired 174978 milliseconds ago at 2026-01-25T09:14:36.000Z. Current time: 2026-01-25T09:17:30.978Z. Allowed clock skew: 0 milliseconds.
	at io.jsonwebtoken.impl.DefaultJwtParser.parse(DefaultJwtParser.java:682)
	at io.jsonwebtoken.impl.DefaultJwtParser.parse(DefaultJwtParser.java:362)
	at io.jsonwebtoken.impl.DefaultJwtParser.parse(DefaultJwtParser.java:94)
	at io.jsonwebtoken.impl.io.AbstractParser.parse(AbstractParser.java:36)
	at io.jsonwebtoken.impl.io.AbstractParser.parse(AbstractParser.java:29)
	at io.jsonwebtoken.impl.DefaultJwtParser.parseSignedClaims(DefaultJwtParser.java:821)
	at net.engineeringdigest.journalApp.utils.JwtUtil.extractAllClaims(JwtUtil.java:34)
	at net.engineeringdigest.journalApp.utils.JwtUtil.extractUsername(JwtUtil.java:22)
	at net.engineeringdigest.journalApp.filter.JwtFilter.doFilterInternal(JwtFilter.java:33)
	at org.springframework.web.filter.OncePerRequestFilter.doFilter(OncePerRequestFilter.java:116)
	at org.springframework.security.web.FilterChainProxy$VirtualFilterChain.doFilter(FilterChainProxy.java:374)
	at org.springframework.security.web.authentication.logout.LogoutFilter.doFilter(LogoutFilter.java:107)
	at org.springframework.security.web.authentication.logout.LogoutFilter.doFilter(LogoutFilter.java:93)
	at org.springframework.security.web.FilterChainProxy$VirtualFilterChain.doFilter(FilterChainProxy.java:374)
	at org.springframework.web.filter.CorsFilter.doFilterInternal(CorsFilter.java:91)
	at org.springframework.web.filter.OncePerRequestFilter.doFilter(OncePerRequestFilter.java:116)
	at org.springframework.security.web.FilterChainProxy$VirtualFilterChain.doFilter(FilterChainProxy.java:374)
	at org.springframework.security.web.header.HeaderWriterFilter.doHeadersAfter(HeaderWriterFilter.java:90)
	at org.springframework.security.web.header.HeaderWriterFilter.doFilterInternal(HeaderWriterFilter.java:75)
	at org.springframework.web.filter.OncePerRequestFilter.doFilter(OncePerRequestFilter.java:116)
	at org.springframework.security.web.FilterChainProxy$VirtualFilterChain.doFilter(FilterChainProxy.java:374)
	at org.springframework.security.web.context.SecurityContextHolderFilter.doFilter(SecurityContextHolderFilter.java:82)
	at org.springframework.security.web.context.SecurityContextHolderFilter.doFilter(SecurityContextHolderFilter.java:69)
	at org.springframework.security.web.FilterChainProxy$VirtualFilterChain.doFilter(FilterChainProxy.java:374)
	at org.springframework.security.web.context.request.async.WebAsyncManagerIntegrationFilter.doFilterInternal(WebAsyncManagerIntegrationFilter.java:62)
	at org.springframework.web.filter.OncePerRequestFilter.doFilter(OncePerRequestFilter.java:116)
	at org.springframework.security.web.FilterChainProxy$VirtualFilterChain.doFilter(FilterChainProxy.java:374)
	at org.springframework.security.web.session.DisableEncodeUrlFilter.doFilterInternal(DisableEncodeUrlFilter.java:42)
	at org.springframework.web.filter.OncePerRequestFilter.doFilter(OncePerRequestFilter.java:116)
	at org.springframework.security.web.FilterChainProxy$VirtualFilterChain.doFilter(FilterChainProxy.java:374)
	at org.springframework.security.web.FilterChainProxy.doFilterInternal(FilterChainProxy.java:233)
	at org.springframework.security.web.FilterChainProxy.doFilter(FilterChainProxy.java:191)
	at org.springframework.web.filter.CompositeFilter$VirtualFilterChain.doFilter(CompositeFilter.java:113)
	at org.springframework.web.servlet.handler.HandlerMappingIntrospector.lambda$createCacheFilter$3(HandlerMappingIntrospector.java:195)
	at org.springframework.web.filter.CompositeFilter$VirtualFilterChain.doFilter(CompositeFilter.java:113)
	at org.springframework.web.filter.CompositeFilter.doFilter(CompositeFilter.java:74)
	at org.springframework.security.config.annotation.web.configuration.WebMvcSecurityConfiguration$CompositeFilterChainProxy.doFilter(WebMvcSecurityConfiguration.java:230)
	at org.springframework.web.filter.DelegatingFilterProxy.invokeDelegate(DelegatingFilterProxy.java:352)
	at org.springframework.web.filter.DelegatingFilterProxy.doFilter(DelegatingFilterProxy.java:268)
	at org.apache.catalina.core.ApplicationFilterChain.internalDoFilter(ApplicationFilterChain.java:164)
	at org.apache.catalina.core.ApplicationFilterChain.doFilter(ApplicationFilterChain.java:140)
	at org.springframework.web.filter.RequestContextFilter.doFilterInternal(RequestContextFilter.java:100)
	at org.springframework.web.filter.OncePerRequestFilter.doFilter(OncePerRequestFilter.java:116)
	at org.apache.catalina.core.ApplicationFilterChain.internalDoFilter(ApplicationFilterChain.java:164)
	at org.apache.catalina.core.ApplicationFilterChain.doFilter(ApplicationFilterChain.java:140)
	at org.springframework.web.filter.FormContentFilter.doFilterInternal(FormContentFilter.java:93)
	at org.springframework.web.filter.OncePerRequestFilter.doFilter(OncePerRequestFilter.java:116)
	at org.apache.catalina.core.ApplicationFilterChain.internalDoFilter(ApplicationFilterChain.java:164)
	at org.apache.catalina.core.ApplicationFilterChain.doFilter(ApplicationFilterChain.java:140)
	at org.springframework.web.filter.CharacterEncodingFilter.doFilterInternal(CharacterEncodingFilter.java:201)
	at org.springframework.web.filter.OncePerRequestFilter.doFilter(OncePerRequestFilter.java:116)
	at org.apache.catalina.core.ApplicationFilterChain.internalDoFilter(ApplicationFilterChain.java:164)
	at org.apache.catalina.core.ApplicationFilterChain.doFilter(ApplicationFilterChain.java:140)
	at org.apache.catalina.core.StandardWrapperValve.invoke(StandardWrapperValve.java:167)
	at org.apache.catalina.core.StandardContextValve.invoke(StandardContextValve.java:90)
	at org.apache.catalina.authenticator.AuthenticatorBase.invoke(AuthenticatorBase.java:483)
	at org.apache.catalina.core.StandardHostValve.invoke(StandardHostValve.java:115)
	at org.apache.catalina.valves.ErrorReportValve.invoke(ErrorReportValve.java:93)
	at org.apache.catalina.core.StandardEngineValve.invoke(StandardEngineValve.java:74)
	at org.apache.catalina.connector.CoyoteAdapter.service(CoyoteAdapter.java:344)
	at org.apache.coyote.http11.Http11Processor.service(Http11Processor.java:384)
	at org.apache.coyote.AbstractProcessorLight.process(AbstractProcessorLight.java:63)
	at org.apache.coyote.AbstractProtocol$ConnectionHandler.process(AbstractProtocol.java:905)
	at org.apache.tomcat.util.net.NioEndpoint$SocketProcessor.doRun(NioEndpoint.java:1741)
	at org.apache.tomcat.util.net.SocketProcessorBase.run(SocketProcessorBase.java:52)
	at org.apache.tomcat.util.threads.ThreadPoolExecutor.runWorker(ThreadPoolExecutor.java:1190)
	at org.apache.tomcat.util.threads.ThreadPoolExecutor$Worker.run(ThreadPoolExecutor.java:659)
	at org.apache.tomcat.util.threads.TaskThread$WrappingRunnable.run(TaskThread.java:63)
	at java.base/java.lang.Thread.run(Thread.java:840)
14:47:44.012 [main] INFO  n.e.journalApp.JournalApplication - Starting JournalApplication using Java 17.0.17 with PID 14812 (E:\flutter_windows_3.19.4-stable\journalApp\target\classes started by Yash in E:\flutter_windows_3.19.4-stable\journalApp)
14:47:44.019 [main] INFO  n.e.journalApp.JournalApplication - The following 1 profile is active: "dev"
14:47:46.500 [main] INFO  o.s.d.r.c.RepositoryConfigurationDelegate - Multiple Spring Data modules found, entering strict repository configuration mode
14:47:46.503 [main] INFO  o.s.d.r.c.RepositoryConfigurationDelegate - Bootstrapping Spring Data MongoDB repositories in DEFAULT mode.
14:47:46.927 [main] INFO  o.s.d.r.c.RepositoryConfigurationDelegate - Finished Spring Data repository scanning in 412 ms. Found 3 MongoDB repository interfaces.
14:47:46.974 [main] INFO  o.s.d.r.c.RepositoryConfigurationDelegate - Multiple Spring Data modules found, entering strict repository configuration mode
14:47:46.977 [main] INFO  o.s.d.r.c.RepositoryConfigurationDelegate - Bootstrapping Spring Data Redis repositories in DEFAULT mode.
14:47:47.017 [main] INFO  o.s.d.r.c.RepositoryConfigurationExtensionSupport - Spring Data Redis - Could not safely identify store assignment for repository candidate interface net.engineeringdigest.journalApp.repository.ConfigJournalAppRepository; If you want this repository to be a Redis repository, consider annotating your entities with one of these annotations: org.springframework.data.redis.core.RedisHash (preferred), or consider extending one of the following types with your repository: org.springframework.data.keyvalue.repository.KeyValueRepository
14:47:47.018 [main] INFO  o.s.d.r.c.RepositoryConfigurationExtensionSupport - Spring Data Redis - Could not safely identify store assignment for repository candidate interface net.engineeringdigest.journalApp.repository.JournalEntryRepository; If you want this repository to be a Redis repository, consider annotating your entities with one of these annotations: org.springframework.data.redis.core.RedisHash (preferred), or consider extending one of the following types with your repository: org.springframework.data.keyvalue.repository.KeyValueRepository
14:47:47.018 [main] INFO  o.s.d.r.c.RepositoryConfigurationExtensionSupport - Spring Data Redis - Could not safely identify store assignment for repository candidate interface net.engineeringdigest.journalApp.repository.UserRepository; If you want this repository to be a Redis repository, consider annotating your entities with one of these annotations: org.springframework.data.redis.core.RedisHash (preferred), or consider extending one of the following types with your repository: org.springframework.data.keyvalue.repository.KeyValueRepository
14:47:47.019 [main] INFO  o.s.d.r.c.RepositoryConfigurationDelegate - Finished Spring Data repository scanning in 20 ms. Found 0 Redis repository interfaces.
14:47:48.585 [main] INFO  o.s.b.w.e.tomcat.TomcatWebServer - Tomcat initialized with port 8080 (http)
14:47:48.609 [main] INFO  o.a.coyote.http11.Http11NioProtocol - Initializing ProtocolHandler ["http-nio-8080"]
14:47:48.619 [main] INFO  o.a.catalina.core.StandardService - Starting service [Tomcat]
14:47:48.619 [main] INFO  o.a.catalina.core.StandardEngine - Starting Servlet engine: [Apache Tomcat/10.1.30]
14:47:48.832 [main] INFO  o.a.c.c.C.[Tomcat].[localhost].[/] - Initializing Spring embedded WebApplicationContext
14:47:48.833 [main] INFO  o.s.b.w.s.c.ServletWebServerApplicationContext - Root WebApplicationContext: initialization completed in 4665 ms
14:47:49.259 [cluster-ClusterId{value='6975dfbd081b9f665cd0c7f8', description='Cluster0'}-srv-cluster0.ofgdpxv.mongodb.net] INFO  org.mongodb.driver.cluster - Adding discovered server ac-l6uagqo-shard-00-02.ofgdpxv.mongodb.net:27017 to client view of cluster
14:47:49.338 [main] INFO  org.mongodb.driver.client - MongoClient with metadata {"application": {"name": "Cluster0"}, "driver": {"name": "mongo-java-driver|sync|spring-boot", "version": "5.0.1"}, "os": {"type": "Windows", "name": "Windows 10", "architecture": "amd64", "version": "10.0"}, "platform": "Java/Microsoft/17.0.17+10-LTS"} created with settings MongoClientSettings{readPreference=primary, writeConcern=WriteConcern{w=null, wTimeout=null ms, journal=null}, retryWrites=true, retryReads=true, readConcern=ReadConcern{level=null}, credential=MongoCredential{mechanism=null, userName='yashu17052000', source='admin', password=<hidden>, mechanismProperties=<hidden>}, transportSettings=null, commandListeners=[], codecRegistry=ProvidersCodecRegistry{codecProviders=[ValueCodecProvider{}, BsonValueCodecProvider{}, DBRefCodecProvider{}, DBObjectCodecProvider{}, DocumentCodecProvider{}, CollectionCodecProvider{}, IterableCodecProvider{}, MapCodecProvider{}, GeoJsonCodecProvider{}, GridFSFileCodecProvider{}, Jsr310CodecProvider{}, JsonObjectCodecProvider{}, BsonCodecProvider{}, EnumCodecProvider{}, com.mongodb.client.model.mql.ExpressionCodecProvider@33eb0d4, com.mongodb.Jep395RecordCodecProvider@224d86d2, com.mongodb.KotlinCodecProvider@a3cba3a]}, loggerSettings=LoggerSettings{maxDocumentLength=1000}, clusterSettings={hosts=[127.0.0.1:27017], srvHost=cluster0.ofgdpxv.mongodb.net, srvServiceName=mongodb, mode=MULTIPLE, requiredClusterType=REPLICA_SET, requiredReplicaSetName='atlas-nbt1cq-shard-0', serverSelector='null', clusterListeners='[]', serverSelectionTimeout='30000 ms', localThreshold='15 ms'}, socketSettings=SocketSettings{connectTimeoutMS=10000, readTimeoutMS=0, receiveBufferSize=0, proxySettings=ProxySettings{host=null, port=null, username=null, password=null}}, heartbeatSocketSettings=SocketSettings{connectTimeoutMS=10000, readTimeoutMS=10000, receiveBufferSize=0, proxySettings=ProxySettings{host=null, port=null, username=null, password=null}}, connectionPoolSettings=ConnectionPoolSettings{maxSize=100, minSize=0, maxWaitTimeMS=120000, maxConnectionLifeTimeMS=0, maxConnectionIdleTimeMS=0, maintenanceInitialDelayMS=0, maintenanceFrequencyMS=60000, connectionPoolListeners=[], maxConnecting=2}, serverSettings=ServerSettings{heartbeatFrequencyMS=10000, minHeartbeatFrequencyMS=500, serverListeners='[]', serverMonitorListeners='[]'}, sslSettings=SslSettings{enabled=true, invalidHostNameAllowed=false, context=null}, applicationName='Cluster0', compressorList=[], uuidRepresentation=JAVA_LEGACY, serverApi=null, autoEncryptionSettings=null, dnsClient=null, inetAddressResolver=null, contextProvider=null}
14:47:49.352 [cluster-ClusterId{value='6975dfbd081b9f665cd0c7f8', description='Cluster0'}-srv-cluster0.ofgdpxv.mongodb.net] INFO  org.mongodb.driver.cluster - Adding discovered server ac-l6uagqo-shard-00-00.ofgdpxv.mongodb.net:27017 to client view of cluster
14:47:49.370 [cluster-ClusterId{value='6975dfbd081b9f665cd0c7f8', description='Cluster0'}-srv-cluster0.ofgdpxv.mongodb.net] INFO  org.mongodb.driver.cluster - Adding discovered server ac-l6uagqo-shard-00-01.ofgdpxv.mongodb.net:27017 to client view of cluster
14:47:50.534 [cluster-ClusterId{value='6975dfbd081b9f665cd0c7f8', description='Cluster0'}-ac-l6uagqo-shard-00-00.ofgdpxv.mongodb.net:27017] INFO  org.mongodb.driver.cluster - Monitor thread successfully connected to server with description ServerDescription{address=ac-l6uagqo-shard-00-00.ofgdpxv.mongodb.net:27017, type=REPLICA_SET_SECONDARY, state=CONNECTED, ok=true, minWireVersion=0, maxWireVersion=25, maxDocumentSize=16777216, logicalSessionTimeoutMinutes=30, roundTripTimeNanos=559803300, setName='atlas-nbt1cq-shard-0', canonicalAddress=ac-l6uagqo-shard-00-00.ofgdpxv.mongodb.net:27017, hosts=[ac-l6uagqo-shard-00-02.ofgdpxv.mongodb.net:27017, ac-l6uagqo-shard-00-01.ofgdpxv.mongodb.net:27017, ac-l6uagqo-shard-00-00.ofgdpxv.mongodb.net:27017], passives=[], arbiters=[], primary='ac-l6uagqo-shard-00-01.ofgdpxv.mongodb.net:27017', tagSet=TagSet{[Tag{name='availabilityZone', value='aps1-az1'}, Tag{name='diskState', value='READY'}, Tag{name='nodeType', value='ELECTABLE'}, Tag{name='provider', value='AWS'}, Tag{name='region', value='AP_SOUTH_1'}, Tag{name='workloadType', value='OPERATIONAL'}]}, electionId=null, setVersion=25, topologyVersion=TopologyVersion{processId=69724970171d573d39dfaf2c, counter=4}, lastWriteDate=Sun Jan 25 14:47:49 IST 2026, lastUpdateTimeNanos=931261115640300}
14:47:50.535 [cluster-ClusterId{value='6975dfbd081b9f665cd0c7f8', description='Cluster0'}-ac-l6uagqo-shard-00-01.ofgdpxv.mongodb.net:27017] INFO  org.mongodb.driver.cluster - Monitor thread successfully connected to server with description ServerDescription{address=ac-l6uagqo-shard-00-01.ofgdpxv.mongodb.net:27017, type=REPLICA_SET_PRIMARY, state=CONNECTED, ok=true, minWireVersion=0, maxWireVersion=25, maxDocumentSize=16777216, logicalSessionTimeoutMinutes=30, roundTripTimeNanos=556821600, setName='atlas-nbt1cq-shard-0', canonicalAddress=ac-l6uagqo-shard-00-01.ofgdpxv.mongodb.net:27017, hosts=[ac-l6uagqo-shard-00-02.ofgdpxv.mongodb.net:27017, ac-l6uagqo-shard-00-01.ofgdpxv.mongodb.net:27017, ac-l6uagqo-shard-00-00.ofgdpxv.mongodb.net:27017], passives=[], arbiters=[], primary='ac-l6uagqo-shard-00-01.ofgdpxv.mongodb.net:27017', tagSet=TagSet{[Tag{name='availabilityZone', value='aps1-az3'}, Tag{name='diskState', value='READY'}, Tag{name='nodeType', value='ELECTABLE'}, Tag{name='provider', value='AWS'}, Tag{name='region', value='AP_SOUTH_1'}, Tag{name='workloadType', value='OPERATIONAL'}]}, electionId=7fffffff0000000000000044, setVersion=25, topologyVersion=TopologyVersion{processId=697249b6ae5dd124968fcbef, counter=6}, lastWriteDate=Sun Jan 25 14:47:49 IST 2026, lastUpdateTimeNanos=931261112556000}
14:47:50.548 [cluster-ClusterId{value='6975dfbd081b9f665cd0c7f8', description='Cluster0'}-ac-l6uagqo-shard-00-01.ofgdpxv.mongodb.net:27017] INFO  org.mongodb.driver.cluster - Discovered replica set primary ac-l6uagqo-shard-00-01.ofgdpxv.mongodb.net:27017 with max election id 7fffffff0000000000000044 and max set version 25
14:47:50.585 [cluster-ClusterId{value='6975dfbd081b9f665cd0c7f8', description='Cluster0'}-ac-l6uagqo-shard-00-02.ofgdpxv.mongodb.net:27017] INFO  org.mongodb.driver.cluster - Monitor thread successfully connected to server with description ServerDescription{address=ac-l6uagqo-shard-00-02.ofgdpxv.mongodb.net:27017, type=REPLICA_SET_SECONDARY, state=CONNECTED, ok=true, minWireVersion=0, maxWireVersion=25, maxDocumentSize=16777216, logicalSessionTimeoutMinutes=30, roundTripTimeNanos=614042100, setName='atlas-nbt1cq-shard-0', canonicalAddress=ac-l6uagqo-shard-00-02.ofgdpxv.mongodb.net:27017, hosts=[ac-l6uagqo-shard-00-02.ofgdpxv.mongodb.net:27017, ac-l6uagqo-shard-00-01.ofgdpxv.mongodb.net:27017, ac-l6uagqo-shard-00-00.ofgdpxv.mongodb.net:27017], passives=[], arbiters=[], primary='ac-l6uagqo-shard-00-01.ofgdpxv.mongodb.net:27017', tagSet=TagSet{[Tag{name='availabilityZone', value='aps1-az2'}, Tag{name='diskState', value='READY'}, Tag{name='nodeType', value='ELECTABLE'}, Tag{name='provider', value='AWS'}, Tag{name='region', value='AP_SOUTH_1'}, Tag{name='workloadType', value='OPERATIONAL'}]}, electionId=null, setVersion=25, topologyVersion=TopologyVersion{processId=697249fc870135aae8859e2b, counter=3}, lastWriteDate=Sun Jan 25 14:47:49 IST 2026, lastUpdateTimeNanos=931261169898100}
14:47:51.931 [main] WARN  o.s.s.c.a.a.c.InitializeUserDetailsBeanManagerConfigurer$InitializeUserDetailsManagerConfigurer - Global AuthenticationManager configured with an AuthenticationProvider bean. UserDetailsService beans will not be used for username/password login. Consider removing the AuthenticationProvider bean. Alternatively, consider using the UserDetailsService in a manually instantiated DaoAuthenticationProvider.
14:47:56.486 [main] INFO  o.a.coyote.http11.Http11NioProtocol - Starting ProtocolHandler ["http-nio-8080"]
14:47:56.533 [main] INFO  o.s.b.w.e.tomcat.TomcatWebServer - Tomcat started on port 8080 (http) with context path '/'
14:47:56.573 [main] INFO  n.e.journalApp.JournalApplication - Started JournalApplication in 13.388 seconds (process running for 15.423)
14:48:02.268 [http-nio-8080-exec-1] INFO  o.a.c.c.C.[Tomcat].[localhost].[/] - Initializing Spring DispatcherServlet 'dispatcherServlet'
14:48:02.269 [http-nio-8080-exec-1] INFO  o.s.web.servlet.DispatcherServlet - Initializing Servlet 'dispatcherServlet'
14:48:02.274 [http-nio-8080-exec-1] INFO  o.s.web.servlet.DispatcherServlet - Completed initialization in 4 ms
14:49:05.921 [http-nio-8080-exec-9] ERROR o.a.c.c.C.[.[.[.[dispatcherServlet] - Servlet.service() for servlet [dispatcherServlet] in context with path [] threw exception
io.jsonwebtoken.ExpiredJwtException: JWT expired 2907 milliseconds ago at 2026-01-25T09:19:03.000Z. Current time: 2026-01-25T09:19:05.907Z. Allowed clock skew: 0 milliseconds.
	at io.jsonwebtoken.impl.DefaultJwtParser.parse(DefaultJwtParser.java:682)
	at io.jsonwebtoken.impl.DefaultJwtParser.parse(DefaultJwtParser.java:362)
	at io.jsonwebtoken.impl.DefaultJwtParser.parse(DefaultJwtParser.java:94)
	at io.jsonwebtoken.impl.io.AbstractParser.parse(AbstractParser.java:36)
	at io.jsonwebtoken.impl.io.AbstractParser.parse(AbstractParser.java:29)
	at io.jsonwebtoken.impl.DefaultJwtParser.parseSignedClaims(DefaultJwtParser.java:821)
	at net.engineeringdigest.journalApp.utils.JwtUtil.extractAllClaims(JwtUtil.java:34)
	at net.engineeringdigest.journalApp.utils.JwtUtil.extractUsername(JwtUtil.java:22)
	at net.engineeringdigest.journalApp.filter.JwtFilter.doFilterInternal(JwtFilter.java:33)
	at org.springframework.web.filter.OncePerRequestFilter.doFilter(OncePerRequestFilter.java:116)
	at org.springframework.security.web.FilterChainProxy$VirtualFilterChain.doFilter(FilterChainProxy.java:374)
	at org.springframework.security.web.authentication.logout.LogoutFilter.doFilter(LogoutFilter.java:107)
	at org.springframework.security.web.authentication.logout.LogoutFilter.doFilter(LogoutFilter.java:93)
	at org.springframework.security.web.FilterChainProxy$VirtualFilterChain.doFilter(FilterChainProxy.java:374)
	at org.springframework.web.filter.CorsFilter.doFilterInternal(CorsFilter.java:91)
	at org.springframework.web.filter.OncePerRequestFilter.doFilter(OncePerRequestFilter.java:116)
	at org.springframework.security.web.FilterChainProxy$VirtualFilterChain.doFilter(FilterChainProxy.java:374)
	at org.springframework.security.web.header.HeaderWriterFilter.doHeadersAfter(HeaderWriterFilter.java:90)
	at org.springframework.security.web.header.HeaderWriterFilter.doFilterInternal(HeaderWriterFilter.java:75)
	at org.springframework.web.filter.OncePerRequestFilter.doFilter(OncePerRequestFilter.java:116)
	at org.springframework.security.web.FilterChainProxy$VirtualFilterChain.doFilter(FilterChainProxy.java:374)
	at org.springframework.security.web.context.SecurityContextHolderFilter.doFilter(SecurityContextHolderFilter.java:82)
	at org.springframework.security.web.context.SecurityContextHolderFilter.doFilter(SecurityContextHolderFilter.java:69)
	at org.springframework.security.web.FilterChainProxy$VirtualFilterChain.doFilter(FilterChainProxy.java:374)
	at org.springframework.security.web.context.request.async.WebAsyncManagerIntegrationFilter.doFilterInternal(WebAsyncManagerIntegrationFilter.java:62)
	at org.springframework.web.filter.OncePerRequestFilter.doFilter(OncePerRequestFilter.java:116)
	at org.springframework.security.web.FilterChainProxy$VirtualFilterChain.doFilter(FilterChainProxy.java:374)
	at org.springframework.security.web.session.DisableEncodeUrlFilter.doFilterInternal(DisableEncodeUrlFilter.java:42)
	at org.springframework.web.filter.OncePerRequestFilter.doFilter(OncePerRequestFilter.java:116)
	at org.springframework.security.web.FilterChainProxy$VirtualFilterChain.doFilter(FilterChainProxy.java:374)
	at org.springframework.security.web.FilterChainProxy.doFilterInternal(FilterChainProxy.java:233)
	at org.springframework.security.web.FilterChainProxy.doFilter(FilterChainProxy.java:191)
	at org.springframework.web.filter.CompositeFilter$VirtualFilterChain.doFilter(CompositeFilter.java:113)
	at org.springframework.web.servlet.handler.HandlerMappingIntrospector.lambda$createCacheFilter$3(HandlerMappingIntrospector.java:195)
	at org.springframework.web.filter.CompositeFilter$VirtualFilterChain.doFilter(CompositeFilter.java:113)
	at org.springframework.web.filter.CompositeFilter.doFilter(CompositeFilter.java:74)
	at org.springframework.security.config.annotation.web.configuration.WebMvcSecurityConfiguration$CompositeFilterChainProxy.doFilter(WebMvcSecurityConfiguration.java:230)
	at org.springframework.web.filter.DelegatingFilterProxy.invokeDelegate(DelegatingFilterProxy.java:352)
	at org.springframework.web.filter.DelegatingFilterProxy.doFilter(DelegatingFilterProxy.java:268)
	at org.apache.catalina.core.ApplicationFilterChain.internalDoFilter(ApplicationFilterChain.java:164)
	at org.apache.catalina.core.ApplicationFilterChain.doFilter(ApplicationFilterChain.java:140)
	at org.springframework.web.filter.RequestContextFilter.doFilterInternal(RequestContextFilter.java:100)
	at org.springframework.web.filter.OncePerRequestFilter.doFilter(OncePerRequestFilter.java:116)
	at org.apache.catalina.core.ApplicationFilterChain.internalDoFilter(ApplicationFilterChain.java:164)
	at org.apache.catalina.core.ApplicationFilterChain.doFilter(ApplicationFilterChain.java:140)
	at org.springframework.web.filter.FormContentFilter.doFilterInternal(FormContentFilter.java:93)
	at org.springframework.web.filter.OncePerRequestFilter.doFilter(OncePerRequestFilter.java:116)
	at org.apache.catalina.core.ApplicationFilterChain.internalDoFilter(ApplicationFilterChain.java:164)
	at org.apache.catalina.core.ApplicationFilterChain.doFilter(ApplicationFilterChain.java:140)
	at org.springframework.web.filter.CharacterEncodingFilter.doFilterInternal(CharacterEncodingFilter.java:201)
	at org.springframework.web.filter.OncePerRequestFilter.doFilter(OncePerRequestFilter.java:116)
	at org.apache.catalina.core.ApplicationFilterChain.internalDoFilter(ApplicationFilterChain.java:164)
	at org.apache.catalina.core.ApplicationFilterChain.doFilter(ApplicationFilterChain.java:140)
	at org.apache.catalina.core.StandardWrapperValve.invoke(StandardWrapperValve.java:167)
	at org.apache.catalina.core.StandardContextValve.invoke(StandardContextValve.java:90)
	at org.apache.catalina.authenticator.AuthenticatorBase.invoke(AuthenticatorBase.java:483)
	at org.apache.catalina.core.StandardHostValve.invoke(StandardHostValve.java:115)
	at org.apache.catalina.valves.ErrorReportValve.invoke(ErrorReportValve.java:93)
	at org.apache.catalina.core.StandardEngineValve.invoke(StandardEngineValve.java:74)
	at org.apache.catalina.connector.CoyoteAdapter.service(CoyoteAdapter.java:344)
	at org.apache.coyote.http11.Http11Processor.service(Http11Processor.java:384)
	at org.apache.coyote.AbstractProcessorLight.process(AbstractProcessorLight.java:63)
	at org.apache.coyote.AbstractProtocol$ConnectionHandler.process(AbstractProtocol.java:905)
	at org.apache.tomcat.util.net.NioEndpoint$SocketProcessor.doRun(NioEndpoint.java:1741)
	at org.apache.tomcat.util.net.SocketProcessorBase.run(SocketProcessorBase.java:52)
	at org.apache.tomcat.util.threads.ThreadPoolExecutor.runWorker(ThreadPoolExecutor.java:1190)
	at org.apache.tomcat.util.threads.ThreadPoolExecutor$Worker.run(ThreadPoolExecutor.java:659)
	at org.apache.tomcat.util.threads.TaskThread$WrappingRunnable.run(TaskThread.java:63)
	at java.base/java.lang.Thread.run(Thread.java:840)
14:49:05.920 [http-nio-8080-exec-8] ERROR o.a.c.c.C.[.[.[.[dispatcherServlet] - Servlet.service() for servlet [dispatcherServlet] in context with path [] threw exception
io.jsonwebtoken.ExpiredJwtException: JWT expired 2902 milliseconds ago at 2026-01-25T09:19:03.000Z. Current time: 2026-01-25T09:19:05.902Z. Allowed clock skew: 0 milliseconds.
	at io.jsonwebtoken.impl.DefaultJwtParser.parse(DefaultJwtParser.java:682)
	at io.jsonwebtoken.impl.DefaultJwtParser.parse(DefaultJwtParser.java:362)
	at io.jsonwebtoken.impl.DefaultJwtParser.parse(DefaultJwtParser.java:94)
	at io.jsonwebtoken.impl.io.AbstractParser.parse(AbstractParser.java:36)
	at io.jsonwebtoken.impl.io.AbstractParser.parse(AbstractParser.java:29)
	at io.jsonwebtoken.impl.DefaultJwtParser.parseSignedClaims(DefaultJwtParser.java:821)
	at net.engineeringdigest.journalApp.utils.JwtUtil.extractAllClaims(JwtUtil.java:34)
	at net.engineeringdigest.journalApp.utils.JwtUtil.extractUsername(JwtUtil.java:22)
	at net.engineeringdigest.journalApp.filter.JwtFilter.doFilterInternal(JwtFilter.java:33)
	at org.springframework.web.filter.OncePerRequestFilter.doFilter(OncePerRequestFilter.java:116)
	at org.springframework.security.web.FilterChainProxy$VirtualFilterChain.doFilter(FilterChainProxy.java:374)
	at org.springframework.security.web.authentication.logout.LogoutFilter.doFilter(LogoutFilter.java:107)
	at org.springframework.security.web.authentication.logout.LogoutFilter.doFilter(LogoutFilter.java:93)
	at org.springframework.security.web.FilterChainProxy$VirtualFilterChain.doFilter(FilterChainProxy.java:374)
	at org.springframework.web.filter.CorsFilter.doFilterInternal(CorsFilter.java:91)
	at org.springframework.web.filter.OncePerRequestFilter.doFilter(OncePerRequestFilter.java:116)
	at org.springframework.security.web.FilterChainProxy$VirtualFilterChain.doFilter(FilterChainProxy.java:374)
	at org.springframework.security.web.header.HeaderWriterFilter.doHeadersAfter(HeaderWriterFilter.java:90)
	at org.springframework.security.web.header.HeaderWriterFilter.doFilterInternal(HeaderWriterFilter.java:75)
	at org.springframework.web.filter.OncePerRequestFilter.doFilter(OncePerRequestFilter.java:116)
	at org.springframework.security.web.FilterChainProxy$VirtualFilterChain.doFilter(FilterChainProxy.java:374)
	at org.springframework.security.web.context.SecurityContextHolderFilter.doFilter(SecurityContextHolderFilter.java:82)
	at org.springframework.security.web.context.SecurityContextHolderFilter.doFilter(SecurityContextHolderFilter.java:69)
	at org.springframework.security.web.FilterChainProxy$VirtualFilterChain.doFilter(FilterChainProxy.java:374)
	at org.springframework.security.web.context.request.async.WebAsyncManagerIntegrationFilter.doFilterInternal(WebAsyncManagerIntegrationFilter.java:62)
	at org.springframework.web.filter.OncePerRequestFilter.doFilter(OncePerRequestFilter.java:116)
	at org.springframework.security.web.FilterChainProxy$VirtualFilterChain.doFilter(FilterChainProxy.java:374)
	at org.springframework.security.web.session.DisableEncodeUrlFilter.doFilterInternal(DisableEncodeUrlFilter.java:42)
	at org.springframework.web.filter.OncePerRequestFilter.doFilter(OncePerRequestFilter.java:116)
	at org.springframework.security.web.FilterChainProxy$VirtualFilterChain.doFilter(FilterChainProxy.java:374)
	at org.springframework.security.web.FilterChainProxy.doFilterInternal(FilterChainProxy.java:233)
	at org.springframework.security.web.FilterChainProxy.doFilter(FilterChainProxy.java:191)
	at org.springframework.web.filter.CompositeFilter$VirtualFilterChain.doFilter(CompositeFilter.java:113)
	at org.springframework.web.servlet.handler.HandlerMappingIntrospector.lambda$createCacheFilter$3(HandlerMappingIntrospector.java:195)
	at org.springframework.web.filter.CompositeFilter$VirtualFilterChain.doFilter(CompositeFilter.java:113)
	at org.springframework.web.filter.CompositeFilter.doFilter(CompositeFilter.java:74)
	at org.springframework.security.config.annotation.web.configuration.WebMvcSecurityConfiguration$CompositeFilterChainProxy.doFilter(WebMvcSecurityConfiguration.java:230)
	at org.springframework.web.filter.DelegatingFilterProxy.invokeDelegate(DelegatingFilterProxy.java:352)
	at org.springframework.web.filter.DelegatingFilterProxy.doFilter(DelegatingFilterProxy.java:268)
	at org.apache.catalina.core.ApplicationFilterChain.internalDoFilter(ApplicationFilterChain.java:164)
	at org.apache.catalina.core.ApplicationFilterChain.doFilter(ApplicationFilterChain.java:140)
	at org.springframework.web.filter.RequestContextFilter.doFilterInternal(RequestContextFilter.java:100)
	at org.springframework.web.filter.OncePerRequestFilter.doFilter(OncePerRequestFilter.java:116)
	at org.apache.catalina.core.ApplicationFilterChain.internalDoFilter(ApplicationFilterChain.java:164)
	at org.apache.catalina.core.ApplicationFilterChain.doFilter(ApplicationFilterChain.java:140)
	at org.springframework.web.filter.FormContentFilter.doFilterInternal(FormContentFilter.java:93)
	at org.springframework.web.filter.OncePerRequestFilter.doFilter(OncePerRequestFilter.java:116)
	at org.apache.catalina.core.ApplicationFilterChain.internalDoFilter(ApplicationFilterChain.java:164)
	at org.apache.catalina.core.ApplicationFilterChain.doFilter(ApplicationFilterChain.java:140)
	at org.springframework.web.filter.CharacterEncodingFilter.doFilterInternal(CharacterEncodingFilter.java:201)
	at org.springframework.web.filter.OncePerRequestFilter.doFilter(OncePerRequestFilter.java:116)
	at org.apache.catalina.core.ApplicationFilterChain.internalDoFilter(ApplicationFilterChain.java:164)
	at org.apache.catalina.core.ApplicationFilterChain.doFilter(ApplicationFilterChain.java:140)
	at org.apache.catalina.core.StandardWrapperValve.invoke(StandardWrapperValve.java:167)
	at org.apache.catalina.core.StandardContextValve.invoke(StandardContextValve.java:90)
	at org.apache.catalina.authenticator.AuthenticatorBase.invoke(AuthenticatorBase.java:483)
	at org.apache.catalina.core.StandardHostValve.invoke(StandardHostValve.java:115)
	at org.apache.catalina.valves.ErrorReportValve.invoke(ErrorReportValve.java:93)
	at org.apache.catalina.core.StandardEngineValve.invoke(StandardEngineValve.java:74)
	at org.apache.catalina.connector.CoyoteAdapter.service(CoyoteAdapter.java:344)
	at org.apache.coyote.http11.Http11Processor.service(Http11Processor.java:384)
	at org.apache.coyote.AbstractProcessorLight.process(AbstractProcessorLight.java:63)
	at org.apache.coyote.AbstractProtocol$ConnectionHandler.process(AbstractProtocol.java:905)
	at org.apache.tomcat.util.net.NioEndpoint$SocketProcessor.doRun(NioEndpoint.java:1741)
	at org.apache.tomcat.util.net.SocketProcessorBase.run(SocketProcessorBase.java:52)
	at org.apache.tomcat.util.threads.ThreadPoolExecutor.runWorker(ThreadPoolExecutor.java:1190)
	at org.apache.tomcat.util.threads.ThreadPoolExecutor$Worker.run(ThreadPoolExecutor.java:659)
	at org.apache.tomcat.util.threads.TaskThread$WrappingRunnable.run(TaskThread.java:63)
	at java.base/java.lang.Thread.run(Thread.java:840)
14:49:07.975 [http-nio-8080-exec-1] ERROR o.a.c.c.C.[.[.[.[dispatcherServlet] - Servlet.service() for servlet [dispatcherServlet] in context with path [] threw exception
io.jsonwebtoken.ExpiredJwtException: JWT expired 4974 milliseconds ago at 2026-01-25T09:19:03.000Z. Current time: 2026-01-25T09:19:07.974Z. Allowed clock skew: 0 milliseconds.
	at io.jsonwebtoken.impl.DefaultJwtParser.parse(DefaultJwtParser.java:682)
	at io.jsonwebtoken.impl.DefaultJwtParser.parse(DefaultJwtParser.java:362)
	at io.jsonwebtoken.impl.DefaultJwtParser.parse(DefaultJwtParser.java:94)
	at io.jsonwebtoken.impl.io.AbstractParser.parse(AbstractParser.java:36)
	at io.jsonwebtoken.impl.io.AbstractParser.parse(AbstractParser.java:29)
	at io.jsonwebtoken.impl.DefaultJwtParser.parseSignedClaims(DefaultJwtParser.java:821)
	at net.engineeringdigest.journalApp.utils.JwtUtil.extractAllClaims(JwtUtil.java:34)
	at net.engineeringdigest.journalApp.utils.JwtUtil.extractUsername(JwtUtil.java:22)
	at net.engineeringdigest.journalApp.filter.JwtFilter.doFilterInternal(JwtFilter.java:33)
	at org.springframework.web.filter.OncePerRequestFilter.doFilter(OncePerRequestFilter.java:116)
	at org.springframework.security.web.FilterChainProxy$VirtualFilterChain.doFilter(FilterChainProxy.java:374)
	at org.springframework.security.web.authentication.logout.LogoutFilter.doFilter(LogoutFilter.java:107)
	at org.springframework.security.web.authentication.logout.LogoutFilter.doFilter(LogoutFilter.java:93)
	at org.springframework.security.web.FilterChainProxy$VirtualFilterChain.doFilter(FilterChainProxy.java:374)
	at org.springframework.web.filter.CorsFilter.doFilterInternal(CorsFilter.java:91)
	at org.springframework.web.filter.OncePerRequestFilter.doFilter(OncePerRequestFilter.java:116)
	at org.springframework.security.web.FilterChainProxy$VirtualFilterChain.doFilter(FilterChainProxy.java:374)
	at org.springframework.security.web.header.HeaderWriterFilter.doHeadersAfter(HeaderWriterFilter.java:90)
	at org.springframework.security.web.header.HeaderWriterFilter.doFilterInternal(HeaderWriterFilter.java:75)
	at org.springframework.web.filter.OncePerRequestFilter.doFilter(OncePerRequestFilter.java:116)
	at org.springframework.security.web.FilterChainProxy$VirtualFilterChain.doFilter(FilterChainProxy.java:374)
	at org.springframework.security.web.context.SecurityContextHolderFilter.doFilter(SecurityContextHolderFilter.java:82)
	at org.springframework.security.web.context.SecurityContextHolderFilter.doFilter(SecurityContextHolderFilter.java:69)
	at org.springframework.security.web.FilterChainProxy$VirtualFilterChain.doFilter(FilterChainProxy.java:374)
	at org.springframework.security.web.context.request.async.WebAsyncManagerIntegrationFilter.doFilterInternal(WebAsyncManagerIntegrationFilter.java:62)
	at org.springframework.web.filter.OncePerRequestFilter.doFilter(OncePerRequestFilter.java:116)
	at org.springframework.security.web.FilterChainProxy$VirtualFilterChain.doFilter(FilterChainProxy.java:374)
	at org.springframework.security.web.session.DisableEncodeUrlFilter.doFilterInternal(DisableEncodeUrlFilter.java:42)
	at org.springframework.web.filter.OncePerRequestFilter.doFilter(OncePerRequestFilter.java:116)
	at org.springframework.security.web.FilterChainProxy$VirtualFilterChain.doFilter(FilterChainProxy.java:374)
	at org.springframework.security.web.FilterChainProxy.doFilterInternal(FilterChainProxy.java:233)
	at org.springframework.security.web.FilterChainProxy.doFilter(FilterChainProxy.java:191)
	at org.springframework.web.filter.CompositeFilter$VirtualFilterChain.doFilter(CompositeFilter.java:113)
	at org.springframework.web.servlet.handler.HandlerMappingIntrospector.lambda$createCacheFilter$3(HandlerMappingIntrospector.java:195)
	at org.springframework.web.filter.CompositeFilter$VirtualFilterChain.doFilter(CompositeFilter.java:113)
	at org.springframework.web.filter.CompositeFilter.doFilter(CompositeFilter.java:74)
	at org.springframework.security.config.annotation.web.configuration.WebMvcSecurityConfiguration$CompositeFilterChainProxy.doFilter(WebMvcSecurityConfiguration.java:230)
	at org.springframework.web.filter.DelegatingFilterProxy.invokeDelegate(DelegatingFilterProxy.java:352)
	at org.springframework.web.filter.DelegatingFilterProxy.doFilter(DelegatingFilterProxy.java:268)
	at org.apache.catalina.core.ApplicationFilterChain.internalDoFilter(ApplicationFilterChain.java:164)
	at org.apache.catalina.core.ApplicationFilterChain.doFilter(ApplicationFilterChain.java:140)
	at org.springframework.web.filter.RequestContextFilter.doFilterInternal(RequestContextFilter.java:100)
	at org.springframework.web.filter.OncePerRequestFilter.doFilter(OncePerRequestFilter.java:116)
	at org.apache.catalina.core.ApplicationFilterChain.internalDoFilter(ApplicationFilterChain.java:164)
	at org.apache.catalina.core.ApplicationFilterChain.doFilter(ApplicationFilterChain.java:140)
	at org.springframework.web.filter.FormContentFilter.doFilterInternal(FormContentFilter.java:93)
	at org.springframework.web.filter.OncePerRequestFilter.doFilter(OncePerRequestFilter.java:116)
	at org.apache.catalina.core.ApplicationFilterChain.internalDoFilter(ApplicationFilterChain.java:164)
	at org.apache.catalina.core.ApplicationFilterChain.doFilter(ApplicationFilterChain.java:140)
	at org.springframework.web.filter.CharacterEncodingFilter.doFilterInternal(CharacterEncodingFilter.java:201)
	at org.springframework.web.filter.OncePerRequestFilter.doFilter(OncePerRequestFilter.java:116)
	at org.apache.catalina.core.ApplicationFilterChain.internalDoFilter(ApplicationFilterChain.java:164)
	at org.apache.catalina.core.ApplicationFilterChain.doFilter(ApplicationFilterChain.java:140)
	at org.apache.catalina.core.StandardWrapperValve.invoke(StandardWrapperValve.java:167)
	at org.apache.catalina.core.StandardContextValve.invoke(StandardContextValve.java:90)
	at org.apache.catalina.authenticator.AuthenticatorBase.invoke(AuthenticatorBase.java:483)
	at org.apache.catalina.core.StandardHostValve.invoke(StandardHostValve.java:115)
	at org.apache.catalina.valves.ErrorReportValve.invoke(ErrorReportValve.java:93)
	at org.apache.catalina.core.StandardEngineValve.invoke(StandardEngineValve.java:74)
	at org.apache.catalina.connector.CoyoteAdapter.service(CoyoteAdapter.java:344)
	at org.apache.coyote.http11.Http11Processor.service(Http11Processor.java:384)
	at org.apache.coyote.AbstractProcessorLight.process(AbstractProcessorLight.java:63)
	at org.apache.coyote.AbstractProtocol$ConnectionHandler.process(AbstractProtocol.java:905)
	at org.apache.tomcat.util.net.NioEndpoint$SocketProcessor.doRun(NioEndpoint.java:1741)
	at org.apache.tomcat.util.net.SocketProcessorBase.run(SocketProcessorBase.java:52)
	at org.apache.tomcat.util.threads.ThreadPoolExecutor.runWorker(ThreadPoolExecutor.java:1190)
	at org.apache.tomcat.util.threads.ThreadPoolExecutor$Worker.run(ThreadPoolExecutor.java:659)
	at org.apache.tomcat.util.threads.TaskThread$WrappingRunnable.run(TaskThread.java:63)
	at java.base/java.lang.Thread.run(Thread.java:840)
14:49:07.984 [http-nio-8080-exec-4] ERROR o.a.c.c.C.[.[.[.[dispatcherServlet] - Servlet.service() for servlet [dispatcherServlet] in context with path [] threw exception
io.jsonwebtoken.ExpiredJwtException: JWT expired 4983 milliseconds ago at 2026-01-25T09:19:03.000Z. Current time: 2026-01-25T09:19:07.983Z. Allowed clock skew: 0 milliseconds.
	at io.jsonwebtoken.impl.DefaultJwtParser.parse(DefaultJwtParser.java:682)
	at io.jsonwebtoken.impl.DefaultJwtParser.parse(DefaultJwtParser.java:362)
	at io.jsonwebtoken.impl.DefaultJwtParser.parse(DefaultJwtParser.java:94)
	at io.jsonwebtoken.impl.io.AbstractParser.parse(AbstractParser.java:36)
	at io.jsonwebtoken.impl.io.AbstractParser.parse(AbstractParser.java:29)
	at io.jsonwebtoken.impl.DefaultJwtParser.parseSignedClaims(DefaultJwtParser.java:821)
	at net.engineeringdigest.journalApp.utils.JwtUtil.extractAllClaims(JwtUtil.java:34)
	at net.engineeringdigest.journalApp.utils.JwtUtil.extractUsername(JwtUtil.java:22)
	at net.engineeringdigest.journalApp.filter.JwtFilter.doFilterInternal(JwtFilter.java:33)
	at org.springframework.web.filter.OncePerRequestFilter.doFilter(OncePerRequestFilter.java:116)
	at org.springframework.security.web.FilterChainProxy$VirtualFilterChain.doFilter(FilterChainProxy.java:374)
	at org.springframework.security.web.authentication.logout.LogoutFilter.doFilter(LogoutFilter.java:107)
	at org.springframework.security.web.authentication.logout.LogoutFilter.doFilter(LogoutFilter.java:93)
	at org.springframework.security.web.FilterChainProxy$VirtualFilterChain.doFilter(FilterChainProxy.java:374)
	at org.springframework.web.filter.CorsFilter.doFilterInternal(CorsFilter.java:91)
	at org.springframework.web.filter.OncePerRequestFilter.doFilter(OncePerRequestFilter.java:116)
	at org.springframework.security.web.FilterChainProxy$VirtualFilterChain.doFilter(FilterChainProxy.java:374)
	at org.springframework.security.web.header.HeaderWriterFilter.doHeadersAfter(HeaderWriterFilter.java:90)
	at org.springframework.security.web.header.HeaderWriterFilter.doFilterInternal(HeaderWriterFilter.java:75)
	at org.springframework.web.filter.OncePerRequestFilter.doFilter(OncePerRequestFilter.java:116)
	at org.springframework.security.web.FilterChainProxy$VirtualFilterChain.doFilter(FilterChainProxy.java:374)
	at org.springframework.security.web.context.SecurityContextHolderFilter.doFilter(SecurityContextHolderFilter.java:82)
	at org.springframework.security.web.context.SecurityContextHolderFilter.doFilter(SecurityContextHolderFilter.java:69)
	at org.springframework.security.web.FilterChainProxy$VirtualFilterChain.doFilter(FilterChainProxy.java:374)
	at org.springframework.security.web.context.request.async.WebAsyncManagerIntegrationFilter.doFilterInternal(WebAsyncManagerIntegrationFilter.java:62)
	at org.springframework.web.filter.OncePerRequestFilter.doFilter(OncePerRequestFilter.java:116)
	at org.springframework.security.web.FilterChainProxy$VirtualFilterChain.doFilter(FilterChainProxy.java:374)
	at org.springframework.security.web.session.DisableEncodeUrlFilter.doFilterInternal(DisableEncodeUrlFilter.java:42)
	at org.springframework.web.filter.OncePerRequestFilter.doFilter(OncePerRequestFilter.java:116)
	at org.springframework.security.web.FilterChainProxy$VirtualFilterChain.doFilter(FilterChainProxy.java:374)
	at org.springframework.security.web.FilterChainProxy.doFilterInternal(FilterChainProxy.java:233)
	at org.springframework.security.web.FilterChainProxy.doFilter(FilterChainProxy.java:191)
	at org.springframework.web.filter.CompositeFilter$VirtualFilterChain.doFilter(CompositeFilter.java:113)
	at org.springframework.web.servlet.handler.HandlerMappingIntrospector.lambda$createCacheFilter$3(HandlerMappingIntrospector.java:195)
	at org.springframework.web.filter.CompositeFilter$VirtualFilterChain.doFilter(CompositeFilter.java:113)
	at org.springframework.web.filter.CompositeFilter.doFilter(CompositeFilter.java:74)
	at org.springframework.security.config.annotation.web.configuration.WebMvcSecurityConfiguration$CompositeFilterChainProxy.doFilter(WebMvcSecurityConfiguration.java:230)
	at org.springframework.web.filter.DelegatingFilterProxy.invokeDelegate(DelegatingFilterProxy.java:352)
	at org.springframework.web.filter.DelegatingFilterProxy.doFilter(DelegatingFilterProxy.java:268)
	at org.apache.catalina.core.ApplicationFilterChain.internalDoFilter(ApplicationFilterChain.java:164)
	at org.apache.catalina.core.ApplicationFilterChain.doFilter(ApplicationFilterChain.java:140)
	at org.springframework.web.filter.RequestContextFilter.doFilterInternal(RequestContextFilter.java:100)
	at org.springframework.web.filter.OncePerRequestFilter.doFilter(OncePerRequestFilter.java:116)
	at org.apache.catalina.core.ApplicationFilterChain.internalDoFilter(ApplicationFilterChain.java:164)
	at org.apache.catalina.core.ApplicationFilterChain.doFilter(ApplicationFilterChain.java:140)
	at org.springframework.web.filter.FormContentFilter.doFilterInternal(FormContentFilter.java:93)
	at org.springframework.web.filter.OncePerRequestFilter.doFilter(OncePerRequestFilter.java:116)
	at org.apache.catalina.core.ApplicationFilterChain.internalDoFilter(ApplicationFilterChain.java:164)
	at org.apache.catalina.core.ApplicationFilterChain.doFilter(ApplicationFilterChain.java:140)
	at org.springframework.web.filter.CharacterEncodingFilter.doFilterInternal(CharacterEncodingFilter.java:201)
	at org.springframework.web.filter.OncePerRequestFilter.doFilter(OncePerRequestFilter.java:116)
	at org.apache.catalina.core.ApplicationFilterChain.internalDoFilter(ApplicationFilterChain.java:164)
	at org.apache.catalina.core.ApplicationFilterChain.doFilter(ApplicationFilterChain.java:140)
	at org.apache.catalina.core.StandardWrapperValve.invoke(StandardWrapperValve.java:167)
	at org.apache.catalina.core.StandardContextValve.invoke(StandardContextValve.java:90)
	at org.apache.catalina.authenticator.AuthenticatorBase.invoke(AuthenticatorBase.java:483)
	at org.apache.catalina.core.StandardHostValve.invoke(StandardHostValve.java:115)
	at org.apache.catalina.valves.ErrorReportValve.invoke(ErrorReportValve.java:93)
	at org.apache.catalina.core.StandardEngineValve.invoke(StandardEngineValve.java:74)
	at org.apache.catalina.connector.CoyoteAdapter.service(CoyoteAdapter.java:344)
	at org.apache.coyote.http11.Http11Processor.service(Http11Processor.java:384)
	at org.apache.coyote.AbstractProcessorLight.process(AbstractProcessorLight.java:63)
	at org.apache.coyote.AbstractProtocol$ConnectionHandler.process(AbstractProtocol.java:905)
	at org.apache.tomcat.util.net.NioEndpoint$SocketProcessor.doRun(NioEndpoint.java:1741)
	at org.apache.tomcat.util.net.SocketProcessorBase.run(SocketProcessorBase.java:52)
	at org.apache.tomcat.util.threads.ThreadPoolExecutor.runWorker(ThreadPoolExecutor.java:1190)
	at org.apache.tomcat.util.threads.ThreadPoolExecutor$Worker.run(ThreadPoolExecutor.java:659)
	at org.apache.tomcat.util.threads.TaskThread$WrappingRunnable.run(TaskThread.java:63)
	at java.base/java.lang.Thread.run(Thread.java:840)
19:28:41.320 [cluster-ClusterId{value='6975dfbd081b9f665cd0c7f8', description='Cluster0'}-ac-l6uagqo-shard-00-00.ofgdpxv.mongodb.net:27017] INFO  org.mongodb.driver.cluster - Exception in monitor thread while connecting to server ac-l6uagqo-shard-00-00.ofgdpxv.mongodb.net:27017
com.mongodb.MongoSocketReadException: Exception receiving message
	at com.mongodb.internal.connection.InternalStreamConnection.translateReadException(InternalStreamConnection.java:707)
	at com.mongodb.internal.connection.InternalStreamConnection.receiveMessageWithAdditionalTimeout(InternalStreamConnection.java:583)
	at com.mongodb.internal.connection.InternalStreamConnection.receiveCommandMessageResponse(InternalStreamConnection.java:428)
	at com.mongodb.internal.connection.InternalStreamConnection.receive(InternalStreamConnection.java:381)
	at com.mongodb.internal.connection.DefaultServerMonitor$ServerMonitorRunnable.lookupServerDescription(DefaultServerMonitor.java:221)
	at com.mongodb.internal.connection.DefaultServerMonitor$ServerMonitorRunnable.run(DefaultServerMonitor.java:153)
	at java.base/java.lang.Thread.run(Thread.java:840)
Caused by: java.net.SocketException: Connection reset
	at java.base/sun.nio.ch.NioSocketImpl.implRead(NioSocketImpl.java:328)
	at java.base/sun.nio.ch.NioSocketImpl.read(NioSocketImpl.java:355)
	at java.base/sun.nio.ch.NioSocketImpl$1.read(NioSocketImpl.java:808)
	at java.base/java.net.Socket$SocketInputStream.read(Socket.java:966)
	at java.base/sun.security.ssl.SSLSocketInputRecord.read(SSLSocketInputRecord.java:484)
	at java.base/sun.security.ssl.SSLSocketInputRecord.readHeader(SSLSocketInputRecord.java:478)
	at java.base/sun.security.ssl.SSLSocketInputRecord.bytesInCompletePacket(SSLSocketInputRecord.java:70)
	at java.base/sun.security.ssl.SSLSocketImpl.readApplicationRecord(SSLSocketImpl.java:1465)
	at java.base/sun.security.ssl.SSLSocketImpl$AppInputStream.read(SSLSocketImpl.java:1069)
	at com.mongodb.internal.connection.SocketStream.read(SocketStream.java:176)
	at com.mongodb.internal.connection.SocketStream.read(SocketStream.java:196)
	at com.mongodb.internal.connection.InternalStreamConnection.receiveResponseBuffers(InternalStreamConnection.java:716)
	at com.mongodb.internal.connection.InternalStreamConnection.receiveMessageWithAdditionalTimeout(InternalStreamConnection.java:580)
	... 5 common frames omitted
19:28:44.669 [cluster-ClusterId{value='6975dfbd081b9f665cd0c7f8', description='Cluster0'}-ac-l6uagqo-shard-00-00.ofgdpxv.mongodb.net:27017] INFO  org.mongodb.driver.cluster - Monitor thread successfully connected to server with description ServerDescription{address=ac-l6uagqo-shard-00-00.ofgdpxv.mongodb.net:27017, type=REPLICA_SET_SECONDARY, state=CONNECTED, ok=true, minWireVersion=0, maxWireVersion=25, maxDocumentSize=16777216, logicalSessionTimeoutMinutes=30, roundTripTimeNanos=194205700, setName='atlas-nbt1cq-shard-0', canonicalAddress=ac-l6uagqo-shard-00-00.ofgdpxv.mongodb.net:27017, hosts=[ac-l6uagqo-shard-00-02.ofgdpxv.mongodb.net:27017, ac-l6uagqo-shard-00-01.ofgdpxv.mongodb.net:27017, ac-l6uagqo-shard-00-00.ofgdpxv.mongodb.net:27017], passives=[], arbiters=[], primary='ac-l6uagqo-shard-00-01.ofgdpxv.mongodb.net:27017', tagSet=TagSet{[Tag{name='availabilityZone', value='aps1-az1'}, Tag{name='diskState', value='READY'}, Tag{name='nodeType', value='ELECTABLE'}, Tag{name='provider', value='AWS'}, Tag{name='region', value='AP_SOUTH_1'}, Tag{name='workloadType', value='OPERATIONAL'}]}, electionId=null, setVersion=25, topologyVersion=TopologyVersion{processId=69724970171d573d39dfaf2c, counter=4}, lastWriteDate=Sun Jan 25 19:28:44 IST 2026, lastUpdateTimeNanos=948115259548600}
19:28:48.158 [cluster-ClusterId{value='6975dfbd081b9f665cd0c7f8', description='Cluster0'}-ac-l6uagqo-shard-00-01.ofgdpxv.mongodb.net:27017] INFO  org.mongodb.driver.cluster - Exception in monitor thread while connecting to server ac-l6uagqo-shard-00-01.ofgdpxv.mongodb.net:27017
com.mongodb.MongoSocketReadTimeoutException: Timeout while receiving message
	at com.mongodb.internal.connection.InternalStreamConnection.translateReadException(InternalStreamConnection.java:705)
	at com.mongodb.internal.connection.InternalStreamConnection.receiveMessageWithAdditionalTimeout(InternalStreamConnection.java:583)
	at com.mongodb.internal.connection.InternalStreamConnection.receiveCommandMessageResponse(InternalStreamConnection.java:428)
	at com.mongodb.internal.connection.InternalStreamConnection.receive(InternalStreamConnection.java:381)
	at com.mongodb.internal.connection.DefaultServerMonitor$ServerMonitorRunnable.lookupServerDescription(DefaultServerMonitor.java:221)
	at com.mongodb.internal.connection.DefaultServerMonitor$ServerMonitorRunnable.run(DefaultServerMonitor.java:153)
	at java.base/java.lang.Thread.run(Thread.java:840)
Caused by: java.net.SocketTimeoutException: Read timed out
	at java.base/sun.nio.ch.NioSocketImpl.timedRead(NioSocketImpl.java:288)
	at java.base/sun.nio.ch.NioSocketImpl.implRead(NioSocketImpl.java:314)
	at java.base/sun.nio.ch.NioSocketImpl.read(NioSocketImpl.java:355)
	at java.base/sun.nio.ch.NioSocketImpl$1.read(NioSocketImpl.java:808)
	at java.base/java.net.Socket$SocketInputStream.read(Socket.java:966)
	at java.base/sun.security.ssl.SSLSocketInputRecord.read(SSLSocketInputRecord.java:484)
	at java.base/sun.security.ssl.SSLSocketInputRecord.readHeader(SSLSocketInputRecord.java:478)
	at java.base/sun.security.ssl.SSLSocketInputRecord.bytesInCompletePacket(SSLSocketInputRecord.java:70)
	at java.base/sun.security.ssl.SSLSocketImpl.readApplicationRecord(SSLSocketImpl.java:1465)
	at java.base/sun.security.ssl.SSLSocketImpl$AppInputStream.read(SSLSocketImpl.java:1069)
	at com.mongodb.internal.connection.SocketStream.read(SocketStream.java:176)
	at com.mongodb.internal.connection.SocketStream.read(SocketStream.java:196)
	at com.mongodb.internal.connection.InternalStreamConnection.receiveResponseBuffers(InternalStreamConnection.java:716)
	at com.mongodb.internal.connection.InternalStreamConnection.receiveMessageWithAdditionalTimeout(InternalStreamConnection.java:580)
	... 5 common frames omitted
19:28:48.371 [cluster-ClusterId{value='6975dfbd081b9f665cd0c7f8', description='Cluster0'}-ac-l6uagqo-shard-00-01.ofgdpxv.mongodb.net:27017] INFO  org.mongodb.driver.cluster - Monitor thread successfully connected to server with description ServerDescription{address=ac-l6uagqo-shard-00-01.ofgdpxv.mongodb.net:27017, type=REPLICA_SET_PRIMARY, state=CONNECTED, ok=true, minWireVersion=0, maxWireVersion=25, maxDocumentSize=16777216, logicalSessionTimeoutMinutes=30, roundTripTimeNanos=137252900, setName='atlas-nbt1cq-shard-0', canonicalAddress=ac-l6uagqo-shard-00-01.ofgdpxv.mongodb.net:27017, hosts=[ac-l6uagqo-shard-00-02.ofgdpxv.mongodb.net:27017, ac-l6uagqo-shard-00-01.ofgdpxv.mongodb.net:27017, ac-l6uagqo-shard-00-00.ofgdpxv.mongodb.net:27017], passives=[], arbiters=[], primary='ac-l6uagqo-shard-00-01.ofgdpxv.mongodb.net:27017', tagSet=TagSet{[Tag{name='availabilityZone', value='aps1-az3'}, Tag{name='diskState', value='READY'}, Tag{name='nodeType', value='ELECTABLE'}, Tag{name='provider', value='AWS'}, Tag{name='region', value='AP_SOUTH_1'}, Tag{name='workloadType', value='OPERATIONAL'}]}, electionId=7fffffff0000000000000044, setVersion=25, topologyVersion=TopologyVersion{processId=697249b6ae5dd124968fcbef, counter=6}, lastWriteDate=Sun Jan 25 19:28:47 IST 2026, lastUpdateTimeNanos=948118963651500}
19:28:48.373 [cluster-ClusterId{value='6975dfbd081b9f665cd0c7f8', description='Cluster0'}-ac-l6uagqo-shard-00-01.ofgdpxv.mongodb.net:27017] INFO  org.mongodb.driver.cluster - Discovered replica set primary ac-l6uagqo-shard-00-01.ofgdpxv.mongodb.net:27017 with max election id 7fffffff0000000000000044 and max set version 25
19:28:48.792 [cluster-ClusterId{value='6975dfbd081b9f665cd0c7f8', description='Cluster0'}-ac-l6uagqo-shard-00-02.ofgdpxv.mongodb.net:27017] INFO  org.mongodb.driver.cluster - Exception in monitor thread while connecting to server ac-l6uagqo-shard-00-02.ofgdpxv.mongodb.net:27017
com.mongodb.MongoSocketReadTimeoutException: Timeout while receiving message
	at com.mongodb.internal.connection.InternalStreamConnection.translateReadException(InternalStreamConnection.java:705)
	at com.mongodb.internal.connection.InternalStreamConnection.receiveMessageWithAdditionalTimeout(InternalStreamConnection.java:583)
	at com.mongodb.internal.connection.InternalStreamConnection.receiveCommandMessageResponse(InternalStreamConnection.java:428)
	at com.mongodb.internal.connection.InternalStreamConnection.receive(InternalStreamConnection.java:381)
	at com.mongodb.internal.connection.DefaultServerMonitor$ServerMonitorRunnable.lookupServerDescription(DefaultServerMonitor.java:221)
	at com.mongodb.internal.connection.DefaultServerMonitor$ServerMonitorRunnable.run(DefaultServerMonitor.java:153)
	at java.base/java.lang.Thread.run(Thread.java:840)
Caused by: java.net.SocketTimeoutException: Read timed out
	at java.base/sun.nio.ch.NioSocketImpl.timedRead(NioSocketImpl.java:288)
	at java.base/sun.nio.ch.NioSocketImpl.implRead(NioSocketImpl.java:314)
	at java.base/sun.nio.ch.NioSocketImpl.read(NioSocketImpl.java:355)
	at java.base/sun.nio.ch.NioSocketImpl$1.read(NioSocketImpl.java:808)
	at java.base/java.net.Socket$SocketInputStream.read(Socket.java:966)
	at java.base/sun.security.ssl.SSLSocketInputRecord.read(SSLSocketInputRecord.java:484)
	at java.base/sun.security.ssl.SSLSocketInputRecord.readHeader(SSLSocketInputRecord.java:478)
	at java.base/sun.security.ssl.SSLSocketInputRecord.bytesInCompletePacket(SSLSocketInputRecord.java:70)
	at java.base/sun.security.ssl.SSLSocketImpl.readApplicationRecord(SSLSocketImpl.java:1465)
	at java.base/sun.security.ssl.SSLSocketImpl$AppInputStream.read(SSLSocketImpl.java:1069)
	at com.mongodb.internal.connection.SocketStream.read(SocketStream.java:176)
	at com.mongodb.internal.connection.SocketStream.read(SocketStream.java:196)
	at com.mongodb.internal.connection.InternalStreamConnection.receiveResponseBuffers(InternalStreamConnection.java:716)
	at com.mongodb.internal.connection.InternalStreamConnection.receiveMessageWithAdditionalTimeout(InternalStreamConnection.java:580)
	... 5 common frames omitted
19:28:48.976 [cluster-ClusterId{value='6975dfbd081b9f665cd0c7f8', description='Cluster0'}-ac-l6uagqo-shard-00-02.ofgdpxv.mongodb.net:27017] INFO  org.mongodb.driver.cluster - Monitor thread successfully connected to server with description ServerDescription{address=ac-l6uagqo-shard-00-02.ofgdpxv.mongodb.net:27017, type=REPLICA_SET_SECONDARY, state=CONNECTED, ok=true, minWireVersion=0, maxWireVersion=25, maxDocumentSize=16777216, logicalSessionTimeoutMinutes=30, roundTripTimeNanos=118876100, setName='atlas-nbt1cq-shard-0', canonicalAddress=ac-l6uagqo-shard-00-02.ofgdpxv.mongodb.net:27017, hosts=[ac-l6uagqo-shard-00-02.ofgdpxv.mongodb.net:27017, ac-l6uagqo-shard-00-01.ofgdpxv.mongodb.net:27017, ac-l6uagqo-shard-00-00.ofgdpxv.mongodb.net:27017], passives=[], arbiters=[], primary='ac-l6uagqo-shard-00-01.ofgdpxv.mongodb.net:27017', tagSet=TagSet{[Tag{name='availabilityZone', value='aps1-az2'}, Tag{name='diskState', value='READY'}, Tag{name='nodeType', value='ELECTABLE'}, Tag{name='provider', value='AWS'}, Tag{name='region', value='AP_SOUTH_1'}, Tag{name='workloadType', value='OPERATIONAL'}]}, electionId=null, setVersion=25, topologyVersion=TopologyVersion{processId=697249fc870135aae8859e2b, counter=3}, lastWriteDate=Sun Jan 25 19:28:48 IST 2026, lastUpdateTimeNanos=948119567821800}
20:06:30.281 [cluster-ClusterId{value='6975dfbd081b9f665cd0c7f8', description='Cluster0'}-ac-l6uagqo-shard-00-02.ofgdpxv.mongodb.net:27017] INFO  org.mongodb.driver.cluster - Exception in monitor thread while connecting to server ac-l6uagqo-shard-00-02.ofgdpxv.mongodb.net:27017
com.mongodb.MongoSocketReadTimeoutException: Timeout while receiving message
	at com.mongodb.internal.connection.InternalStreamConnection.translateReadException(InternalStreamConnection.java:705)
	at com.mongodb.internal.connection.InternalStreamConnection.receiveMessageWithAdditionalTimeout(InternalStreamConnection.java:583)
	at com.mongodb.internal.connection.InternalStreamConnection.receiveCommandMessageResponse(InternalStreamConnection.java:428)
	at com.mongodb.internal.connection.InternalStreamConnection.receive(InternalStreamConnection.java:381)
	at com.mongodb.internal.connection.DefaultServerMonitor$ServerMonitorRunnable.lookupServerDescription(DefaultServerMonitor.java:221)
	at com.mongodb.internal.connection.DefaultServerMonitor$ServerMonitorRunnable.run(DefaultServerMonitor.java:153)
	at java.base/java.lang.Thread.run(Thread.java:840)
Caused by: java.net.SocketTimeoutException: Read timed out
	at java.base/sun.nio.ch.NioSocketImpl.timedRead(NioSocketImpl.java:288)
	at java.base/sun.nio.ch.NioSocketImpl.implRead(NioSocketImpl.java:314)
	at java.base/sun.nio.ch.NioSocketImpl.read(NioSocketImpl.java:355)
	at java.base/sun.nio.ch.NioSocketImpl$1.read(NioSocketImpl.java:808)
	at java.base/java.net.Socket$SocketInputStream.read(Socket.java:966)
	at java.base/sun.security.ssl.SSLSocketInputRecord.read(SSLSocketInputRecord.java:484)
	at java.base/sun.security.ssl.SSLSocketInputRecord.readHeader(SSLSocketInputRecord.java:478)
	at java.base/sun.security.ssl.SSLSocketInputRecord.bytesInCompletePacket(SSLSocketInputRecord.java:70)
	at java.base/sun.security.ssl.SSLSocketImpl.readApplicationRecord(SSLSocketImpl.java:1465)
	at java.base/sun.security.ssl.SSLSocketImpl$AppInputStream.read(SSLSocketImpl.java:1069)
	at com.mongodb.internal.connection.SocketStream.read(SocketStream.java:176)
	at com.mongodb.internal.connection.SocketStream.read(SocketStream.java:196)
	at com.mongodb.internal.connection.InternalStreamConnection.receiveResponseBuffers(InternalStreamConnection.java:716)
	at com.mongodb.internal.connection.InternalStreamConnection.receiveMessageWithAdditionalTimeout(InternalStreamConnection.java:580)
	... 5 common frames omitted
20:06:30.392 [cluster-ClusterId{value='6975dfbd081b9f665cd0c7f8', description='Cluster0'}-ac-l6uagqo-shard-00-02.ofgdpxv.mongodb.net:27017] INFO  org.mongodb.driver.cluster - Monitor thread successfully connected to server with description ServerDescription{address=ac-l6uagqo-shard-00-02.ofgdpxv.mongodb.net:27017, type=REPLICA_SET_SECONDARY, state=CONNECTED, ok=true, minWireVersion=0, maxWireVersion=25, maxDocumentSize=16777216, logicalSessionTimeoutMinutes=30, roundTripTimeNanos=68898100, setName='atlas-nbt1cq-shard-0', canonicalAddress=ac-l6uagqo-shard-00-02.ofgdpxv.mongodb.net:27017, hosts=[ac-l6uagqo-shard-00-02.ofgdpxv.mongodb.net:27017, ac-l6uagqo-shard-00-01.ofgdpxv.mongodb.net:27017, ac-l6uagqo-shard-00-00.ofgdpxv.mongodb.net:27017], passives=[], arbiters=[], primary='ac-l6uagqo-shard-00-01.ofgdpxv.mongodb.net:27017', tagSet=TagSet{[Tag{name='availabilityZone', value='aps1-az2'}, Tag{name='diskState', value='READY'}, Tag{name='nodeType', value='ELECTABLE'}, Tag{name='provider', value='AWS'}, Tag{name='region', value='AP_SOUTH_1'}, Tag{name='workloadType', value='OPERATIONAL'}]}, electionId=null, setVersion=25, topologyVersion=TopologyVersion{processId=697249fc870135aae8859e2b, counter=3}, lastWriteDate=Sun Jan 25 20:06:29 IST 2026, lastUpdateTimeNanos=950380992507000}
20:06:35.950 [cluster-ClusterId{value='6975dfbd081b9f665cd0c7f8', description='Cluster0'}-ac-l6uagqo-shard-00-00.ofgdpxv.mongodb.net:27017] INFO  org.mongodb.driver.cluster - Exception in monitor thread while connecting to server ac-l6uagqo-shard-00-00.ofgdpxv.mongodb.net:27017
com.mongodb.MongoSocketReadTimeoutException: Timeout while receiving message
	at com.mongodb.internal.connection.InternalStreamConnection.translateReadException(InternalStreamConnection.java:705)
	at com.mongodb.internal.connection.InternalStreamConnection.receiveMessageWithAdditionalTimeout(InternalStreamConnection.java:583)
	at com.mongodb.internal.connection.InternalStreamConnection.receiveCommandMessageResponse(InternalStreamConnection.java:428)
	at com.mongodb.internal.connection.InternalStreamConnection.receive(InternalStreamConnection.java:381)
	at com.mongodb.internal.connection.DefaultServerMonitor$ServerMonitorRunnable.lookupServerDescription(DefaultServerMonitor.java:221)
	at com.mongodb.internal.connection.DefaultServerMonitor$ServerMonitorRunnable.run(DefaultServerMonitor.java:153)
	at java.base/java.lang.Thread.run(Thread.java:840)
Caused by: java.net.SocketTimeoutException: Read timed out
	at java.base/sun.nio.ch.NioSocketImpl.timedRead(NioSocketImpl.java:288)
	at java.base/sun.nio.ch.NioSocketImpl.implRead(NioSocketImpl.java:314)
	at java.base/sun.nio.ch.NioSocketImpl.read(NioSocketImpl.java:355)
	at java.base/sun.nio.ch.NioSocketImpl$1.read(NioSocketImpl.java:808)
	at java.base/java.net.Socket$SocketInputStream.read(Socket.java:966)
	at java.base/sun.security.ssl.SSLSocketInputRecord.read(SSLSocketInputRecord.java:484)
	at java.base/sun.security.ssl.SSLSocketInputRecord.readHeader(SSLSocketInputRecord.java:478)
	at java.base/sun.security.ssl.SSLSocketInputRecord.bytesInCompletePacket(SSLSocketInputRecord.java:70)
	at java.base/sun.security.ssl.SSLSocketImpl.readApplicationRecord(SSLSocketImpl.java:1465)
	at java.base/sun.security.ssl.SSLSocketImpl$AppInputStream.read(SSLSocketImpl.java:1069)
	at com.mongodb.internal.connection.SocketStream.read(SocketStream.java:176)
	at com.mongodb.internal.connection.SocketStream.read(SocketStream.java:196)
	at com.mongodb.internal.connection.InternalStreamConnection.receiveResponseBuffers(InternalStreamConnection.java:716)
	at com.mongodb.internal.connection.InternalStreamConnection.receiveMessageWithAdditionalTimeout(InternalStreamConnection.java:580)
	... 5 common frames omitted
20:06:36.075 [cluster-ClusterId{value='6975dfbd081b9f665cd0c7f8', description='Cluster0'}-ac-l6uagqo-shard-00-00.ofgdpxv.mongodb.net:27017] INFO  org.mongodb.driver.cluster - Monitor thread successfully connected to server with description ServerDescription{address=ac-l6uagqo-shard-00-00.ofgdpxv.mongodb.net:27017, type=REPLICA_SET_SECONDARY, state=CONNECTED, ok=true, minWireVersion=0, maxWireVersion=25, maxDocumentSize=16777216, logicalSessionTimeoutMinutes=30, roundTripTimeNanos=67117300, setName='atlas-nbt1cq-shard-0', canonicalAddress=ac-l6uagqo-shard-00-00.ofgdpxv.mongodb.net:27017, hosts=[ac-l6uagqo-shard-00-02.ofgdpxv.mongodb.net:27017, ac-l6uagqo-shard-00-01.ofgdpxv.mongodb.net:27017, ac-l6uagqo-shard-00-00.ofgdpxv.mongodb.net:27017], passives=[], arbiters=[], primary='ac-l6uagqo-shard-00-01.ofgdpxv.mongodb.net:27017', tagSet=TagSet{[Tag{name='availabilityZone', value='aps1-az1'}, Tag{name='diskState', value='READY'}, Tag{name='nodeType', value='ELECTABLE'}, Tag{name='provider', value='AWS'}, Tag{name='region', value='AP_SOUTH_1'}, Tag{name='workloadType', value='OPERATIONAL'}]}, electionId=null, setVersion=25, topologyVersion=TopologyVersion{processId=69724970171d573d39dfaf2c, counter=4}, lastWriteDate=Sun Jan 25 20:06:35 IST 2026, lastUpdateTimeNanos=950386675133000}
20:06:39.596 [cluster-ClusterId{value='6975dfbd081b9f665cd0c7f8', description='Cluster0'}-ac-l6uagqo-shard-00-01.ofgdpxv.mongodb.net:27017] INFO  org.mongodb.driver.cluster - Exception in monitor thread while connecting to server ac-l6uagqo-shard-00-01.ofgdpxv.mongodb.net:27017
com.mongodb.MongoSocketReadTimeoutException: Timeout while receiving message
	at com.mongodb.internal.connection.InternalStreamConnection.translateReadException(InternalStreamConnection.java:705)
	at com.mongodb.internal.connection.InternalStreamConnection.receiveMessageWithAdditionalTimeout(InternalStreamConnection.java:583)
	at com.mongodb.internal.connection.InternalStreamConnection.receiveCommandMessageResponse(InternalStreamConnection.java:428)
	at com.mongodb.internal.connection.InternalStreamConnection.receive(InternalStreamConnection.java:381)
	at com.mongodb.internal.connection.DefaultServerMonitor$ServerMonitorRunnable.lookupServerDescription(DefaultServerMonitor.java:221)
	at com.mongodb.internal.connection.DefaultServerMonitor$ServerMonitorRunnable.run(DefaultServerMonitor.java:153)
	at java.base/java.lang.Thread.run(Thread.java:840)
Caused by: java.net.SocketTimeoutException: Read timed out
	at java.base/sun.nio.ch.NioSocketImpl.timedRead(NioSocketImpl.java:288)
	at java.base/sun.nio.ch.NioSocketImpl.implRead(NioSocketImpl.java:314)
	at java.base/sun.nio.ch.NioSocketImpl.read(NioSocketImpl.java:355)
	at java.base/sun.nio.ch.NioSocketImpl$1.read(NioSocketImpl.java:808)
	at java.base/java.net.Socket$SocketInputStream.read(Socket.java:966)
	at java.base/sun.security.ssl.SSLSocketInputRecord.read(SSLSocketInputRecord.java:484)
	at java.base/sun.security.ssl.SSLSocketInputRecord.readHeader(SSLSocketInputRecord.java:478)
	at java.base/sun.security.ssl.SSLSocketInputRecord.bytesInCompletePacket(SSLSocketInputRecord.java:70)
	at java.base/sun.security.ssl.SSLSocketImpl.readApplicationRecord(SSLSocketImpl.java:1465)
	at java.base/sun.security.ssl.SSLSocketImpl$AppInputStream.read(SSLSocketImpl.java:1069)
	at com.mongodb.internal.connection.SocketStream.read(SocketStream.java:176)
	at com.mongodb.internal.connection.SocketStream.read(SocketStream.java:196)
	at com.mongodb.internal.connection.InternalStreamConnection.receiveResponseBuffers(InternalStreamConnection.java:716)
	at com.mongodb.internal.connection.InternalStreamConnection.receiveMessageWithAdditionalTimeout(InternalStreamConnection.java:580)
	... 5 common frames omitted
20:06:39.723 [cluster-ClusterId{value='6975dfbd081b9f665cd0c7f8', description='Cluster0'}-ac-l6uagqo-shard-00-01.ofgdpxv.mongodb.net:27017] INFO  org.mongodb.driver.cluster - Monitor thread successfully connected to server with description ServerDescription{address=ac-l6uagqo-shard-00-01.ofgdpxv.mongodb.net:27017, type=REPLICA_SET_PRIMARY, state=CONNECTED, ok=true, minWireVersion=0, maxWireVersion=25, maxDocumentSize=16777216, logicalSessionTimeoutMinutes=30, roundTripTimeNanos=76804400, setName='atlas-nbt1cq-shard-0', canonicalAddress=ac-l6uagqo-shard-00-01.ofgdpxv.mongodb.net:27017, hosts=[ac-l6uagqo-shard-00-02.ofgdpxv.mongodb.net:27017, ac-l6uagqo-shard-00-01.ofgdpxv.mongodb.net:27017, ac-l6uagqo-shard-00-00.ofgdpxv.mongodb.net:27017], passives=[], arbiters=[], primary='ac-l6uagqo-shard-00-01.ofgdpxv.mongodb.net:27017', tagSet=TagSet{[Tag{name='availabilityZone', value='aps1-az3'}, Tag{name='diskState', value='READY'}, Tag{name='nodeType', value='ELECTABLE'}, Tag{name='provider', value='AWS'}, Tag{name='region', value='AP_SOUTH_1'}, Tag{name='workloadType', value='OPERATIONAL'}]}, electionId=7fffffff0000000000000044, setVersion=25, topologyVersion=TopologyVersion{processId=697249b6ae5dd124968fcbef, counter=6}, lastWriteDate=Sun Jan 25 20:06:39 IST 2026, lastUpdateTimeNanos=950390322977300}
20:06:39.724 [cluster-ClusterId{value='6975dfbd081b9f665cd0c7f8', description='Cluster0'}-ac-l6uagqo-shard-00-01.ofgdpxv.mongodb.net:27017] INFO  org.mongodb.driver.cluster - Discovered replica set primary ac-l6uagqo-shard-00-01.ofgdpxv.mongodb.net:27017 with max election id 7fffffff0000000000000044 and max set version 25
20:17:43.082 [cluster-ClusterId{value='6975dfbd081b9f665cd0c7f8', description='Cluster0'}-ac-l6uagqo-shard-00-00.ofgdpxv.mongodb.net:27017] INFO  org.mongodb.driver.cluster - Exception in monitor thread while connecting to server ac-l6uagqo-shard-00-00.ofgdpxv.mongodb.net:27017
com.mongodb.MongoSocketReadTimeoutException: Timeout while receiving message
	at com.mongodb.internal.connection.InternalStreamConnection.translateReadException(InternalStreamConnection.java:705)
	at com.mongodb.internal.connection.InternalStreamConnection.receiveMessageWithAdditionalTimeout(InternalStreamConnection.java:583)
	at com.mongodb.internal.connection.InternalStreamConnection.receiveCommandMessageResponse(InternalStreamConnection.java:428)
	at com.mongodb.internal.connection.InternalStreamConnection.receive(InternalStreamConnection.java:381)
	at com.mongodb.internal.connection.DefaultServerMonitor$ServerMonitorRunnable.lookupServerDescription(DefaultServerMonitor.java:221)
	at com.mongodb.internal.connection.DefaultServerMonitor$ServerMonitorRunnable.run(DefaultServerMonitor.java:153)
	at java.base/java.lang.Thread.run(Thread.java:840)
Caused by: java.net.SocketTimeoutException: Read timed out
	at java.base/sun.nio.ch.NioSocketImpl.timedRead(NioSocketImpl.java:288)
	at java.base/sun.nio.ch.NioSocketImpl.implRead(NioSocketImpl.java:314)
	at java.base/sun.nio.ch.NioSocketImpl.read(NioSocketImpl.java:355)
	at java.base/sun.nio.ch.NioSocketImpl$1.read(NioSocketImpl.java:808)
	at java.base/java.net.Socket$SocketInputStream.read(Socket.java:966)
	at java.base/sun.security.ssl.SSLSocketInputRecord.read(SSLSocketInputRecord.java:484)
	at java.base/sun.security.ssl.SSLSocketInputRecord.readHeader(SSLSocketInputRecord.java:478)
	at java.base/sun.security.ssl.SSLSocketInputRecord.bytesInCompletePacket(SSLSocketInputRecord.java:70)
	at java.base/sun.security.ssl.SSLSocketImpl.readApplicationRecord(SSLSocketImpl.java:1465)
	at java.base/sun.security.ssl.SSLSocketImpl$AppInputStream.read(SSLSocketImpl.java:1069)
	at com.mongodb.internal.connection.SocketStream.read(SocketStream.java:176)
	at com.mongodb.internal.connection.SocketStream.read(SocketStream.java:196)
	at com.mongodb.internal.connection.InternalStreamConnection.receiveResponseBuffers(InternalStreamConnection.java:716)
	at com.mongodb.internal.connection.InternalStreamConnection.receiveMessageWithAdditionalTimeout(InternalStreamConnection.java:580)
	... 5 common frames omitted
20:17:43.198 [cluster-ClusterId{value='6975dfbd081b9f665cd0c7f8', description='Cluster0'}-ac-l6uagqo-shard-00-00.ofgdpxv.mongodb.net:27017] INFO  org.mongodb.driver.cluster - Monitor thread successfully connected to server with description ServerDescription{address=ac-l6uagqo-shard-00-00.ofgdpxv.mongodb.net:27017, type=REPLICA_SET_SECONDARY, state=CONNECTED, ok=true, minWireVersion=0, maxWireVersion=25, maxDocumentSize=16777216, logicalSessionTimeoutMinutes=30, roundTripTimeNanos=71967700, setName='atlas-nbt1cq-shard-0', canonicalAddress=ac-l6uagqo-shard-00-00.ofgdpxv.mongodb.net:27017, hosts=[ac-l6uagqo-shard-00-02.ofgdpxv.mongodb.net:27017, ac-l6uagqo-shard-00-01.ofgdpxv.mongodb.net:27017, ac-l6uagqo-shard-00-00.ofgdpxv.mongodb.net:27017], passives=[], arbiters=[], primary='ac-l6uagqo-shard-00-01.ofgdpxv.mongodb.net:27017', tagSet=TagSet{[Tag{name='availabilityZone', value='aps1-az1'}, Tag{name='diskState', value='READY'}, Tag{name='nodeType', value='ELECTABLE'}, Tag{name='provider', value='AWS'}, Tag{name='region', value='AP_SOUTH_1'}, Tag{name='workloadType', value='OPERATIONAL'}]}, electionId=null, setVersion=25, topologyVersion=TopologyVersion{processId=69724970171d573d39dfaf2c, counter=4}, lastWriteDate=Sun Jan 25 20:17:42 IST 2026, lastUpdateTimeNanos=951053805370900}
20:17:47.465 [cluster-ClusterId{value='6975dfbd081b9f665cd0c7f8', description='Cluster0'}-ac-l6uagqo-shard-00-02.ofgdpxv.mongodb.net:27017] INFO  org.mongodb.driver.cluster - Exception in monitor thread while connecting to server ac-l6uagqo-shard-00-02.ofgdpxv.mongodb.net:27017
com.mongodb.MongoSocketReadTimeoutException: Timeout while receiving message
	at com.mongodb.internal.connection.InternalStreamConnection.translateReadException(InternalStreamConnection.java:705)
	at com.mongodb.internal.connection.InternalStreamConnection.receiveMessageWithAdditionalTimeout(InternalStreamConnection.java:583)
	at com.mongodb.internal.connection.InternalStreamConnection.receiveCommandMessageResponse(InternalStreamConnection.java:428)
	at com.mongodb.internal.connection.InternalStreamConnection.receive(InternalStreamConnection.java:381)
	at com.mongodb.internal.connection.DefaultServerMonitor$ServerMonitorRunnable.lookupServerDescription(DefaultServerMonitor.java:221)
	at com.mongodb.internal.connection.DefaultServerMonitor$ServerMonitorRunnable.run(DefaultServerMonitor.java:153)
	at java.base/java.lang.Thread.run(Thread.java:840)
Caused by: java.net.SocketTimeoutException: Read timed out
	at java.base/sun.nio.ch.NioSocketImpl.timedRead(NioSocketImpl.java:288)
	at java.base/sun.nio.ch.NioSocketImpl.implRead(NioSocketImpl.java:314)
	at java.base/sun.nio.ch.NioSocketImpl.read(NioSocketImpl.java:355)
	at java.base/sun.nio.ch.NioSocketImpl$1.read(NioSocketImpl.java:808)
	at java.base/java.net.Socket$SocketInputStream.read(Socket.java:966)
	at java.base/sun.security.ssl.SSLSocketInputRecord.read(SSLSocketInputRecord.java:484)
	at java.base/sun.security.ssl.SSLSocketInputRecord.readHeader(SSLSocketInputRecord.java:478)
	at java.base/sun.security.ssl.SSLSocketInputRecord.bytesInCompletePacket(SSLSocketInputRecord.java:70)
	at java.base/sun.security.ssl.SSLSocketImpl.readApplicationRecord(SSLSocketImpl.java:1465)
	at java.base/sun.security.ssl.SSLSocketImpl$AppInputStream.read(SSLSocketImpl.java:1069)
	at com.mongodb.internal.connection.SocketStream.read(SocketStream.java:176)
	at com.mongodb.internal.connection.SocketStream.read(SocketStream.java:196)
	at com.mongodb.internal.connection.InternalStreamConnection.receiveResponseBuffers(InternalStreamConnection.java:716)
	at com.mongodb.internal.connection.InternalStreamConnection.receiveMessageWithAdditionalTimeout(InternalStreamConnection.java:580)
	... 5 common frames omitted
20:17:47.588 [cluster-ClusterId{value='6975dfbd081b9f665cd0c7f8', description='Cluster0'}-ac-l6uagqo-shard-00-02.ofgdpxv.mongodb.net:27017] INFO  org.mongodb.driver.cluster - Monitor thread successfully connected to server with description ServerDescription{address=ac-l6uagqo-shard-00-02.ofgdpxv.mongodb.net:27017, type=REPLICA_SET_SECONDARY, state=CONNECTED, ok=true, minWireVersion=0, maxWireVersion=25, maxDocumentSize=16777216, logicalSessionTimeoutMinutes=30, roundTripTimeNanos=74204400, setName='atlas-nbt1cq-shard-0', canonicalAddress=ac-l6uagqo-shard-00-02.ofgdpxv.mongodb.net:27017, hosts=[ac-l6uagqo-shard-00-02.ofgdpxv.mongodb.net:27017, ac-l6uagqo-shard-00-01.ofgdpxv.mongodb.net:27017, ac-l6uagqo-shard-00-00.ofgdpxv.mongodb.net:27017], passives=[], arbiters=[], primary='ac-l6uagqo-shard-00-01.ofgdpxv.mongodb.net:27017', tagSet=TagSet{[Tag{name='availabilityZone', value='aps1-az2'}, Tag{name='diskState', value='READY'}, Tag{name='nodeType', value='ELECTABLE'}, Tag{name='provider', value='AWS'}, Tag{name='region', value='AP_SOUTH_1'}, Tag{name='workloadType', value='OPERATIONAL'}]}, electionId=null, setVersion=25, topologyVersion=TopologyVersion{processId=697249fc870135aae8859e2b, counter=3}, lastWriteDate=Sun Jan 25 20:17:47 IST 2026, lastUpdateTimeNanos=951058195533700}
20:17:55.971 [scheduling-1] INFO  org.mongodb.driver.cluster - Waiting for server to become available for operation with ID 5429. Remaining time: 30000 ms. Selector: ReadPreferenceServerSelector{readPreference=primary}, topology description: {type=REPLICA_SET, servers=[{address=ac-l6uagqo-shard-00-01.ofgdpxv.mongodb.net:27017, type=UNKNOWN, state=CONNECTING, exception={com.mongodb.MongoSocketReadException: Exception receiving message}, caused by {java.net.SocketException: A connection attempt failed because the connected party did not properly respond after a period of time, or established connection failed because connected host has failed to respond}}, {address=ac-l6uagqo-shard-00-00.ofgdpxv.mongodb.net:27017, type=REPLICA_SET_SECONDARY, TagSet{[Tag{name='availabilityZone', value='aps1-az1'}, Tag{name='diskState', value='READY'}, Tag{name='nodeType', value='ELECTABLE'}, Tag{name='provider', value='AWS'}, Tag{name='region', value='AP_SOUTH_1'}, Tag{name='workloadType', value='OPERATIONAL'}]}, roundTripTime=72.4 ms, state=CONNECTED}, {address=ac-l6uagqo-shard-00-02.ofgdpxv.mongodb.net:27017, type=REPLICA_SET_SECONDARY, TagSet{[Tag{name='availabilityZone', value='aps1-az2'}, Tag{name='diskState', value='READY'}, Tag{name='nodeType', value='ELECTABLE'}, Tag{name='provider', value='AWS'}, Tag{name='region', value='AP_SOUTH_1'}, Tag{name='workloadType', value='OPERATIONAL'}]}, roundTripTime=74.2 ms, state=CONNECTED}].
20:17:56.551 [cluster-ClusterId{value='6975dfbd081b9f665cd0c7f8', description='Cluster0'}-ac-l6uagqo-shard-00-01.ofgdpxv.mongodb.net:27017] INFO  org.mongodb.driver.cluster - Monitor thread successfully connected to server with description ServerDescription{address=ac-l6uagqo-shard-00-01.ofgdpxv.mongodb.net:27017, type=REPLICA_SET_PRIMARY, state=CONNECTED, ok=true, minWireVersion=0, maxWireVersion=25, maxDocumentSize=16777216, logicalSessionTimeoutMinutes=30, roundTripTimeNanos=73275600, setName='atlas-nbt1cq-shard-0', canonicalAddress=ac-l6uagqo-shard-00-01.ofgdpxv.mongodb.net:27017, hosts=[ac-l6uagqo-shard-00-02.ofgdpxv.mongodb.net:27017, ac-l6uagqo-shard-00-01.ofgdpxv.mongodb.net:27017, ac-l6uagqo-shard-00-00.ofgdpxv.mongodb.net:27017], passives=[], arbiters=[], primary='ac-l6uagqo-shard-00-01.ofgdpxv.mongodb.net:27017', tagSet=TagSet{[Tag{name='availabilityZone', value='aps1-az3'}, Tag{name='diskState', value='READY'}, Tag{name='nodeType', value='ELECTABLE'}, Tag{name='provider', value='AWS'}, Tag{name='region', value='AP_SOUTH_1'}, Tag{name='workloadType', value='OPERATIONAL'}]}, electionId=7fffffff0000000000000044, setVersion=25, topologyVersion=TopologyVersion{processId=697249b6ae5dd124968fcbef, counter=6}, lastWriteDate=Sun Jan 25 20:17:55 IST 2026, lastUpdateTimeNanos=951067158862100}
20:17:56.551 [cluster-ClusterId{value='6975dfbd081b9f665cd0c7f8', description='Cluster0'}-ac-l6uagqo-shard-00-01.ofgdpxv.mongodb.net:27017] INFO  org.mongodb.driver.cluster - Discovered replica set primary ac-l6uagqo-shard-00-01.ofgdpxv.mongodb.net:27017 with max election id 7fffffff0000000000000044 and max set version 25
21:13:26.761 [cluster-ClusterId{value='6975dfbd081b9f665cd0c7f8', description='Cluster0'}-ac-l6uagqo-shard-00-01.ofgdpxv.mongodb.net:27017] INFO  org.mongodb.driver.cluster - Exception in monitor thread while connecting to server ac-l6uagqo-shard-00-01.ofgdpxv.mongodb.net:27017
com.mongodb.MongoSocketReadException: Exception receiving message
	at com.mongodb.internal.connection.InternalStreamConnection.translateReadException(InternalStreamConnection.java:707)
	at com.mongodb.internal.connection.InternalStreamConnection.receiveMessageWithAdditionalTimeout(InternalStreamConnection.java:583)
	at com.mongodb.internal.connection.InternalStreamConnection.receiveCommandMessageResponse(InternalStreamConnection.java:428)
	at com.mongodb.internal.connection.InternalStreamConnection.receive(InternalStreamConnection.java:381)
	at com.mongodb.internal.connection.DefaultServerMonitor$ServerMonitorRunnable.lookupServerDescription(DefaultServerMonitor.java:221)
	at com.mongodb.internal.connection.DefaultServerMonitor$ServerMonitorRunnable.run(DefaultServerMonitor.java:153)
	at java.base/java.lang.Thread.run(Thread.java:840)
Caused by: java.net.SocketException: Connection reset
	at java.base/sun.nio.ch.NioSocketImpl.implRead(NioSocketImpl.java:328)
	at java.base/sun.nio.ch.NioSocketImpl.read(NioSocketImpl.java:355)
	at java.base/sun.nio.ch.NioSocketImpl$1.read(NioSocketImpl.java:808)
	at java.base/java.net.Socket$SocketInputStream.read(Socket.java:966)
	at java.base/sun.security.ssl.SSLSocketInputRecord.read(SSLSocketInputRecord.java:484)
	at java.base/sun.security.ssl.SSLSocketInputRecord.readHeader(SSLSocketInputRecord.java:478)
	at java.base/sun.security.ssl.SSLSocketInputRecord.bytesInCompletePacket(SSLSocketInputRecord.java:70)
	at java.base/sun.security.ssl.SSLSocketImpl.readApplicationRecord(SSLSocketImpl.java:1465)
	at java.base/sun.security.ssl.SSLSocketImpl$AppInputStream.read(SSLSocketImpl.java:1069)
	at com.mongodb.internal.connection.SocketStream.read(SocketStream.java:176)
	at com.mongodb.internal.connection.SocketStream.read(SocketStream.java:196)
	at com.mongodb.internal.connection.InternalStreamConnection.receiveResponseBuffers(InternalStreamConnection.java:716)
	at com.mongodb.internal.connection.InternalStreamConnection.receiveMessageWithAdditionalTimeout(InternalStreamConnection.java:580)
	... 5 common frames omitted
21:13:26.955 [cluster-ClusterId{value='6975dfbd081b9f665cd0c7f8', description='Cluster0'}-ac-l6uagqo-shard-00-01.ofgdpxv.mongodb.net:27017] INFO  org.mongodb.driver.cluster - Monitor thread successfully connected to server with description ServerDescription{address=ac-l6uagqo-shard-00-01.ofgdpxv.mongodb.net:27017, type=REPLICA_SET_PRIMARY, state=CONNECTED, ok=true, minWireVersion=0, maxWireVersion=25, maxDocumentSize=16777216, logicalSessionTimeoutMinutes=30, roundTripTimeNanos=119428400, setName='atlas-nbt1cq-shard-0', canonicalAddress=ac-l6uagqo-shard-00-01.ofgdpxv.mongodb.net:27017, hosts=[ac-l6uagqo-shard-00-02.ofgdpxv.mongodb.net:27017, ac-l6uagqo-shard-00-01.ofgdpxv.mongodb.net:27017, ac-l6uagqo-shard-00-00.ofgdpxv.mongodb.net:27017], passives=[], arbiters=[], primary='ac-l6uagqo-shard-00-01.ofgdpxv.mongodb.net:27017', tagSet=TagSet{[Tag{name='availabilityZone', value='aps1-az3'}, Tag{name='diskState', value='READY'}, Tag{name='nodeType', value='ELECTABLE'}, Tag{name='provider', value='AWS'}, Tag{name='region', value='AP_SOUTH_1'}, Tag{name='workloadType', value='OPERATIONAL'}]}, electionId=7fffffff0000000000000044, setVersion=25, topologyVersion=TopologyVersion{processId=697249b6ae5dd124968fcbef, counter=6}, lastWriteDate=Sun Jan 25 21:13:26 IST 2026, lastUpdateTimeNanos=954397570048000}
21:13:26.955 [cluster-ClusterId{value='6975dfbd081b9f665cd0c7f8', description='Cluster0'}-ac-l6uagqo-shard-00-01.ofgdpxv.mongodb.net:27017] INFO  org.mongodb.driver.cluster - Discovered replica set primary ac-l6uagqo-shard-00-01.ofgdpxv.mongodb.net:27017 with max election id 7fffffff0000000000000044 and max set version 25
21:13:26.982 [cluster-ClusterId{value='6975dfbd081b9f665cd0c7f8', description='Cluster0'}-ac-l6uagqo-shard-00-00.ofgdpxv.mongodb.net:27017] INFO  org.mongodb.driver.cluster - Exception in monitor thread while connecting to server ac-l6uagqo-shard-00-00.ofgdpxv.mongodb.net:27017
com.mongodb.MongoSocketReadException: Exception receiving message
	at com.mongodb.internal.connection.InternalStreamConnection.translateReadException(InternalStreamConnection.java:707)
	at com.mongodb.internal.connection.InternalStreamConnection.receiveMessageWithAdditionalTimeout(InternalStreamConnection.java:583)
	at com.mongodb.internal.connection.InternalStreamConnection.receiveCommandMessageResponse(InternalStreamConnection.java:428)
	at com.mongodb.internal.connection.InternalStreamConnection.receive(InternalStreamConnection.java:381)
	at com.mongodb.internal.connection.DefaultServerMonitor$ServerMonitorRunnable.lookupServerDescription(DefaultServerMonitor.java:221)
	at com.mongodb.internal.connection.DefaultServerMonitor$ServerMonitorRunnable.run(DefaultServerMonitor.java:153)
	at java.base/java.lang.Thread.run(Thread.java:840)
Caused by: java.net.SocketException: Connection reset
	at java.base/sun.nio.ch.NioSocketImpl.implRead(NioSocketImpl.java:328)
	at java.base/sun.nio.ch.NioSocketImpl.read(NioSocketImpl.java:355)
	at java.base/sun.nio.ch.NioSocketImpl$1.read(NioSocketImpl.java:808)
	at java.base/java.net.Socket$SocketInputStream.read(Socket.java:966)
	at java.base/sun.security.ssl.SSLSocketInputRecord.read(SSLSocketInputRecord.java:484)
	at java.base/sun.security.ssl.SSLSocketInputRecord.readHeader(SSLSocketInputRecord.java:478)
	at java.base/sun.security.ssl.SSLSocketInputRecord.bytesInCompletePacket(SSLSocketInputRecord.java:70)
	at java.base/sun.security.ssl.SSLSocketImpl.readApplicationRecord(SSLSocketImpl.java:1465)
	at java.base/sun.security.ssl.SSLSocketImpl$AppInputStream.read(SSLSocketImpl.java:1069)
	at com.mongodb.internal.connection.SocketStream.read(SocketStream.java:176)
	at com.mongodb.internal.connection.SocketStream.read(SocketStream.java:196)
	at com.mongodb.internal.connection.InternalStreamConnection.receiveResponseBuffers(InternalStreamConnection.java:716)
	at com.mongodb.internal.connection.InternalStreamConnection.receiveMessageWithAdditionalTimeout(InternalStreamConnection.java:580)
	... 5 common frames omitted
21:13:27.196 [cluster-ClusterId{value='6975dfbd081b9f665cd0c7f8', description='Cluster0'}-ac-l6uagqo-shard-00-00.ofgdpxv.mongodb.net:27017] INFO  org.mongodb.driver.cluster - Monitor thread successfully connected to server with description ServerDescription{address=ac-l6uagqo-shard-00-00.ofgdpxv.mongodb.net:27017, type=REPLICA_SET_SECONDARY, state=CONNECTED, ok=true, minWireVersion=0, maxWireVersion=25, maxDocumentSize=16777216, logicalSessionTimeoutMinutes=30, roundTripTimeNanos=145938700, setName='atlas-nbt1cq-shard-0', canonicalAddress=ac-l6uagqo-shard-00-00.ofgdpxv.mongodb.net:27017, hosts=[ac-l6uagqo-shard-00-02.ofgdpxv.mongodb.net:27017, ac-l6uagqo-shard-00-01.ofgdpxv.mongodb.net:27017, ac-l6uagqo-shard-00-00.ofgdpxv.mongodb.net:27017], passives=[], arbiters=[], primary='ac-l6uagqo-shard-00-01.ofgdpxv.mongodb.net:27017', tagSet=TagSet{[Tag{name='availabilityZone', value='aps1-az1'}, Tag{name='diskState', value='READY'}, Tag{name='nodeType', value='ELECTABLE'}, Tag{name='provider', value='AWS'}, Tag{name='region', value='AP_SOUTH_1'}, Tag{name='workloadType', value='OPERATIONAL'}]}, electionId=null, setVersion=25, topologyVersion=TopologyVersion{processId=69724970171d573d39dfaf2c, counter=4}, lastWriteDate=Sun Jan 25 21:13:26 IST 2026, lastUpdateTimeNanos=954397810930000}
21:13:27.696 [cluster-ClusterId{value='6975dfbd081b9f665cd0c7f8', description='Cluster0'}-ac-l6uagqo-shard-00-02.ofgdpxv.mongodb.net:27017] INFO  org.mongodb.driver.cluster - Exception in monitor thread while connecting to server ac-l6uagqo-shard-00-02.ofgdpxv.mongodb.net:27017
com.mongodb.MongoSocketReadException: Exception receiving message
	at com.mongodb.internal.connection.InternalStreamConnection.translateReadException(InternalStreamConnection.java:707)
	at com.mongodb.internal.connection.InternalStreamConnection.receiveMessageWithAdditionalTimeout(InternalStreamConnection.java:583)
	at com.mongodb.internal.connection.InternalStreamConnection.receiveCommandMessageResponse(InternalStreamConnection.java:428)
	at com.mongodb.internal.connection.InternalStreamConnection.receive(InternalStreamConnection.java:381)
	at com.mongodb.internal.connection.DefaultServerMonitor$ServerMonitorRunnable.lookupServerDescription(DefaultServerMonitor.java:221)
	at com.mongodb.internal.connection.DefaultServerMonitor$ServerMonitorRunnable.run(DefaultServerMonitor.java:153)
	at java.base/java.lang.Thread.run(Thread.java:840)
Caused by: java.net.SocketException: Connection reset
	at java.base/sun.nio.ch.NioSocketImpl.implRead(NioSocketImpl.java:328)
	at java.base/sun.nio.ch.NioSocketImpl.read(NioSocketImpl.java:355)
	at java.base/sun.nio.ch.NioSocketImpl$1.read(NioSocketImpl.java:808)
	at java.base/java.net.Socket$SocketInputStream.read(Socket.java:966)
	at java.base/sun.security.ssl.SSLSocketInputRecord.read(SSLSocketInputRecord.java:484)
	at java.base/sun.security.ssl.SSLSocketInputRecord.readHeader(SSLSocketInputRecord.java:478)
	at java.base/sun.security.ssl.SSLSocketInputRecord.bytesInCompletePacket(SSLSocketInputRecord.java:70)
	at java.base/sun.security.ssl.SSLSocketImpl.readApplicationRecord(SSLSocketImpl.java:1465)
	at java.base/sun.security.ssl.SSLSocketImpl$AppInputStream.read(SSLSocketImpl.java:1069)
	at com.mongodb.internal.connection.SocketStream.read(SocketStream.java:176)
	at com.mongodb.internal.connection.SocketStream.read(SocketStream.java:196)
	at com.mongodb.internal.connection.InternalStreamConnection.receiveResponseBuffers(InternalStreamConnection.java:716)
	at com.mongodb.internal.connection.InternalStreamConnection.receiveMessageWithAdditionalTimeout(InternalStreamConnection.java:580)
	... 5 common frames omitted
21:13:27.940 [cluster-ClusterId{value='6975dfbd081b9f665cd0c7f8', description='Cluster0'}-ac-l6uagqo-shard-00-02.ofgdpxv.mongodb.net:27017] INFO  org.mongodb.driver.cluster - Monitor thread successfully connected to server with description ServerDescription{address=ac-l6uagqo-shard-00-02.ofgdpxv.mongodb.net:27017, type=REPLICA_SET_SECONDARY, state=CONNECTED, ok=true, minWireVersion=0, maxWireVersion=25, maxDocumentSize=16777216, logicalSessionTimeoutMinutes=30, roundTripTimeNanos=180349500, setName='atlas-nbt1cq-shard-0', canonicalAddress=ac-l6uagqo-shard-00-02.ofgdpxv.mongodb.net:27017, hosts=[ac-l6uagqo-shard-00-02.ofgdpxv.mongodb.net:27017, ac-l6uagqo-shard-00-01.ofgdpxv.mongodb.net:27017, ac-l6uagqo-shard-00-00.ofgdpxv.mongodb.net:27017], passives=[], arbiters=[], primary='ac-l6uagqo-shard-00-01.ofgdpxv.mongodb.net:27017', tagSet=TagSet{[Tag{name='availabilityZone', value='aps1-az2'}, Tag{name='diskState', value='READY'}, Tag{name='nodeType', value='ELECTABLE'}, Tag{name='provider', value='AWS'}, Tag{name='region', value='AP_SOUTH_1'}, Tag{name='workloadType', value='OPERATIONAL'}]}, electionId=null, setVersion=25, topologyVersion=TopologyVersion{processId=697249fc870135aae8859e2b, counter=3}, lastWriteDate=Sun Jan 25 21:13:27 IST 2026, lastUpdateTimeNanos=954398555227900}
23:42:27.010 [cluster-ClusterId{value='6975dfbd081b9f665cd0c7f8', description='Cluster0'}-ac-l6uagqo-shard-00-01.ofgdpxv.mongodb.net:27017] INFO  org.mongodb.driver.cluster - Exception in monitor thread while connecting to server ac-l6uagqo-shard-00-01.ofgdpxv.mongodb.net:27017
com.mongodb.MongoSocketReadTimeoutException: Timeout while receiving message
	at com.mongodb.internal.connection.InternalStreamConnection.translateReadException(InternalStreamConnection.java:705)
	at com.mongodb.internal.connection.InternalStreamConnection.receiveMessageWithAdditionalTimeout(InternalStreamConnection.java:583)
	at com.mongodb.internal.connection.InternalStreamConnection.receiveCommandMessageResponse(InternalStreamConnection.java:428)
	at com.mongodb.internal.connection.InternalStreamConnection.receive(InternalStreamConnection.java:381)
	at com.mongodb.internal.connection.DefaultServerMonitor$ServerMonitorRunnable.lookupServerDescription(DefaultServerMonitor.java:221)
	at com.mongodb.internal.connection.DefaultServerMonitor$ServerMonitorRunnable.run(DefaultServerMonitor.java:153)
	at java.base/java.lang.Thread.run(Thread.java:840)
Caused by: java.net.SocketTimeoutException: Read timed out
	at java.base/sun.nio.ch.NioSocketImpl.timedRead(NioSocketImpl.java:288)
	at java.base/sun.nio.ch.NioSocketImpl.implRead(NioSocketImpl.java:314)
	at java.base/sun.nio.ch.NioSocketImpl.read(NioSocketImpl.java:355)
	at java.base/sun.nio.ch.NioSocketImpl$1.read(NioSocketImpl.java:808)
	at java.base/java.net.Socket$SocketInputStream.read(Socket.java:966)
	at java.base/sun.security.ssl.SSLSocketInputRecord.read(SSLSocketInputRecord.java:484)
	at java.base/sun.security.ssl.SSLSocketInputRecord.readHeader(SSLSocketInputRecord.java:478)
	at java.base/sun.security.ssl.SSLSocketInputRecord.bytesInCompletePacket(SSLSocketInputRecord.java:70)
	at java.base/sun.security.ssl.SSLSocketImpl.readApplicationRecord(SSLSocketImpl.java:1465)
	at java.base/sun.security.ssl.SSLSocketImpl$AppInputStream.read(SSLSocketImpl.java:1069)
	at com.mongodb.internal.connection.SocketStream.read(SocketStream.java:176)
	at com.mongodb.internal.connection.SocketStream.read(SocketStream.java:196)
	at com.mongodb.internal.connection.InternalStreamConnection.receiveResponseBuffers(InternalStreamConnection.java:716)
	at com.mongodb.internal.connection.InternalStreamConnection.receiveMessageWithAdditionalTimeout(InternalStreamConnection.java:580)
	... 5 common frames omitted
23:42:27.215 [cluster-ClusterId{value='6975dfbd081b9f665cd0c7f8', description='Cluster0'}-ac-l6uagqo-shard-00-00.ofgdpxv.mongodb.net:27017] INFO  org.mongodb.driver.cluster - Exception in monitor thread while connecting to server ac-l6uagqo-shard-00-00.ofgdpxv.mongodb.net:27017
com.mongodb.MongoSocketReadTimeoutException: Timeout while receiving message
	at com.mongodb.internal.connection.InternalStreamConnection.translateReadException(InternalStreamConnection.java:705)
	at com.mongodb.internal.connection.InternalStreamConnection.receiveMessageWithAdditionalTimeout(InternalStreamConnection.java:583)
	at com.mongodb.internal.connection.InternalStreamConnection.receiveCommandMessageResponse(InternalStreamConnection.java:428)
	at com.mongodb.internal.connection.InternalStreamConnection.receive(InternalStreamConnection.java:381)
	at com.mongodb.internal.connection.DefaultServerMonitor$ServerMonitorRunnable.lookupServerDescription(DefaultServerMonitor.java:221)
	at com.mongodb.internal.connection.DefaultServerMonitor$ServerMonitorRunnable.run(DefaultServerMonitor.java:153)
	at java.base/java.lang.Thread.run(Thread.java:840)
Caused by: java.net.SocketTimeoutException: Read timed out
	at java.base/sun.nio.ch.NioSocketImpl.timedRead(NioSocketImpl.java:288)
	at java.base/sun.nio.ch.NioSocketImpl.implRead(NioSocketImpl.java:314)
	at java.base/sun.nio.ch.NioSocketImpl.read(NioSocketImpl.java:355)
	at java.base/sun.nio.ch.NioSocketImpl$1.read(NioSocketImpl.java:808)
	at java.base/java.net.Socket$SocketInputStream.read(Socket.java:966)
	at java.base/sun.security.ssl.SSLSocketInputRecord.read(SSLSocketInputRecord.java:484)
	at java.base/sun.security.ssl.SSLSocketInputRecord.readHeader(SSLSocketInputRecord.java:478)
	at java.base/sun.security.ssl.SSLSocketInputRecord.bytesInCompletePacket(SSLSocketInputRecord.java:70)
	at java.base/sun.security.ssl.SSLSocketImpl.readApplicationRecord(SSLSocketImpl.java:1465)
	at java.base/sun.security.ssl.SSLSocketImpl$AppInputStream.read(SSLSocketImpl.java:1069)
	at com.mongodb.internal.connection.SocketStream.read(SocketStream.java:176)
	at com.mongodb.internal.connection.SocketStream.read(SocketStream.java:196)
	at com.mongodb.internal.connection.InternalStreamConnection.receiveResponseBuffers(InternalStreamConnection.java:716)
	at com.mongodb.internal.connection.InternalStreamConnection.receiveMessageWithAdditionalTimeout(InternalStreamConnection.java:580)
	... 5 common frames omitted
23:42:27.245 [cluster-ClusterId{value='6975dfbd081b9f665cd0c7f8', description='Cluster0'}-ac-l6uagqo-shard-00-01.ofgdpxv.mongodb.net:27017] INFO  org.mongodb.driver.cluster - Monitor thread successfully connected to server with description ServerDescription{address=ac-l6uagqo-shard-00-01.ofgdpxv.mongodb.net:27017, type=REPLICA_SET_PRIMARY, state=CONNECTED, ok=true, minWireVersion=0, maxWireVersion=25, maxDocumentSize=16777216, logicalSessionTimeoutMinutes=30, roundTripTimeNanos=157016600, setName='atlas-nbt1cq-shard-0', canonicalAddress=ac-l6uagqo-shard-00-01.ofgdpxv.mongodb.net:27017, hosts=[ac-l6uagqo-shard-00-02.ofgdpxv.mongodb.net:27017, ac-l6uagqo-shard-00-01.ofgdpxv.mongodb.net:27017, ac-l6uagqo-shard-00-00.ofgdpxv.mongodb.net:27017], passives=[], arbiters=[], primary='ac-l6uagqo-shard-00-01.ofgdpxv.mongodb.net:27017', tagSet=TagSet{[Tag{name='availabilityZone', value='aps1-az3'}, Tag{name='diskState', value='READY'}, Tag{name='nodeType', value='ELECTABLE'}, Tag{name='provider', value='AWS'}, Tag{name='region', value='AP_SOUTH_1'}, Tag{name='workloadType', value='OPERATIONAL'}]}, electionId=7fffffff0000000000000044, setVersion=25, topologyVersion=TopologyVersion{processId=697249b6ae5dd124968fcbef, counter=6}, lastWriteDate=Sun Jan 25 23:42:26 IST 2026, lastUpdateTimeNanos=963337976304700}
23:42:27.245 [cluster-ClusterId{value='6975dfbd081b9f665cd0c7f8', description='Cluster0'}-ac-l6uagqo-shard-00-01.ofgdpxv.mongodb.net:27017] INFO  org.mongodb.driver.cluster - Discovered replica set primary ac-l6uagqo-shard-00-01.ofgdpxv.mongodb.net:27017 with max election id 7fffffff0000000000000044 and max set version 25
23:42:27.400 [cluster-ClusterId{value='6975dfbd081b9f665cd0c7f8', description='Cluster0'}-ac-l6uagqo-shard-00-00.ofgdpxv.mongodb.net:27017] INFO  org.mongodb.driver.cluster - Monitor thread successfully connected to server with description ServerDescription{address=ac-l6uagqo-shard-00-00.ofgdpxv.mongodb.net:27017, type=REPLICA_SET_SECONDARY, state=CONNECTED, ok=true, minWireVersion=0, maxWireVersion=25, maxDocumentSize=16777216, logicalSessionTimeoutMinutes=30, roundTripTimeNanos=119257800, setName='atlas-nbt1cq-shard-0', canonicalAddress=ac-l6uagqo-shard-00-00.ofgdpxv.mongodb.net:27017, hosts=[ac-l6uagqo-shard-00-02.ofgdpxv.mongodb.net:27017, ac-l6uagqo-shard-00-01.ofgdpxv.mongodb.net:27017, ac-l6uagqo-shard-00-00.ofgdpxv.mongodb.net:27017], passives=[], arbiters=[], primary='ac-l6uagqo-shard-00-01.ofgdpxv.mongodb.net:27017', tagSet=TagSet{[Tag{name='availabilityZone', value='aps1-az1'}, Tag{name='diskState', value='READY'}, Tag{name='nodeType', value='ELECTABLE'}, Tag{name='provider', value='AWS'}, Tag{name='region', value='AP_SOUTH_1'}, Tag{name='workloadType', value='OPERATIONAL'}]}, electionId=null, setVersion=25, topologyVersion=TopologyVersion{processId=69724970171d573d39dfaf2c, counter=4}, lastWriteDate=Sun Jan 25 23:42:26 IST 2026, lastUpdateTimeNanos=963338132028500}
23:42:27.725 [cluster-ClusterId{value='6975dfbd081b9f665cd0c7f8', description='Cluster0'}-ac-l6uagqo-shard-00-02.ofgdpxv.mongodb.net:27017] INFO  org.mongodb.driver.cluster - Exception in monitor thread while connecting to server ac-l6uagqo-shard-00-02.ofgdpxv.mongodb.net:27017
com.mongodb.MongoSocketReadException: Exception receiving message
	at com.mongodb.internal.connection.InternalStreamConnection.translateReadException(InternalStreamConnection.java:707)
	at com.mongodb.internal.connection.InternalStreamConnection.receiveMessageWithAdditionalTimeout(InternalStreamConnection.java:583)
	at com.mongodb.internal.connection.InternalStreamConnection.receiveCommandMessageResponse(InternalStreamConnection.java:428)
	at com.mongodb.internal.connection.InternalStreamConnection.receive(InternalStreamConnection.java:381)
	at com.mongodb.internal.connection.DefaultServerMonitor$ServerMonitorRunnable.lookupServerDescription(DefaultServerMonitor.java:221)
	at com.mongodb.internal.connection.DefaultServerMonitor$ServerMonitorRunnable.run(DefaultServerMonitor.java:153)
	at java.base/java.lang.Thread.run(Thread.java:840)
Caused by: java.net.SocketException: Connection reset
	at java.base/sun.nio.ch.NioSocketImpl.implRead(NioSocketImpl.java:328)
	at java.base/sun.nio.ch.NioSocketImpl.read(NioSocketImpl.java:355)
	at java.base/sun.nio.ch.NioSocketImpl$1.read(NioSocketImpl.java:808)
	at java.base/java.net.Socket$SocketInputStream.read(Socket.java:966)
	at java.base/sun.security.ssl.SSLSocketInputRecord.read(SSLSocketInputRecord.java:484)
	at java.base/sun.security.ssl.SSLSocketInputRecord.readHeader(SSLSocketInputRecord.java:478)
	at java.base/sun.security.ssl.SSLSocketInputRecord.bytesInCompletePacket(SSLSocketInputRecord.java:70)
	at java.base/sun.security.ssl.SSLSocketImpl.readApplicationRecord(SSLSocketImpl.java:1465)
	at java.base/sun.security.ssl.SSLSocketImpl$AppInputStream.read(SSLSocketImpl.java:1069)
	at com.mongodb.internal.connection.SocketStream.read(SocketStream.java:176)
	at com.mongodb.internal.connection.SocketStream.read(SocketStream.java:196)
	at com.mongodb.internal.connection.InternalStreamConnection.receiveResponseBuffers(InternalStreamConnection.java:716)
	at com.mongodb.internal.connection.InternalStreamConnection.receiveMessageWithAdditionalTimeout(InternalStreamConnection.java:580)
	... 5 common frames omitted
23:42:27.897 [cluster-ClusterId{value='6975dfbd081b9f665cd0c7f8', description='Cluster0'}-ac-l6uagqo-shard-00-02.ofgdpxv.mongodb.net:27017] INFO  org.mongodb.driver.cluster - Monitor thread successfully connected to server with description ServerDescription{address=ac-l6uagqo-shard-00-02.ofgdpxv.mongodb.net:27017, type=REPLICA_SET_SECONDARY, state=CONNECTED, ok=true, minWireVersion=0, maxWireVersion=25, maxDocumentSize=16777216, logicalSessionTimeoutMinutes=30, roundTripTimeNanos=109550000, setName='atlas-nbt1cq-shard-0', canonicalAddress=ac-l6uagqo-shard-00-02.ofgdpxv.mongodb.net:27017, hosts=[ac-l6uagqo-shard-00-02.ofgdpxv.mongodb.net:27017, ac-l6uagqo-shard-00-01.ofgdpxv.mongodb.net:27017, ac-l6uagqo-shard-00-00.ofgdpxv.mongodb.net:27017], passives=[], arbiters=[], primary='ac-l6uagqo-shard-00-01.ofgdpxv.mongodb.net:27017', tagSet=TagSet{[Tag{name='availabilityZone', value='aps1-az2'}, Tag{name='diskState', value='READY'}, Tag{name='nodeType', value='ELECTABLE'}, Tag{name='provider', value='AWS'}, Tag{name='region', value='AP_SOUTH_1'}, Tag{name='workloadType', value='OPERATIONAL'}]}, electionId=null, setVersion=25, topologyVersion=TopologyVersion{processId=697249fc870135aae8859e2b, counter=3}, lastWriteDate=Sun Jan 25 23:42:26 IST 2026, lastUpdateTimeNanos=963338630408700}
